bst_ratio,speed_diff,type_advantage_diff,meta_score_diff,winner
0.8518664047151278,12.833333333333336,1,0,1
1.0,-4.666666666666671,1,0,1
1.0599630996309963,5.833333333333336,5,0,1
0.7818044545111362,-15.5,-3,0,1
0.8621880998080614,-1.8333333333333357,-3,0,1
0.6691399662731872,-31.333333333333336,-4,0,0
1.1194237918215613,2.3333333333333357,6,0,0
0.7963674467341949,-3.8333333333333286,-2,0,0
1.023170731707317,3.666666666666657,-1,0,1
1.5784871010056842,52.833333333333336,0,0,1
0.8335150854234824,-38.666666666666664,-1,0,0
1.2448202959830867,17.333333333333336,-5,0,1
1.0559495665878644,-5.166666666666671,7,0,0
0.7756045519203414,-28.666666666666657,-3,0,0
0.998438110113237,-10.0,0,0,0
1.319053993752789,33.66666666666667,-3,0,1
1.1089430894308943,28.83333333333333,8,0,1
1.095608417200366,-7.999999999999993,-3,0,1
0.9542785234899329,8.833333333333329,3,0,1
1.0189003436426116,8.0,0,0,1
1.0656352555086732,-6.166666666666664,7,0,1
0.9068027210884354,-11.666666666666657,-2,0,1
1.255813953488372,15.166666666666671,-2,0,0
0.9991247264770241,-3.5,6,0,0
0.8501002004008016,-23.000000000000007,-6,0,0
0.9123148869836322,-1.5,1,0,1
0.9977081741787625,-20.83333333333333,10,0,1
0.9017363851617995,-1.3333333333333286,1,0,1
0.8822695035460993,-7.833333333333329,3,0,0
1.0238095238095237,16.833333333333336,3,0,1
0.9049128367670365,-3.6666666666666714,-6,0,0
1.0611775528978842,9.833333333333336,3,0,0
0.7427315753887762,-43.666666666666664,0,0,1
0.856078431372549,-15.166666666666664,-1,0,1
0.9398130841121496,-14.333333333333336,3,0,1
1.0824129141886152,15.500000000000007,-3,0,0
1.051121076233184,1.5,-3,0,1
0.9109746738296239,19.166666666666664,-3,0,1
1.16104513064133,23.83333333333333,2,0,1
0.9534035656401945,-5.333333333333329,-4,0,0
0.9907446360959192,14.666666666666664,-3,0,0
1.0784671532846715,-1.1666666666666572,-2,0,0
1.1245928338762214,10.333333333333329,1,0,1
1.2147774208352455,29.66666666666667,2,0,1
1.1648216482164822,25.33333333333333,-3,0,1
1.2992988606485538,-12.0,-1,0,1
0.7126559714795009,-21.666666666666664,-1,0,0
0.7499129223267155,-17.833333333333343,2,0,0
1.093304061470911,9.0,0,0,0
1.2179217501051747,21.000000000000007,-3,0,1
1.3466666666666667,16.33333333333333,3,0,1
0.9147005444646098,-3.0,-9,0,0
0.8548123980424144,2.5,-3,0,0
1.0519071962249311,-11.833333333333329,-10,0,0
1.0769230769230769,9.0,0,0,0
0.9484920365977635,-2.8333333333333286,2,0,0
1.1160052333187964,-8.0,-5,0,1
0.7735274204468517,-17.999999999999993,4,0,0
0.7834941050375134,-17.999999999999993,5,0,1
0.9934134056567222,15.333333333333336,3,0,1
1.0168539325842696,-11.5,-7,0,1
1.1541940789473684,-4.166666666666671,1,0,1
0.6341793570219966,-25.66666666666667,-2,0,0
0.9536574284416175,10.166666666666671,-3,0,0
1.116047491382612,13.166666666666671,4,0,0
1.119910514541387,-2.5,-1,0,0
0.8682806729585556,-9.499999999999993,-1,0,0
1.0717488789237668,3.0,-7,0,0
1.6365513680949924,37.333333333333336,-2,0,1
1.205128205128205,-14.833333333333336,6,0,1
0.8646142433234422,-25.33333333333333,-4,0,0
0.9545755968169761,4.166666666666671,-4,0,1
1.004823151125402,15.666666666666671,2,0,1
1.1488372093023256,18.000000000000007,6,0,1
1.4992860542598763,25.500000000000007,0,0,1
0.8339363241678727,-14.000000000000007,5,0,0
1.1526548672566372,-9.666666666666664,1,0,0
1.3811659192825112,-5.000000000000007,1,0,1
0.9639984680199157,-28.499999999999993,-1,0,0
0.7161572052401747,-1.6666666666666714,-2,0,1
1.132864238410596,24.16666666666667,7,0,1
1.0,-2.5,1,0,1
1.0679684566278633,14.166666666666671,-2,0,0
0.9678878335594754,-1.8333333333333357,-3,0,0
1.109350237717908,9.666666666666671,8,0,1
1.1645925331192293,8.833333333333329,-1,0,1
0.8898370830100854,-23.500000000000007,7,0,0
1.099264705882353,19.5,-2,0,1
1.058026260059297,1.0,2,0,0
0.9174664107485605,8.5,-3,0,0
0.9857199523998413,-8.333333333333329,5,0,1
1.1345146999597262,45.833333333333336,1,0,1
1.1369972122660295,7.166666666666671,0,0,1
0.923725565350709,19.999999999999993,-2,0,0
0.9481743227326266,5.833333333333329,0,0,1
1.0208251473477408,14.333333333333329,2,0,1
1.404809619238477,4.666666666666671,0,0,1
0.916796875,-4.333333333333343,4,0,1
1.1486224291812184,-13.833333333333336,0,0,1
1.002313030069391,-4.166666666666664,5,0,1
0.9275256222547584,6.0,3,0,0
1.0614686468646866,2.6666666666666643,0,0,1
1.1312816517335411,14.166666666666664,-1,0,0
0.9770609318996416,-4.0,9,0,1
1.0622167284713637,-1.0,-3,0,0
0.82414068745004,22.500000000000007,11,0,1
1.6605367793240557,32.166666666666664,-2,0,1
0.8747135217723453,9.166666666666664,4,0,0
1.186375321336761,28.333333333333336,2,0,1
1.1921634014172573,21.666666666666657,-3,0,1
1.1202586206896552,1.5,-1,0,1
0.890895410082769,-16.166666666666664,1,0,0
1.0092854259184498,-11.5,2,0,1
1.052919708029197,-0.3333333333333286,-3,0,1
0.9637389202256245,25.999999999999993,4,0,0
1.1320836965998256,2.6666666666666714,11,0,1
1.2270663033605813,29.33333333333333,9,0,0
0.9272610234953331,-11.333333333333329,4,0,0
0.8669137466307277,-24.66666666666667,-3,0,0
0.9277757815307223,5.999999999999993,-5,0,0
1.0726628267611875,16.333333333333336,1,0,1
0.8657961552412042,-4.666666666666657,1,0,0
0.943487250172295,4.833333333333329,0,0,1
1.062475442043222,-0.3333333333333286,-3,0,1
1.1801566579634464,12.166666666666671,-13,0,0
0.9516186410530061,7.0,-1,0,1
0.9091981132075472,6.666666666666664,-3,0,0
1.17092866756393,26.5,0,0,1
0.9639175257731959,-6.333333333333329,1,0,1
1.1786709112614404,29.33333333333333,-4,0,0
0.7878692646134506,-5.5,-1,0,0
0.8712871287128713,11.666666666666664,-3,0,0
1.090991398822997,2.5,0,0,1
1.246301131418625,25.5,-2,0,0
0.8370156900416267,-25.666666666666657,0,0,0
1.2033898305084745,4.833333333333329,-3,0,0
1.1485451761102603,18.66666666666667,1,0,1
1.3067833698030635,28.83333333333333,0,0,1
0.9490687951349297,8.333333333333336,-2,0,0
0.9953621120228326,-3.5,-4,0,0
1.241320914479255,18.83333333333333,-1,0,1
1.1234091785576552,4.166666666666657,-2,0,0
1.0199833472106579,-17.66666666666667,8,0,1
1.1136546184738956,-13.833333333333329,4,0,0
0.7145310889728615,-3.5,-6,0,0
1.1051364365971108,3.3333333333333286,1,0,1
0.9271826153259627,-0.1666666666666643,6,0,1
0.9629101283880172,-24.999999999999993,-2,0,0
0.9785814606741573,-2.8333333333333286,-2,0,1
1.2890431333663857,-8.166666666666664,-7,0,1
1.0130718954248366,0.3333333333333357,1,0,1
0.9039121482498285,0.3333333333333357,-6,0,1
1.1244334569427277,2.0,0,0,1
1.079642248722317,-3.3333333333333286,-2,0,1
0.8057657657657658,-11.5,3,0,1
0.9217419777341191,-29.0,-1,0,1
0.9657458563535911,8.333333333333329,6,0,1
0.7907704341024638,3.0,-4,0,0
1.0738434163701067,1.3333333333333357,1,0,0
0.9896432681242808,-20.16666666666667,-5,0,1
1.0299355816597195,-4.5,-4,0,1
0.8574821852731591,-12.833333333333329,6,0,1
1.117016317016317,-16.5,5,0,0
0.9412667946257197,-5.666666666666671,10,0,1
1.2878006872852235,24.333333333333336,-5,0,0
0.83569209527097,-20.16666666666667,-3,0,1
1.035181236673774,-2.6666666666666714,0,0,1
1.1237226277372263,28.666666666666664,-5,0,1
1.183947939262473,26.0,-3,0,0
0.9024072869225764,37.5,0,0,0
0.9556057185854026,23.666666666666664,-6,0,0
0.8761871262750616,-23.166666666666664,-9,0,0
1.1406117247238743,6.666666666666657,-1,0,0
1.2085778781038374,30.16666666666667,-5,0,0
1.0115236875800255,-13.833333333333336,-2,0,0
0.899660505469634,-26.5,2,0,1
1.1580976863753214,42.49999999999999,-1,0,1
1.0167483660130718,24.83333333333333,2,0,1
1.0632612966601178,16.66666666666667,-8,0,1
0.7523052464228935,0.9999999999999929,-6,0,0
1.0495391705069124,-2.5,-1,0,1
0.8926923076923077,18.999999999999993,1,0,0
1.0496083550913837,-12.333333333333329,-6,0,0
0.8816696914700545,15.500000000000007,1,0,1
1.2470698546647914,2.3333333333333357,0,0,1
0.9254709254709255,8.833333333333343,3,0,1
1.0848743480322427,-2.0,4,0,1
1.0531869987336429,12.499999999999993,-5,0,0
1.0061349693251533,16.83333333333333,3,0,1
1.0088248954946586,-17.33333333333333,1,0,0
1.118725447402881,3.6666666666666643,1,0,0
0.8606649234217407,-7.166666666666671,-3,0,1
1.051948051948052,2.1666666666666643,-1,0,0
0.9027131782945736,18.500000000000007,1,0,0
0.9842258198422582,2.8333333333333357,-1,0,1
1.065121412803532,24.999999999999993,-1,0,0
1.1681233933161954,5.333333333333329,0,0,1
0.8418483566547348,23.833333333333336,6,0,1
0.9539890249050232,-17.66666666666667,1,0,0
1.035216718266254,-4.5,2,0,1
0.8153953326367119,-26.16666666666667,8,0,0
0.9789667896678966,-13.833333333333329,0,0,0
1.0353185595567866,-12.5,4,0,0
0.9065084501977706,-17.333333333333336,1,0,0
1.4127634660421546,21.833333333333336,7,0,1
1.149853085210578,-4.0,-4,0,0
0.9405864197530864,-24.83333333333333,2,0,0
0.9437026344280043,-23.499999999999993,1,0,0
0.9346733668341709,-23.5,3,0,1
0.8843950117964273,-12.333333333333336,3,0,0
0.9880262649671688,10.0,5,0,0
1.1944319712617872,4.666666666666657,2,0,1
0.8983297022512708,7.166666666666664,0,0,0
0.8888062476757159,5.666666666666657,-2,0,0
0.8671477079796265,-17.16666666666667,-3,0,0
1.0860838537020518,-10.833333333333336,9,0,0
0.8301435406698564,-7.333333333333336,0,0,0
0.9848615916955017,-14.333333333333336,-10,0,0
0.9067489114658926,3.1666666666666714,1,0,1
0.8177852348993289,-8.166666666666664,-6,0,0
1.058388157894737,-7.500000000000007,0,0,0
1.185111464968153,20.000000000000007,-6,0,0
0.942285929837797,-3.6666666666666643,5,0,1
0.9370161857846587,-9.833333333333336,1,0,0
0.8798764001544999,0.0,-3,0,0
0.9618867924528302,-2.1666666666666714,0,0,0
1.1359610274579273,15.000000000000007,1,0,1
1.2476404494382023,1.5,7,0,0
1.304570895522388,-8.333333333333329,2,0,1
0.9670482136663198,-8.833333333333329,1,0,0
0.9931941923774955,-0.1666666666666714,-6,0,1
1.0451485148514852,14.166666666666664,2,0,0
0.8496527777777778,-6.166666666666671,3,0,1
0.7066950053134963,-21.16666666666667,15,0,0
1.194775435380385,-5.833333333333329,3,0,1
1.165685830692621,-16.000000000000007,7,0,1
1.0077202543142598,1.6666666666666643,0,0,1
0.9265394310406914,3.1666666666666714,-3,0,1
0.9205298013245033,-5.0,-2,0,1
0.872852233676976,25.16666666666667,4,0,1
1.0714555765595464,23.83333333333333,1,0,0
0.8847396768402155,3.1666666666666714,3,0,0
0.9987975951903808,17.83333333333333,0,0,0
0.7039187227866474,-20.0,0,0,1
1.248716486023959,2.8333333333333286,-2,0,1
0.8342724560822009,-15.0,-8,0,0
0.9851466765688823,-9.5,-3,0,1
1.1025293586269196,12.5,2,0,1
1.064313725490196,11.500000000000007,1,0,1
1.0887531440891125,6.333333333333343,-8,0,1
1.0154333201424615,5.0,6,0,1
1.1666666666666667,25.000000000000007,3,0,1
0.8738384560400286,13.166666666666664,-3,0,0
0.881578947368421,-10.166666666666671,0,0,0
0.8367136473014781,-17.500000000000007,3,0,0
0.8129239557300963,-31.83333333333333,0,0,0
1.1418280054029717,9.833333333333336,-2,0,0
1.0165029469548135,-0.3333333333333286,-3,0,0
1.2687122268712228,-12.0,0,0,1
0.9380349195480999,4.666666666666671,1,0,1
0.7941595441595442,-4.166666666666671,4,0,0
0.9618406285072951,-15.833333333333336,-1,0,0
0.8402120408936009,0.0,3,0,0
0.8342728297632469,-2.833333333333343,0,0,1
1.0239495798319327,-1.5,11,0,0
1.0877535101404057,-21.500000000000007,-4,0,0
0.961439588688946,-18.666666666666664,-10,0,0
1.228583916083916,9.166666666666671,-6,0,1
1.1435917721518987,12.5,-2,0,1
1.0377627360171,0.1666666666666714,4,0,1
0.6087919038583175,-51.833333333333336,-3,0,0
1.2219570405727924,9.666666666666664,6,0,1
0.8903248340901153,-12.833333333333329,-2,0,0
0.8250762195121951,-11.166666666666664,4,0,0
1.0166666666666666,30.166666666666664,-9,0,0
0.9673668417104276,-11.166666666666671,-1,0,0
0.8018587360594795,-5.0,-4,0,1
0.9464148033924441,-0.6666666666666714,3,0,1
1.0579763663220088,31.166666666666664,-3,0,1
1.1979381443298969,35.5,-6,0,1
0.9247434435575826,-30.333333333333336,-4,0,0
1.2223678462210572,-23.000000000000007,-3,0,0
0.884787018255578,11.500000000000007,1,0,0
0.8965253913707522,0.6666666666666643,5,0,0
1.040282392026578,10.5,-2,0,1
1.0619707467282524,-7.166666666666671,-6,0,0
1.3909952606635072,49.99999999999999,5,0,1
1.1251480457954994,-17.666666666666664,2,0,1
0.9886960032297134,9.333333333333336,5,0,1
1.293812202509736,2.333333333333343,-5,0,1
1.0030853616729516,-4.666666666666657,-5,0,1
0.9746300211416491,7.5,1,0,0
1.0053782717820008,-9.666666666666664,8,0,1
0.6133956386292835,-74.5,1,0,0
1.3026521060842433,25.83333333333333,1,0,1
0.8804878048780488,3.333333333333343,4,0,0
1.0969597370583402,14.333333333333336,-12,0,0
0.8799368088467614,-12.0,-3,0,1
0.7537112010796221,2.6666666666666643,2,0,0
1.1039208222306813,14.666666666666671,1,0,1
1.1218092252575012,-4.0,-2,0,0
0.8141070187630299,-1.3333333333333357,0,0,0
0.9330310429019881,-3.5,-2,0,1
1.0694638694638694,15.5,-1,0,1
0.664133188563156,-2.6666666666666714,1,0,1
0.629881154499151,-22.833333333333336,-6,0,0
0.96652558676414,-14.666666666666671,0,0,1
0.9496051147047763,-11.666666666666664,1,0,1
0.7067783701447068,-2.8333333333333286,-2,0,0
1.224770642201835,6.666666666666671,-3,0,1
1.056390977443609,15.833333333333329,6,0,1
1.0210526315789474,-6.833333333333336,12,0,1
0.8076794657762938,-19.5,3,0,0
0.8343539497856706,-15.166666666666664,3,0,0
0.9843920145190562,-6.0,4,0,0
0.9174484052532833,6.0,3,0,0
0.9272097053726169,25.16666666666667,6,0,0
0.912365777623831,-9.666666666666671,-2,0,0
1.0820603907637656,-17.33333333333333,3,0,1
1.0564482900700454,20.000000000000007,1,0,1
1.3447046843177188,20.500000000000007,1,0,0
1.0114068441064639,8.666666666666671,-2,0,0
0.9485507246376812,-0.6666666666666643,-4,0,0
0.8518041237113402,-17.16666666666667,-7,0,0
0.9796334012219959,7.833333333333329,1,0,1
0.8875983514424878,-6.666666666666671,-6,0,1
0.9388071262587142,8.5,5,0,0
0.9523076923076923,-1.8333333333333428,3,0,1
1.2427022518765638,-0.8333333333333428,-7,0,0
0.9908256880733946,-10.5,-5,0,0
1.1317053642914332,4.499999999999993,-7,0,0
0.8608266970041714,14.333333333333336,0,0,0
1.0763245646535753,9.166666666666664,1,0,0
1.3076923076923077,11.166666666666664,3,0,1
0.7538906985161057,-22.999999999999993,2,0,0
0.9055325555137373,12.5,5,0,0
1.0729166666666667,-7.333333333333329,-1,0,0
1.6538882803943045,27.833333333333336,4,0,1
1.1252379139703084,7.0,4,0,1
1.1151146467009827,15.666666666666664,-5,0,0
1.0041608876560333,-1.5,0,0,1
1.0512139605462822,-5.333333333333336,-1,0,1
1.1364132411786103,-5.333333333333329,-7,0,1
0.903954802259887,-22.33333333333333,1,0,1
0.8227045075125209,-15.5,1,0,1
1.0862966175195143,-1.3333333333333357,2,0,1
1.0076267384477344,5.0,0,0,0
0.8384728340675477,-14.0,3,0,1
0.9942528735632183,8.499999999999993,1,0,0
1.0,-6.166666666666671,0,0,1
0.9605947955390335,-33.166666666666664,-1,0,0
1.0288239815526519,3.666666666666657,1,0,1
1.0285941223193011,-6.166666666666671,-8,0,1
0.9947722180731889,14.333333333333336,5,0,0
0.9722780233025311,-14.166666666666671,-2,0,1
1.2999518536350505,3.1666666666666643,-2,0,0
1.6165297741273101,10.833333333333336,3,0,1
1.045360824742268,1.0,2,0,0
1.051125703564728,-12.0,-5,0,0
1.1702838063439065,24.166666666666657,-2,0,1
0.9842395587076438,0.5,-2,0,0
1.0108742931709438,-7.166666666666664,-3,0,1
1.0129870129870129,7.333333333333329,-1,0,1
0.9242122058236937,-18.499999999999993,-2,0,1
0.9685010861694424,-11.5,-1,0,1
0.8783645655877342,-22.666666666666664,1,0,0
1.288487584650113,43.5,1,0,1
1.089241622574956,19.333333333333343,-3,0,0
0.7508661417322835,-29.5,1,0,0
1.1651785714285714,26.833333333333336,2,0,0
1.1096721974908943,-1.1666666666666714,-3,0,1
1.009701760689903,-22.33333333333333,-1,0,1
1.0487695749440715,-2.0,-1,0,1
1.2276553106212424,17.166666666666664,8,0,1
0.8966202783300199,-15.166666666666671,0,0,0
0.8560912771439088,-13.166666666666671,-1,0,0
0.741304347826087,-32.99999999999999,-2,0,0
1.0738007380073802,-33.5,8,0,1
1.041014168530947,1.5,0,0,0
0.7667215815485997,1.8333333333333357,2,0,0
1.1072607260726073,-2.8333333333333286,2,0,1
0.9462323390894819,15.499999999999993,7,0,1
0.9895707982350581,18.499999999999993,-1,0,0
0.8407900040306329,-7.833333333333336,1,0,1
1.0897490429604424,-9.666666666666664,8,0,0
1.1202334630350195,21.83333333333333,3,0,1
0.879632777966678,21.5,-8,0,1
0.9553303303303303,-20.166666666666664,5,0,1
1.1136103698055662,7.833333333333343,0,0,0
0.7021897810218978,-13.333333333333336,5,0,0
0.925414364640884,0.1666666666666714,-1,0,0
0.9701612903225807,21.5,5,0,1
0.7965597088984453,-5.333333333333343,0,0,1
1.3070469798657718,10.0,0,0,1
0.7336917562724015,-10.5,-3,0,0
1.044543429844098,10.5,5,0,1
0.8538663171690695,-15.833333333333329,-2,0,1
0.8567802755620014,-6.999999999999993,7,0,1
1.0805707091900965,3.0,2,0,0
1.0348078317621465,0.0,0,0,0
0.8838938053097345,10.0,3,0,1
0.97310686482661,-8.666666666666671,0,0,0
0.9927272727272727,22.166666666666664,10,0,1
0.9671862182116489,-26.333333333333336,-1,0,0
0.9967845659163987,1.5,3,0,1
0.9897531439217513,-10.666666666666671,-4,0,0
0.8315434182264498,10.333333333333329,4,0,1
1.1495833333333334,-8.833333333333329,-5,0,1
0.9497645211930926,0.0,9,0,0
1.027657735522904,10.333333333333329,-15,0,0
1.0017857142857143,-23.166666666666664,0,0,0
0.8396808124773304,-1.5,-2,0,0
1.0774161735700196,19.333333333333336,1,0,1
1.365359189070075,42.99999999999999,0,0,1
0.9378296910324039,-23.33333333333333,-3,0,1
0.8936718175128772,9.5,-1,0,1
1.1445190156599552,0.3333333333333286,-3,0,1
0.9023817510902382,0.1666666666666714,0,0,1
0.772972972972973,-17.166666666666657,-6,0,1
0.8631535947712419,9.666666666666664,7,0,1
1.238973897389739,-1.3333333333333286,3,0,1
0.9238949817215022,-12.5,-2,0,0
0.8808651026392962,-0.1666666666666572,0,0,0
0.9736638264910922,5.666666666666664,-4,0,0
0.9749074454956808,-7.833333333333336,-2,0,0
0.9219047619047619,-11.999999999999993,1,0,0
1.09674582233949,-22.0,1,0,1
0.9689667761956918,-28.333333333333336,-3,0,0
1.3628434365460096,9.666666666666671,1,0,0
1.1145662847790507,-25.999999999999993,2,0,0
1.0101010101010102,-11.999999999999993,3,0,1
1.0105800802626779,12.0,0,0,0
1.3707426018983808,16.66666666666667,-1,0,0
1.0397204854726003,-1.0,2,0,1
0.9360146252285192,-35.99999999999999,-1,0,1
1.169280442804428,9.5,5,0,1
1.2308908803373748,9.000000000000007,-3,0,0
1.0188323917137476,0.5,2,0,1
0.9329178885630498,-21.333333333333336,0,0,0
0.9677287581699346,4.166666666666664,4,0,0
0.8358156028368794,-18.166666666666664,3,0,0
1.2380434782608696,19.83333333333333,8,0,1
1.0479245283018868,-12.333333333333329,1,0,1
0.8572984749455338,8.833333333333329,-7,0,0
0.6695054045201441,-24.166666666666664,-4,0,1
0.8516909711448961,-16.5,1,0,0
1.1093814010651373,-19.666666666666664,-4,0,1
1.0157393850658858,-15.0,2,0,0
0.9980229339659945,6.000000000000007,3,0,1
1.0479479886225112,12.333333333333329,6,0,0
0.7622305850153951,1.1666666666666714,5,0,0
1.0027833001988071,1.8333333333333357,2,0,1
1.118752865657955,-2.5,8,0,1
0.9161828737300436,-27.0,3,0,0
1.0042307692307693,12.5,3,0,0
1.0651041666666667,-0.5,6,0,0
1.032798833819242,13.666666666666671,0,0,1
1.1328191945158526,21.83333333333333,-4,0,1
0.7635347537548026,-1.0,2,0,0
1.1704834605597965,15.666666666666671,-2,0,1
0.8425995492111195,-10.0,-7,0,0
1.0599838969404187,-3.166666666666657,3,0,1
1.1123748862602365,24.333333333333336,0,0,1
1.2759725400457667,54.66666666666667,3,0,1
0.888301182327318,-2.8333333333333286,7,0,0
0.8838456040028592,-21.33333333333333,0,0,0
1.2681121099947117,12.333333333333336,0,0,1
0.9763719512195121,-9.5,-3,0,1
1.0862422997946612,2.6666666666666714,0,0,0
0.7632116788321168,-43.166666666666664,-4,0,0
0.9795779441797141,8.166666666666657,-5,0,0
1.3994502977553824,-2.5,5,0,1
0.9426536731634183,-3.666666666666657,0,0,1
1.011010617381046,10.500000000000007,-6,0,1
0.8576856649395509,14.833333333333329,4,0,1
0.957374575631837,-10.333333333333336,-3,0,0
1.1347087378640777,13.833333333333343,-3,0,1
1.0593485051316376,-1.6666666666666643,2,0,0
1.016673283048829,-6.833333333333329,4,0,0
1.0792423656745265,-3.999999999999993,-2,0,0
1.1761616161616162,18.000000000000007,-4,0,1
0.9173582295988935,18.83333333333333,3,0,0
0.794767870302137,-6.333333333333329,4,0,1
1.0436440677966101,-7.833333333333329,0,0,1
0.9745994529112935,5.833333333333329,1,0,0
1.0857975843398584,3.8333333333333286,-2,0,0
1.039917695473251,-3.8333333333333357,1,0,0
1.063644289450741,-7.166666666666671,10,0,1
0.9703703703703703,8.166666666666657,1,0,1
0.9485850936628138,1.3333333333333286,-3,0,0
0.9644343548997352,-16.5,8,0,1
0.9089887640449438,-10.666666666666671,5,0,1
0.9796733212341198,20.0,-3,0,1
1.1683544303797468,-11.833333333333329,-1,0,0
0.8489314664701547,-37.99999999999999,1,0,0
0.7772329246935201,-12.333333333333329,1,0,0
0.8073739653875094,-15.666666666666671,-2,0,0
0.9033747779751332,-6.333333333333329,-1,0,0
0.874897792313982,-18.5,-3,0,1
0.7071090047393365,-4.833333333333343,-5,0,0
1.0237467018469657,14.5,-4,0,0
1.1861678990865594,-6.5,-1,0,1
0.7534791252485089,-32.5,-3,0,0
1.0457232952305873,-7.5,4,0,1
1.2318059299191375,24.500000000000007,2,0,1
0.8969135802469136,-12.833333333333329,1,0,1
0.885412433969931,-17.833333333333336,0,0,1
0.9568508705526116,-19.16666666666667,-3,0,0
0.8616401088223863,-21.5,-1,0,1
1.1030800821355236,-2.0,-3,0,1
0.9765734265734266,-16.16666666666667,-3,0,0
0.9412656309208033,-18.66666666666667,7,0,1
0.8770870337477797,9.666666666666671,-5,0,1
0.8802725502920181,-1.3333333333333286,3,0,0
1.1386861313868613,23.833333333333336,-5,0,0
0.9238267148014441,-8.833333333333329,2,0,1
0.7141984732824428,22.166666666666664,4,0,0
1.0035985605757698,-9.833333333333343,5,0,0
0.9971223021582734,-26.33333333333333,-1,0,1
1.0369269949066213,-21.999999999999993,-3,0,0
1.0297110297110297,-16.500000000000007,-3,0,0
1.3728813559322033,6.333333333333336,2,0,1
0.9633781763826607,-9.666666666666657,0,0,1
0.8088235294117647,2.6666666666666714,5,0,0
1.0867469879518072,-21.166666666666664,-2,0,0
0.9576240492575154,-42.16666666666667,9,0,0
0.6578867696033909,-31.83333333333333,4,0,0
0.8448409619860356,8.5,-10,0,0
0.9718614718614719,-4.000000000000007,-3,0,0
0.9541477073853692,-28.833333333333343,2,0,0
0.8157374456306841,-5.666666666666664,-4,0,1
0.9116527037319117,-13.500000000000007,-6,0,0
1.151394422310757,-1.1666666666666714,-2,0,0
0.9250243427458618,9.833333333333329,3,0,1
1.5013319126265317,28.000000000000007,-3,0,1
0.9124950729207726,-13.833333333333336,-5,0,0
1.2478399272396543,5.333333333333329,4,0,1
1.117117117117117,24.83333333333333,4,0,0
1.280184331797235,1.6666666666666714,-6,0,1
0.8204577968526466,-42.16666666666667,4,0,1
0.8436619718309859,-17.333333333333336,-1,0,0
1.0448916408668731,2.5,0,0,1
1.1105376344086022,-6.0,-5,0,0
1.1615350290049085,12.166666666666671,0,0,1
1.004096834264432,1.1666666666666572,0,0,1
1.1318548387096774,16.66666666666667,-1,0,1
0.88749524895477,2.8333333333333357,-4,0,0
1.0113016367887764,-8.333333333333336,-1,0,0
1.0919301164725457,-4.5,-3,0,0
0.9066358024691358,18.166666666666664,4,0,1
1.3980492336274966,15.833333333333329,-2,0,1
1.1549295774647887,-2.0,-8,0,0
0.9462159047253169,-3.0,-3,0,0
0.8721343235389086,-26.33333333333333,-1,0,0
0.8671599718111346,-26.666666666666664,1,0,0
1.283102766798419,36.166666666666664,0,0,1
1.2361516034985423,18.000000000000007,2,0,1
0.8832236842105263,-21.333333333333336,-7,0,0
1.1208247422680413,4.833333333333329,3,0,0
0.9657701711491442,-11.666666666666671,-1,0,0
1.262218045112782,8.333333333333329,-2,0,1
1.0851063829787233,19.0,4,0,0
1.0827472072817543,-23.66666666666667,-7,0,1
0.8927514792899408,13.666666666666664,5,0,1
0.9280733944954128,8.666666666666671,3,0,0
0.7533865925668635,-7.5,0,0,0
1.015104570100697,8.166666666666671,-1,0,0
1.0879719735305566,7.333333333333336,-1,0,0
1.1288270377733598,13.499999999999993,-5,0,0
0.9727148703956344,-2.6666666666666643,5,0,0
0.9560401523018346,-23.0,1,0,0
0.8696364231903047,27.166666666666664,6,0,0
1.0089649551752242,17.33333333333333,-5,0,0
0.8862348178137652,23.83333333333333,-3,0,0
0.9230769230769231,-15.166666666666657,-5,0,1
0.925983638488508,1.3333333333333286,2,0,1
0.8677337826453243,6.333333333333329,1,0,0
1.1535545023696683,13.666666666666671,-7,0,1
1.333500753390256,-9.166666666666671,-4,0,0
0.832046332046332,-1.8333333333333286,11,0,1
1.1718078875439282,-6.833333333333329,-4,0,1
1.380352644836272,18.16666666666667,-2,0,1
0.9061818181818182,-7.166666666666657,2,0,0
0.8766114180478821,-15.0,6,0,0
0.8253839935327405,-6.833333333333336,-5,0,0
1.2492693110647182,22.16666666666667,2,0,1
1.0955098934550989,-4.0,-9,0,0
0.9470046082949308,-20.0,6,0,1
1.1422800718132855,-0.8333333333333357,3,0,1
0.7737617135207496,-29.500000000000007,-5,0,0
1.142654028436019,13.333333333333329,-2,0,1
1.167430237401083,-9.5,0,0,1
1.0692337611824192,10.166666666666671,-1,0,0
0.76,-22.16666666666667,-3,0,0
1.0866983372921615,20.666666666666657,2,0,1
1.1981943250214961,36.5,5,0,0
1.102258726899384,-7.333333333333329,3,0,1
1.045823195458232,33.16666666666667,1,0,1
1.1115326251896813,-8.833333333333329,-4,0,0
1.2585751978891822,6.333333333333336,-3,0,1
1.1116279069767443,9.166666666666671,0,0,1
1.0372745490981965,19.333333333333336,-6,0,1
0.9258662369057212,-10.166666666666664,0,0,1
1.2416419805332204,7.166666666666671,2,0,1
1.2245313773431132,24.666666666666664,3,0,0
1.1998231653404068,5.333333333333329,6,0,1
1.1286358049979517,23.999999999999993,4,0,1
1.1765676567656767,30.000000000000007,-9,0,1
1.1565762004175366,0.0,6,0,1
0.7538242618285308,-1.0,-1,0,0
1.1325510647544546,-7.333333333333329,1,0,0
1.0719681908548708,-5.5,-3,0,0
0.8260296540362438,-4.333333333333329,3,0,0
1.0428717250765567,6.833333333333329,2,0,0
1.0565270435136234,18.500000000000007,-1,0,1
0.9516702203269367,-20.5,5,0,0
1.1384297520661157,31.499999999999993,-1,0,1
1.1755066839154809,29.333333333333336,-8,0,1
1.0326131267835303,-5.166666666666671,8,0,1
0.7304511278195489,-1.0,0,0,0
1.1351237935375578,-7.0,-2,0,0
0.7476514415289925,-24.999999999999993,1,0,0
0.8441767068273093,-30.33333333333333,1,0,1
0.9103448275862069,-19.66666666666667,2,0,0
0.915648854961832,2.8333333333333286,3,0,1
0.9942244224422442,3.5,-3,0,0
1.1494696239151398,4.833333333333336,-2,0,1
0.978865406006674,-12.999999999999993,4,0,1
0.9222011385199241,-13.166666666666664,6,0,0
1.0612489991993594,13.5,4,0,0
1.1058823529411765,12.5,3,0,0
1.1151219512195123,29.666666666666664,-1,0,0
0.9266365688487584,4.666666666666671,0,0,0
1.0593186372745491,-11.666666666666664,-2,0,0
0.9026415094339623,-14.0,1,0,1
0.9894851341551849,-28.33333333333333,-2,0,1
0.8083735909822867,-13.166666666666671,0,0,0
1.0877834674469642,9.333333333333329,7,0,1
0.9774690199023658,-3.666666666666657,5,0,1
0.9953521630318198,-21.0,-3,0,1
0.9295824486907289,-5.666666666666664,2,0,0
0.9579490962744375,-3.3333333333333286,2,0,0
0.718882817243473,-28.5,0,0,1
0.9145331325301205,-0.1666666666666714,4,0,0
0.8888495575221239,2.8333333333333286,1,0,1
1.098728813559322,31.833333333333336,9,0,0
0.8063380281690141,1.5,1,0,0
1.0236100533130237,-15.833333333333329,-6,0,0
0.9285714285714286,-2.1666666666666714,4,0,1
0.8718526869597896,-18.499999999999993,-1,0,1
1.11601766358892,-12.166666666666664,-1,0,1
1.0226308345120225,-3.166666666666657,-5,0,0
1.10361641609102,-33.166666666666664,-3,0,0
0.882420091324201,-10.000000000000007,1,0,0
1.119718309859155,-28.999999999999993,-3,0,1
0.750868658790827,-21.833333333333336,4,0,0
1.0893767150137201,26.166666666666664,4,0,1
1.0393841747225205,17.833333333333336,-1,0,0
0.9486798066195612,-11.166666666666671,-5,0,0
1.1166924265842348,1.6666666666666714,-2,0,0
1.0282012195121952,5.333333333333336,7,0,1
0.9878764176769652,2.6666666666666714,-9,0,1
0.8100237047070775,-19.83333333333333,-1,0,1
1.016890595009597,-1.3333333333333357,-1,0,0
0.9942754919499106,33.66666666666667,2,0,1
1.154903758020165,12.5,3,0,1
0.9953664700926707,-2.8333333333333286,-10,0,0
1.0132027257240204,14.0,10,0,1
1.2715203426124198,2.5,-1,0,1
0.9518115942028985,-1.5,-5,0,0
1.0354285714285714,-12.166666666666664,-2,0,0
0.9160041479433114,-5.499999999999993,-3,0,0
1.0749047820567075,0.0,2,0,1
0.849772382397572,-13.166666666666657,-3,0,0
1.042032862055789,28.333333333333336,-4,0,1
1.3093525179856116,21.33333333333333,-5,0,1
0.9085534095388254,22.833333333333336,7,0,1
1.1741803278688525,1.6666666666666714,2,0,1
1.213587921847247,4.0,-6,0,1
1.2876649977241694,32.00000000000001,12,0,1
1.4797794117647058,47.833333333333336,3,0,1
1.1708887934735939,12.833333333333336,3,0,1
1.0967302452316077,-4.166666666666671,1,0,1
1.0491670052824056,6.333333333333336,-2,0,0
0.9286280729579699,-10.999999999999993,-6,0,1
0.9653948535936113,-4.0,-2,0,1
0.9822000711997152,0.1666666666666714,9,0,0
1.0898969072164948,5.0,4,0,1
1.0113275940190303,35.833333333333336,2,0,1
1.0618802062673542,-17.666666666666664,-1,0,1
0.9412235105957617,18.000000000000007,4,0,0
1.1141552511415524,5.5,2,0,1
1.0849802371541502,19.16666666666667,4,0,1
1.1313478426880488,21.833333333333343,7,0,1
1.0940959409594095,5.833333333333329,6,0,1
0.8272017837235228,-4.333333333333336,3,0,1
1.2414078674948241,6.5,3,0,0
0.906092355452076,-1.1666666666666572,1,0,0
1.0282457879088207,-3.0,1,0,0
0.870398773006135,-3.6666666666666714,-1,0,0
1.010940032414911,-12.500000000000007,1,0,0
1.4067796610169492,12.666666666666664,5,0,1
1.0975699558173786,1.5,2,0,1
0.8465294733170562,4.0,-1,0,0
0.912962962962963,13.999999999999993,1,0,0
1.1112474437627813,2.166666666666657,5,0,1
0.767416144489495,-11.500000000000007,-7,0,0
0.9823647294589178,-16.16666666666667,3,0,0
1.000376647834275,4.5,1,0,1
0.8300604229607251,-4.5,1,0,1
0.7942947702060222,-19.83333333333333,0,0,0
1.1950819672131148,13.666666666666664,-2,0,1
1.1516339869281045,11.666666666666671,-3,0,1
0.7677419354838709,-17.166666666666664,4,0,1
0.8935483870967742,-17.0,-2,0,0
1.0432330827067668,-8.333333333333336,-1,0,0
1.1247409863240778,19.16666666666667,1,0,1
1.0051040439733019,1.0,6,0,0
0.9770161290322581,6.5,-1,0,1
1.0897540983606557,26.499999999999993,-9,0,0
1.0273858921161825,-12.5,0,0,0
1.2365787079162875,7.0,2,0,1
1.1128782001551591,9.0,1,0,1
1.3153347732181426,14.999999999999993,6,0,0
1.2060535506402794,-0.6666666666666714,3,0,0
0.9203539823008849,-13.0,-2,0,0
0.8007246376811594,-40.166666666666664,3,0,0
1.0647540983606558,-6.333333333333329,-4,0,0
1.330827067669173,16.0,5,0,1
1.119281045751634,17.833333333333336,1,0,1
1.0122722201561918,27.0,-1,0,1
0.7093561010316614,-24.16666666666667,2,0,1
1.1896478574459057,14.833333333333336,-6,0,0
0.8846880907372401,5.833333333333343,4,0,1
1.2270833333333333,44.00000000000001,6,0,1
0.8542372881355932,-17.83333333333333,5,0,1
0.8234679665738162,7.0,3,0,1
0.8702814001372684,-3.8333333333333286,-2,0,0
0.9426197071626434,-1.5,-3,0,0
0.8614877244411873,2.0,2,0,0
0.9218978102189781,-24.333333333333336,0,0,1
1.039355992844365,-5.833333333333329,-1,0,1
1.2319148936170212,6.999999999999993,0,0,0
0.9813084112149533,-3.3333333333333286,3,0,0
1.15259454705365,28.833333333333336,0,0,1
1.112781954887218,3.5,2,0,1
0.8317518248175182,15.333333333333336,2,0,1
1.2728471001757469,26.5,3,0,0
1.109204368174727,13.166666666666664,5,0,1
0.9521322889469104,-3.0,0,0,1
0.7417311752287121,10.166666666666664,2,0,1
0.8246396705559369,9.666666666666664,8,0,0
0.9032827391457818,-6.166666666666671,5,0,1
0.9758333333333333,7.333333333333329,-1,0,0
1.2113601236476044,10.166666666666657,-1,0,1
1.0093617021276595,-2.0,3,0,1
1.074910820451843,-7.333333333333329,1,0,0
1.101123595505618,-18.499999999999993,-3,0,1
1.0482493595217763,-7.166666666666657,3,0,1
1.167643610785463,0.8333333333333286,6,0,1
1.0582959641255605,17.0,-1,0,0
1.1181702668360864,16.16666666666667,1,0,0
1.1435055865921788,25.0,-4,0,1
1.148491879350348,12.666666666666664,8,0,1
1.0119047619047619,-3.0,-1,0,0
0.9695652173913043,-12.5,-4,0,1
1.0326530612244897,-22.833333333333336,-1,0,0
1.1146384479717812,-2.6666666666666714,0,0,1
0.9173313995649021,-3.333333333333343,2,0,1
1.3092417061611374,-0.6666666666666714,-1,0,0
0.9798460974716013,-10.333333333333329,3,0,1
1.0183177570093458,14.333333333333329,3,0,0
1.2868582195007066,-7.333333333333336,-3,0,1
1.3090229079008882,27.66666666666667,-2,0,1
0.7370940170940171,-4.166666666666671,1,0,0
0.9913366336633663,10.666666666666671,9,0,1
1.0734214390602055,29.833333333333336,-5,0,1
1.0355648535564854,7.333333333333336,-3,0,0
1.075944170771757,-1.1666666666666643,0,0,0
1.1088541666666667,1.3333333333333286,-1,0,0
0.8958630527817404,-6.833333333333343,-1,0,1
1.091958302308265,-5.999999999999993,4,0,1
1.0260416666666667,8.0,1,0,0
1.2073170731707317,-16.83333333333333,-2,0,1
1.0767790262172285,3.1666666666666714,0,0,0
1.318868844466114,27.000000000000007,-1,0,1
0.9947848761408083,4.166666666666664,-12,0,1
1.1402116402116402,1.0,-5,0,0
1.0098150245375614,11.0,2,0,1
0.8462118356577459,-11.999999999999993,-3,0,0
1.0091552226383687,-7.999999999999993,3,0,0
1.0731319554848966,-4.333333333333336,-3,0,0
0.9464809384164223,-3.1666666666666714,1,0,0
1.079173166926677,1.1666666666666714,7,0,0
0.9243203526818515,-14.0,10,0,0
1.0031971580817052,-8.000000000000007,-1,0,0
0.8526603001364257,-30.833333333333343,-3,0,1
0.9665987780040733,0.8333333333333357,7,0,0
1.1681338028169015,29.666666666666664,1,0,1
1.3494152046783625,23.166666666666664,0,0,1
0.9121122599704579,3.6666666666666714,-7,0,1
1.3269054178145088,12.5,-1,0,1
0.9089696565521841,3.833333333333343,-7,0,0
1.2477758007117439,30.500000000000007,0,0,1
0.9059073222497347,9.5,1,0,1
0.8640522875816994,25.500000000000007,0,0,0
0.8116666666666666,-14.166666666666671,-2,0,0
1.5924932975871313,32.50000000000001,-7,0,1
1.1683428071709663,-5.0,7,0,1
1.1769265845873234,3.3333333333333357,7,0,1
0.9743090696769171,-1.8333333333333286,0,0,0
1.014388489208633,14.333333333333336,-4,0,1
0.9491395793499044,-8.166666666666664,0,0,0
1.236202057998129,19.33333333333333,12,0,1
1.2727272727272727,-0.5,2,0,1
0.8435693641618497,-31.666666666666664,-8,0,0
0.7867796610169492,-11.0,-2,0,0
0.8975229046487954,-31.83333333333333,-1,0,0
0.8695939253879168,-17.833333333333336,3,0,0
1.1851338873499537,13.333333333333329,-2,0,1
1.0128913443830572,-31.833333333333336,-8,0,0
1.1682474226804123,17.833333333333336,0,0,1
1.3636363636363635,9.333333333333336,4,0,1
0.9149093599704032,12.333333333333336,1,0,1
0.926771653543307,3.5,1,0,0
1.1159041394335512,19.499999999999993,-7,0,0
1.2007952286282306,6.5,-4,0,0
0.8993411420204978,6.0,2,0,0
1.0110114192495923,10.166666666666671,8,0,1
1.0503709488481061,14.333333333333329,-1,0,1
0.8620689655172413,5.666666666666671,-4,0,0
1.074656188605108,-10.666666666666664,-3,0,0
0.86,-23.0,-2,0,1
0.9746268656716418,-19.333333333333336,0,0,0
0.8228,14.833333333333336,0,0,1
0.704853675945753,-31.33333333333333,2,0,1
1.0527881040892193,-6.666666666666671,-3,0,0
1.1714956930305402,-4.166666666666671,5,0,0
0.8057239057239057,-19.666666666666664,1,0,1
1.1565319733228716,34.66666666666667,-2,0,1
0.8770194526871085,-7.833333333333329,2,0,0
1.2286374133949192,4.333333333333329,-2,0,1
0.9845024469820555,13.666666666666664,2,0,1
1.0349840981372103,11.333333333333336,5,0,1
0.8946395563770795,10.333333333333329,-3,0,1
1.005452562704471,15.833333333333329,-4,0,1
0.7789397764154345,-5.0,11,0,1
1.1434016198189614,1.3333333333333357,4,0,1
1.0722123893805309,-10.0,-5,0,1
0.9119629317607414,0.0,-1,0,1
1.084386465552385,5.833333333333329,1,0,1
0.9416758951642673,11.999999999999993,-1,0,1
1.1986190089358246,30.166666666666657,1,0,1
0.9876998769987699,16.333333333333336,-1,0,1
1.108179419525066,-5.5,2,0,1
0.8632,-23.83333333333333,-7,0,0
0.8005662157911293,-5.666666666666671,5,0,0
0.8816261458748506,12.333333333333336,-3,0,1
0.92894280762565,-15.0,-5,0,0
0.9217018233821952,-6.333333333333329,-1,0,1
0.9063260340632603,-1.5,1,0,0
0.9320229320229321,4.5,0,0,1
0.7894555478980014,-11.166666666666671,-3,0,0
0.9695669137729224,-16.333333333333336,-3,0,1
1.1417943107221007,16.499999999999993,-3,0,0
0.9028591112642095,-36.66666666666667,0,0,0
1.0913684210526315,5.0,0,0,1
0.9362989323843416,-16.833333333333336,-4,0,0
0.8116343490304709,5.166666666666671,-1,0,0
0.8997650743931088,-17.66666666666667,7,0,1
1.2240704500978474,17.33333333333333,1,0,1
1.2395016151361329,43.00000000000001,-4,0,1
1.2329038652130822,6.0,1,0,1
0.7093023255813954,-7.333333333333336,-3,0,1
0.8639285714285714,-6.0,1,0,0
1.1382694023193578,13.833333333333336,-5,0,1
0.9612211221122112,-3.499999999999993,-10,0,1
1.012223974763407,-4.166666666666664,-1,0,0
1.2211576846307386,-6.0,3,0,0
1.0139266304347827,25.833333333333336,2,0,1
0.9167283493708365,1.5,-3,0,0
0.8153024911032029,-7.833333333333336,5,0,0
1.2150313152400836,12.166666666666671,-1,0,1
1.05249343832021,24.666666666666664,-2,0,1
0.9514255543822597,-5.166666666666671,-1,0,1
0.8302263648468708,-13.333333333333329,-3,0,1
0.952437106918239,16.16666666666667,3,0,1
0.9873287671232877,31.83333333333333,3,0,1
0.9296992481203008,-17.83333333333333,-5,0,1
0.7947122861586314,-0.8333333333333357,0,0,0
1.0535331905781584,10.833333333333336,-5,0,0
0.9751351351351352,14.166666666666671,2,0,1
1.265930331350892,0.0,-3,0,1
0.9070833333333334,2.8333333333333286,2,0,1
1.1028462998102466,2.6666666666666714,-5,0,1
1.0609965635738832,-11.666666666666671,1,0,1
0.9932998324958124,23.16666666666667,7,0,1
1.2624,23.166666666666657,0,0,1
1.1492007104795736,12.166666666666664,-3,0,1
1.1454183266932272,-9.999999999999993,2,0,1
1.0134638922888617,5.333333333333336,0,0,1
1.2290249433106577,24.333333333333336,0,0,1
0.9898919484140816,18.0,-1,0,0
1.2664075993091537,14.333333333333329,-5,0,1
0.7448253557567918,-11.166666666666671,0,0,0
1.0799154334038055,3.8333333333333357,-5,0,1
0.9617275280898876,11.0,-1,0,1
0.7156673114119922,8.666666666666671,-2,0,0
0.9619230769230769,-2.6666666666666714,1,0,1
0.8825147347740668,-1.0,2,0,1
1.0435667752442996,3.6666666666666714,1,0,1
0.9094125973106865,-2.5,-3,0,1
0.9471947194719472,-25.000000000000007,2,0,0
0.7825541261374334,-10.166666666666657,2,0,0
1.0232919254658386,-14.5,-5,0,0
0.8940809968847352,-4.833333333333343,4,0,0
0.9010684606252474,-2.8333333333333286,0,0,0
1.151064684612294,10.0,-8,0,0
1.1850941850941852,-20.166666666666664,-1,0,0
0.8519593613933236,-14.333333333333329,-2,0,0
1.1087301587301588,31.000000000000007,-2,0,0
1.2425233644859812,35.66666666666667,5,0,1
0.899391335481561,31.000000000000007,2,0,0
1.126963906581741,11.166666666666664,-1,0,1
0.9105531581012162,-10.833333333333336,0,0,0
1.1875,17.166666666666657,-1,0,0
0.9815950920245399,-5.5,2,0,1
1.3401546157344248,0.0,2,0,1
1.1545138888888888,-9.333333333333329,4,0,1
1.3029602220166512,14.5,5,0,1
1.2259910093992643,48.166666666666664,6,0,1
1.0677827684769294,3.0,0,0,1
0.9387837293596456,32.333333333333336,1,0,1
0.9684333593141076,-6.5,-2,0,0
0.8397993311036789,0.6666666666666572,-4,0,1
0.6292598967297762,-33.33333333333333,3,0,0
1.0115125049622866,1.3333333333333357,5,0,1
0.8821889159986058,17.16666666666667,6,0,1
0.9645833333333333,-2.1666666666666714,3,0,1
0.9240177909562639,-24.833333333333336,-6,0,1
1.0449162923642303,-3.6666666666666714,-5,0,1
0.9283216783216783,-4.833333333333329,1,0,1
0.9863287762587529,-13.833333333333343,-2,0,0
1.1831704207394815,10.333333333333336,-2,0,0
1.0716497125165856,-15.5,-2,0,0
0.9336936936936937,-9.166666666666664,6,0,0
0.8508104531921932,3.5,-1,0,1
1.1965734896302975,-4.166666666666664,-3,0,1
0.9207397622192867,-19.833333333333336,2,0,0
1.0004351610095736,-8.0,-7,0,0
0.9814366424535916,-14.333333333333336,4,0,0
1.1386292834890965,11.333333333333336,2,0,1
1.2,1.8333333333333357,-1,0,1
0.987385819921705,6.833333333333329,-2,0,1
0.9832483612527313,-2.8333333333333286,2,0,0
0.790785498489426,-10.0,3,0,0
1.2437694704049844,36.33333333333333,2,0,1
1.2214912280701755,12.833333333333343,-6,0,1
0.8885233918128655,0.6666666666666714,3,0,1
0.7928937259923176,-2.166666666666657,-2,0,0
1.0508253692441356,-6.5,-3,0,1
1.426107226107226,17.333333333333336,4,0,1
1.1755233494363928,12.333333333333329,-7,0,1
0.9992163009404389,-13.5,1,0,0
1.0303262955854127,-7.666666666666664,5,0,0
0.9977695167286246,17.666666666666664,2,0,1
0.8869661266568483,-2.1666666666666714,5,0,0
0.9707317073170731,3.5,2,0,1
1.1342281879194631,20.666666666666657,-6,0,0
0.9794996525364836,-3.0,-3,0,0
0.9012765957446809,0.0,-2,0,0
1.093232371036441,-19.166666666666664,3,0,0
0.8122362869198312,8.666666666666671,4,0,1
0.8320783132530121,-23.000000000000007,1,0,1
0.9553319919517103,5.166666666666664,4,0,1
0.8349892008639309,-22.000000000000007,-1,0,0
0.8816964285714286,5.166666666666664,0,0,0
0.9223938223938224,5.833333333333336,-2,0,1
0.8251513113651647,-8.333333333333336,-7,0,1
0.8969002695417789,-6.5,-1,0,0
0.7064516129032258,-20.66666666666667,-1,0,0
1.0647957078002477,-33.0,1,0,0
0.9284682080924855,20.500000000000007,4,0,1
0.9856083733100741,0.1666666666666714,-9,0,1
0.9368821292775665,-12.5,1,0,0
0.9149686520376176,-8.833333333333336,7,0,1
1.0393700787401574,-18.0,-2,0,1
0.7995421844342707,-11.333333333333336,-2,0,0
1.0186471663619745,12.499999999999993,0,0,0
1.0336755646817248,8.0,-2,0,0
1.1073711120579464,6.333333333333336,2,0,0
0.9521604938271605,-2.0,-1,0,0
1.114864864864865,-3.1666666666666643,-1,0,1
1.0070744902205577,18.5,-6,0,0
0.9850444624090542,5.166666666666671,-2,0,0
1.0346168805912097,-16.500000000000007,4,0,0
0.6938706400270911,-35.833333333333336,-7,0,0
0.7584905660377359,2.6666666666666643,4,0,0
1.1906236178682,39.5,0,0,1
0.9758090879372344,-0.3333333333333286,1,0,1
0.9382022471910112,16.0,0,0,1
1.1988304093567252,27.0,2,0,0
1.0601659751037344,9.166666666666671,1,0,1
1.3978052126200273,-6.333333333333343,-2,0,1
0.7947613921779692,-10.333333333333329,2,0,0
1.1688311688311688,-4.833333333333336,0,0,1
1.046909090909091,-7.5,-1,0,0
1.0629629629629629,30.333333333333336,2,0,0
0.9495101733232856,-4.166666666666664,3,0,0
0.7889344262295082,-16.166666666666664,0,0,0
0.8772128060263653,-12.666666666666671,1,0,0
0.8376068376068376,-1.8333333333333286,5,0,1
0.9783634933123525,13.333333333333329,-2,0,1
0.9008438818565401,-12.0,0,0,1
0.8173758865248227,-17.000000000000007,1,0,0
1.3920345489443378,14.666666666666671,0,0,0
1.021113243761996,-1.5,-14,0,0
1.0901432181971356,2.166666666666657,2,0,0
0.8263772954924875,11.833333333333329,-4,0,1
0.9778516057585825,11.5,1,0,0
0.9521846661170651,-8.333333333333329,-7,0,0
1.1373737373737374,7.0,1,0,0
1.09862012987013,14.166666666666671,6,0,0
1.0726072607260726,21.33333333333333,-4,0,0
0.7731788079470199,-15.666666666666671,-1,0,0
1.0170974155069583,15.666666666666671,-1,0,0
1.219753086419753,15.999999999999993,2,0,0
1.19664758789861,10.833333333333329,-4,0,1
1.0142361111111111,-43.33333333333333,1,0,0
0.8239138792772011,-21.16666666666667,5,0,0
0.9567545304777595,-30.333333333333336,4,0,1
0.868421052631579,-18.500000000000007,3,0,1
1.2005420054200542,7.833333333333329,-3,0,0
0.7670569236980218,-5.333333333333336,-2,0,0
0.8814589665653495,25.999999999999993,2,0,1
0.8695306284805091,-17.66666666666667,1,0,0
0.9426987060998152,34.333333333333336,2,0,0
1.0661946902654866,32.5,-3,0,1
1.0744606819763396,-17.66666666666667,-9,0,0
0.712360415864459,-35.33333333333333,4,0,0
0.8653128885205139,-5.0,0,0,0
1.0129437869822486,15.0,-7,0,1
1.0757396449704142,20.833333333333343,0,0,1
0.8011904761904762,-1.0,0,0,0
0.8521256931608133,-10.666666666666671,-10,0,1
1.1329765335529025,20.333333333333336,-4,0,0
0.8997678018575851,-20.000000000000007,6,0,0
1.6262933657942789,7.166666666666664,6,0,1
1.294318667236224,-11.500000000000007,2,0,1
1.4173998044965788,0.1666666666666643,1,0,1
0.8933333333333333,-1.0,-1,0,1
1.0328096118299446,-2.1666666666666643,-7,0,1
0.8886539816772375,-41.5,0,0,1
0.9852268730214562,8.166666666666664,1,0,1
0.9810040705563093,-20.833333333333336,2,0,1
1.028301886792453,-7.0,-7,0,0
1.2066543438077635,14.333333333333343,6,0,1
0.9001788908765653,-6.5,3,0,1
0.9877622377622378,-0.6666666666666572,-8,0,1
1.0062063615205585,0.8333333333333357,1,0,1
0.9752593774940144,-1.0,-12,0,1
1.042175360710322,-5.166666666666671,-7,0,0
0.927007299270073,-15.333333333333329,-4,0,1
0.911913357400722,-17.166666666666664,-1,0,1
1.1492481203007519,2.0,0,0,0
0.8461818181818181,2.6666666666666643,1,0,1
0.8518099547511312,-11.833333333333336,7,0,0
1.054863813229572,-14.166666666666671,-1,0,1
1.073263157894737,0.1666666666666572,2,0,0
1.2029330162504954,13.0,-2,0,0
0.8748700173310225,5.333333333333336,1,0,1
1.0618512110726643,-3.1666666666666714,-7,0,1
0.6991334488734835,-38.0,-3,0,0
0.9715670436187399,5.5,-2,0,1
1.0792616720955484,9.166666666666657,7,0,1
0.9,5.166666666666664,6,0,0
0.7681438664097624,-16.333333333333343,-6,0,1
0.9987261146496815,-3.0,7,0,0
1.0749148694665154,17.33333333333333,7,0,1
1.125866050808314,-8.5,-4,0,0
1.1128899835796386,-2.666666666666657,-6,0,1
1.0595998297147722,-0.8333333333333286,0,0,1
1.378902554399243,25.0,2,0,0
1.0081792318634424,-18.833333333333343,1,0,1
1.02764104505869,12.333333333333336,3,0,1
0.9103034344781594,10.0,3,0,0
1.0271604938271606,4.833333333333336,-7,0,0
0.8636863319897399,6.833333333333336,-1,0,0
1.023276240667545,12.833333333333336,-2,0,0
1.119847328244275,-9.0,-1,0,0
0.926923076923077,9.166666666666664,8,0,0
1.0038207711010767,9.333333333333329,0,0,0
0.8275167785234899,-18.833333333333336,-5,0,0
1.0874045801526717,-8.999999999999993,-4,0,1
1.1784728610855566,7.833333333333329,4,0,1
0.8888888888888888,-16.833333333333336,3,0,0
0.9383003492433062,-19.333333333333336,1,0,1
0.864406779661017,-19.16666666666667,0,0,0
0.903886925795053,7.666666666666657,-4,0,0
1.2572815533980584,16.166666666666664,2,0,1
0.8830231674895557,-4.166666666666671,-3,0,1
0.8576654472896574,-16.16666666666667,0,0,0
1.0691509796388783,17.33333333333333,-2,0,1
1.357889237199582,20.0,-6,0,0
0.8367885412740294,-23.000000000000007,4,0,1
1.3165217391304347,-5.0,8,0,0
1.0052710843373494,-11.0,5,0,0
1.3127710843373495,15.333333333333336,6,0,1
0.9387510008006406,18.166666666666664,7,0,1
1.212058212058212,42.99999999999999,4,0,1
0.9422854944209311,-0.1666666666666572,0,0,1
1.4119617224880383,37.833333333333336,-1,0,1
1.1722173531989484,31.833333333333336,-1,0,0
0.9198568872987478,-15.500000000000007,1,0,0
1.0706443914081145,-7.666666666666657,-1,0,1
1.1473029045643153,7.500000000000007,4,0,1
0.7982917214191853,-1.6666666666666714,2,0,0
0.9652886115444618,10.499999999999993,-4,0,0
1.009557945041816,7.0,0,0,1
0.9058514628657164,-4.333333333333329,5,0,0
0.9897084048027445,1.6666666666666714,-3,0,0
1.1904761904761905,9.833333333333329,0,0,1
1.1689567430025445,14.999999999999993,-2,0,0
0.8994614003590664,-5.666666666666657,8,0,0
0.7231543624161074,-32.166666666666664,0,0,0
1.0995535714285714,1.8333333333333286,0,0,0
0.8949727825808518,-11.333333333333343,3,0,1
1.0030188679245282,2.1666666666666643,-1,0,0
1.0,17.500000000000007,8,0,0
0.9516256938937351,5.666666666666671,2,0,1
1.0863531225905936,23.5,-8,0,0
1.02946526009458,18.66666666666667,3,0,0
1.1366485582950272,10.833333333333343,-5,0,0
1.2241379310344827,1.3333333333333286,1,0,1
1.0222978080120937,-5.166666666666671,-4,0,1
0.8375850340136054,-4.666666666666671,4,0,1
1.0776923076923077,22.666666666666664,2,0,1
0.9603492178974172,18.833333333333336,2,0,0
0.9493024838380402,-33.66666666666667,-4,0,0
0.9947604790419161,-7.5,4,0,0
1.0455486542443064,7.5,-6,0,0
0.9130993150684932,4.5,-6,0,0
0.844551282051282,-19.0,6,0,1
0.770949720670391,-15.333333333333329,-3,0,0
1.0388785046728972,-12.0,-6,0,0
1.2784810126582278,32.99999999999999,-3,0,1
1.3527684563758389,22.5,-2,0,1
0.7746232036452857,-21.000000000000007,1,0,1
1.1264367816091954,2.166666666666657,4,0,0
1.0467479674796747,-5.499999999999993,2,0,1
1.027181060938185,23.166666666666664,1,0,0
0.9858921161825727,-2.3333333333333286,-1,0,0
0.9869305451829724,-0.6666666666666714,-8,0,0
1.0255927738050432,-0.5,-2,0,1
1.004989604989605,-5.500000000000007,8,0,0
1.235387045813586,22.166666666666664,4,0,1
1.1973684210526316,11.833333333333343,-5,0,1
1.0646840148698884,-13.666666666666671,-6,0,0
1.3998926462694579,15.333333333333336,-3,0,1
0.8945686900958466,-7.166666666666664,1,0,1
1.4815724815724816,37.83333333333333,3,0,1
1.0666666666666667,5.166666666666671,-1,0,1
0.9598180439727066,-17.33333333333333,1,0,1
1.031549520766773,-18.33333333333333,0,0,0
0.6679132385938669,-24.833333333333336,6,0,1
0.9540103016924208,-16.000000000000007,2,0,0
1.3672922252010724,29.66666666666667,-6,0,1
1.295175023651845,8.5,0,0,1
1.3105413105413106,-7.333333333333336,4,0,1
1.3400468384074942,19.333333333333336,1,0,0
1.2477709995307367,9.166666666666671,-11,0,0
0.9143847487001733,-18.000000000000007,-2,0,1
1.0446153846153847,20.666666666666664,1,0,1
0.9495429616087752,-25.166666666666664,4,0,1
1.0629629629629629,12.166666666666657,-1,0,0
1.1676646706586826,8.666666666666657,-8,0,0
1.0,1.0,4,0,1
0.7399322544222807,-11.5,12,0,0
1.1030444964871193,-3.5,1,0,0
0.9229074889867841,4.833333333333329,3,0,0
1.162117452440033,4.166666666666657,-2,0,1
0.7497227356746765,-22.166666666666664,-1,0,0
0.854383932020085,-0.8333333333333428,0,0,1
0.9450078003120125,4.666666666666664,-5,0,0
1.1358490566037736,9.0,-5,0,0
1.0097919216646267,-18.166666666666664,-7,0,1
1.116559788758959,5.5,4,0,1
1.0957816377171217,17.83333333333333,5,0,0
0.6937856499549685,-21.000000000000007,6,0,0
0.8598230088495575,-16.666666666666664,1,0,1
1.030954115076475,-4.833333333333343,-3,0,1
0.9094036697247706,-9.5,-3,0,0
0.9327217125382263,-26.500000000000007,-7,0,0
1.426792828685259,52.50000000000001,-2,0,1
1.0884848484848484,24.166666666666664,0,0,1
1.09944089456869,28.500000000000007,7,0,0
1.0084811102544333,-2.1666666666666714,12,0,1
1.2152746761947297,16.666666666666664,-1,0,0
1.147921225382932,3.1666666666666643,5,0,1
0.7684744687599112,-13.666666666666657,1,0,1
1.0574545454545454,31.666666666666664,0,0,1
0.898501872659176,-22.000000000000007,5,0,0
1.0104669887278583,-12.0,-5,0,1
0.9311377245508982,-17.0,-5,0,1
1.144057118857623,11.0,6,0,1
0.8996893031513538,-6.5,-3,0,0
1.1840034965034965,18.0,-6,0,0
0.8638376383763837,-12.166666666666671,-4,0,1
0.8301361386138614,5.166666666666671,-5,0,0
1.1176742039686203,14.833333333333336,-2,0,1
1.0380952380952382,-3.5,-2,0,0
1.006864161849711,-8.166666666666671,-2,0,0
0.7113924050632912,-23.66666666666667,-2,0,0
0.9435917114351496,-25.66666666666667,2,0,0
0.9566666666666667,0.1666666666666643,1,0,0
0.9057471264367816,-15.500000000000007,-2,0,0
0.9962779156327544,0.1666666666666643,4,0,1
1.4722826086956522,16.5,1,0,1
1.1598708114654825,22.666666666666664,-6,0,1
1.1518248175182482,11.833333333333329,-4,0,1
1.0838178294573644,9.333333333333336,-8,0,0
1.0735773831098223,22.83333333333333,3,0,1
0.9695831768681937,15.833333333333329,4,0,0
1.1949778434268834,11.333333333333336,-2,0,1
0.9752931323283082,-49.833333333333336,8,0,1
1.1248934356351237,-8.333333333333336,3,0,0
0.8337893296853626,-8.333333333333336,-3,0,1
0.8822046109510087,2.8333333333333286,3,0,1
0.9763912310286678,-9.666666666666664,2,0,1
0.7848387096774193,-34.833333333333336,5,0,0
0.9986547085201793,11.833333333333329,0,0,1
0.958904109589041,5.333333333333336,-10,0,0
1.0695187165775402,6.0,-1,0,1
1.3669064748201438,19.66666666666667,-1,0,1
0.9000344708721131,-9.333333333333329,4,0,0
1.074104912572856,12.5,7,0,1
1.0876889848812095,-2.3333333333333357,1,0,1
1.1639146194120016,-10.333333333333329,-2,0,1
1.1969509682735888,28.500000000000007,-1,0,0
1.5404825737265415,6.5,-1,0,1
1.0503948852952238,-6.833333333333329,-2,0,1
0.7767918088737201,-27.833333333333336,1,0,0
0.9972,11.999999999999993,-2,0,1
1.0605453087409784,10.499999999999993,2,0,0
1.1529365392195507,-3.6666666666666714,0,0,1
0.9431162407254741,12.333333333333336,-2,0,1
0.8876033057851239,-18.500000000000007,2,0,0
1.2764537654909438,3.3333333333333286,5,0,1
1.166021505376344,-6.833333333333343,3,0,0
0.9167357083678542,-3.166666666666657,-2,0,0
0.9802058590657166,-5.666666666666664,-3,0,1
1.0583226905065986,-6.833333333333329,2,0,1
0.8878217441413754,0.1666666666666643,-1,0,0
0.7989601386481803,6.5,-3,0,0
0.8183306055646481,-0.8333333333333428,3,0,0
1.0579710144927537,17.66666666666667,4,0,0
0.9632781012091357,1.8333333333333428,0,0,1
0.9933774834437086,-12.0,-3,0,0
0.9833531510107015,-5.833333333333329,-1,0,0
0.9242374549032469,-26.16666666666667,-3,0,0
1.2830273175100761,5.0,-1,0,1
1.068412162162162,21.833333333333336,6,0,0
0.9867330016583747,5.666666666666664,-5,0,0
0.9902292371288989,-10.333333333333336,1,0,1
1.0308134757600658,-12.500000000000007,6,0,1
1.0453571428571429,11.833333333333343,-2,0,0
0.9287083173629743,-8.166666666666671,-7,0,0
0.7811275248718722,-7.5,-1,0,0
0.8688976377952756,-10.333333333333336,1,0,0
0.7400662251655629,-3.3333333333333286,-1,0,1
0.8774289985052317,-0.6666666666666714,4,0,0
1.1978448275862068,28.666666666666664,6,0,1
0.8225913621262458,3.0,4,0,0
1.1163649796823052,37.33333333333333,-1,0,1
1.188034188034188,-7.0,-2,0,1
1.1536926147704591,-12.333333333333336,0,0,0
0.8929115853658537,7.166666666666671,-1,0,1
0.8808580858085808,-20.83333333333333,5,0,0
1.0687385740402193,16.833333333333336,3,0,1
1.2101597705858256,29.33333333333333,-4,0,1
1.0630407911001236,17.33333333333333,4,0,1
0.9354838709677419,-12.166666666666657,0,0,0
1.1119644300727567,2.5,1,0,1
0.855429941760877,-24.333333333333343,4,0,1
0.9899749373433584,-15.5,-3,0,0
1.2431718061674009,16.333333333333343,-1,0,1
1.1135573580533025,-1.3333333333333428,-2,0,1
1.0788530465949822,-0.1666666666666714,1,0,0
1.0988441610203268,15.166666666666664,-4,0,0
0.9132290184921764,1.3333333333333357,1,0,0
1.1514919663351186,0.3333333333333286,-8,0,1
0.8980490874764002,-0.1666666666666714,1,0,1
0.932855526216522,-3.8333333333333357,4,0,1
0.9891588785046729,11.666666666666671,-1,0,0
1.107843137254902,0.4999999999999929,0,0,1
0.7645764576457645,3.3333333333333286,0,0,1
1.0600627521290902,6.5,3,0,1
0.9852607709750567,-3.500000000000007,-6,0,0
1.2718764623303698,16.83333333333333,-3,0,1
1.2221755564888703,-5.0,-3,0,1
1.0789689034369885,-9.166666666666671,-3,0,1
1.1634146341463414,6.499999999999993,-2,0,1
1.0648298217179903,19.499999999999993,-4,0,1
1.031441717791411,17.166666666666657,1,0,1
0.951229183187946,3.5,-8,0,0
0.9985256173977147,-17.333333333333336,3,0,0
1.1232,26.16666666666667,7,0,1
0.8495770503861714,-0.5,6,0,1
1.141304347826087,45.5,4,0,1
1.1889191643960035,10.833333333333329,-2,0,1
0.8122743682310469,-48.83333333333333,0,0,0
0.7212360289283366,-18.833333333333343,-1,0,0
1.1494780793319415,23.833333333333343,6,0,1
1.054468085106383,-0.3333333333333357,-1,0,1
0.877227081308714,-0.6666666666666714,0,0,1
0.9341294298921418,-4.166666666666671,-4,0,0
1.08014440433213,25.499999999999993,1,0,1
0.9924953095684803,-9.5,0,0,0
1.2113300492610837,21.499999999999993,3,0,1
0.7454545454545455,-5.833333333333329,0,0,0
0.8813786929274844,-9.5,0,0,1
1.1574307304785894,22.833333333333336,11,0,1
0.9860869565217392,-30.0,-1,0,0
1.065058164584231,-4.333333333333336,-3,0,1
0.8986852281515855,-6.5,-4,0,1
1.002225189141077,-15.666666666666664,9,0,0
1.6252189141856392,36.166666666666664,5,0,1
1.1631274131274132,-3.999999999999993,-1,0,0
0.8819705781731099,-6.166666666666671,4,0,0
1.046811647622558,12.333333333333329,-8,0,0
0.9133775759692631,-1.8333333333333286,-2,0,1
1.5306930693069307,10.166666666666664,0,0,0
1.0808636748518206,14.166666666666664,0,0,1
1.1143617021276595,32.66666666666666,0,0,0
0.7851954341058457,-15.333333333333336,0,0,0
1.059244532803181,10.833333333333329,-4,0,0
0.974089068825911,-6.666666666666664,0,0,1
0.9909315746084089,5.166666666666671,5,0,0
0.9483695652173914,-5.166666666666671,-5,0,0
1.2916871618298083,-15.5,0,0,1
0.9138211382113821,-6.5,-3,0,0
0.7477447377213499,-11.500000000000007,1,0,1
0.8701134930643127,2.8333333333333357,-3,0,0
1.0366379310344827,-15.333333333333336,5,0,1
1.2971634398919405,45.333333333333336,3,0,0
0.9397775220560031,13.833333333333336,3,0,0
0.9867595818815331,2.666666666666657,-3,0,0
0.9603174603174603,-11.666666666666671,-3,0,0
0.9903345724907063,-13.166666666666657,8,0,0
0.9051561911930749,2.5,-3,0,0
0.9138647525500566,-45.99999999999999,2,0,0
1.1212238574748257,11.666666666666657,8,0,1
0.7873086734693877,-20.666666666666657,1,0,1
1.1676855895196507,17.499999999999993,-2,0,1
0.9532312925170068,9.166666666666671,3,0,0
0.9705521472392638,1.0,2,0,0
1.245751033532384,34.666666666666664,0,0,0
0.9496878442893867,-19.000000000000007,-4,0,1
0.9916701374427322,1.3333333333333357,0,0,1
1.1413285777975926,9.833333333333336,0,0,1
1.141410352588147,-2.0,-3,0,1
0.9056012534273404,-10.333333333333329,5,0,0
1.1220105391163355,25.999999999999993,4,0,1
1.0903361344537814,30.83333333333333,0,0,1
0.8235716852317643,-3.5,-3,0,0
1.2066815144766148,30.16666666666667,0,0,1
1.1439034898750537,-10.5,0,0,0
1.009771986970684,5.0,-1,0,1
0.7806642551792173,-36.333333333333336,-3,0,1
1.0197292069632495,-13.5,-2,0,0
0.8123385012919897,-22.0,-1,0,0
0.9820128479657387,2.3333333333333357,-4,0,1
0.9184597961494904,-11.0,-2,0,0
1.1583577712609971,38.00000000000001,5,0,1
0.7226917057902973,-21.33333333333333,1,0,0
0.9588785046728971,8.833333333333343,-1,0,1
0.9051383399209486,-2.5,0,0,0
1.170995670995671,11.333333333333329,-1,0,1
0.9752663622526636,-6.333333333333343,0,0,0
1.1499036608863198,13.500000000000007,0,0,1
0.9679054054054054,-23.333333333333336,-2,0,0
1.2098828323993887,15.666666666666671,2,0,1
1.1249078850405305,30.83333333333333,-1,0,0
0.9845343863112866,16.666666666666664,4,0,1
1.2316784869976358,8.333333333333336,-4,0,1
1.3109388458225668,37.5,1,0,1
0.8523884103367267,-7.5,2,0,0
1.3807813201616523,37.33333333333333,-10,0,1
1.0871559633027523,17.0,2,0,0
1.168110918544194,-0.3333333333333286,1,0,1
0.9869888475836431,6.166666666666664,3,0,1
0.9074324324324324,-17.166666666666664,0,0,0
1.1199253383107792,2.1666666666666714,5,0,1
0.8607068607068608,1.3333333333333286,-5,0,0
0.9139784946236559,-19.999999999999993,-1,0,0
0.9661073825503356,4.333333333333329,4,0,1
1.0143032284429914,-27.499999999999993,0,0,0
0.9242761692650334,-35.49999999999999,-2,0,1
0.798158379373849,-3.3333333333333286,-4,0,0
1.048894062863795,5.833333333333329,3,0,0
0.7691743119266055,-3.3333333333333357,1,0,0
0.9776837245094268,-10.833333333333336,-3,0,0
0.9086809470124013,-20.666666666666664,-2,0,1
0.8154536046912728,-12.999999999999993,6,0,1
0.9241152863918278,12.0,2,0,0
0.906896551724138,-6.833333333333343,2,0,0
1.0487380330722367,-4.166666666666671,1,0,0
1.1551116333725029,19.166666666666664,6,0,0
1.2380749574105623,5.166666666666664,-3,0,1
1.2482698961937717,27.666666666666664,-5,0,0
0.9785310734463277,-7.0,-6,0,0
1.1370143149284253,5.0,5,0,1
1.019898556379243,21.833333333333336,-5,0,1
0.8682200152788389,-29.16666666666667,-1,0,0
1.129384965831435,8.666666666666664,7,0,1
0.81811697574893,1.499999999999993,-2,0,0
1.0681092586023413,45.66666666666666,3,0,0
0.9806201550387597,15.5,1,0,1
1.3635555555555556,13.333333333333336,1,0,0
0.9196496572734196,-0.1666666666666714,4,0,0
1.1455284552845528,-24.000000000000007,2,0,0
0.9358578052550232,0.0,3,0,0
1.096085409252669,4.5,-1,0,0
0.9834307992202729,6.833333333333329,3,0,1
0.9019540623928693,0.0,-2,0,0
0.9349890430971513,7.333333333333336,-2,0,0
0.6991497710922171,-5.666666666666664,-4,0,0
0.8930615164520744,-4.833333333333329,-2,0,0
1.0213004484304933,-8.5,3,0,0
0.7201342281879195,-15.666666666666671,-3,0,0
0.8750462107208873,-9.166666666666671,-1,0,0
0.8171428571428572,-23.83333333333333,5,0,0
1.1584875301689461,16.166666666666664,0,0,0
1.0749891634156914,-0.3333333333333357,0,0,1
0.8274809160305343,-22.166666666666664,0,0,0
1.089430894308943,-25.666666666666664,-2,0,0
1.6711663066954643,46.833333333333336,4,0,0
1.1932367149758454,5.166666666666671,-1,0,0
1.0011668611435238,-3.5,5,0,1
0.8352402745995423,-15.333333333333336,6,0,0
0.9962406015037594,-26.5,-3,0,1
1.3002717391304348,0.1666666666666714,-7,0,1
1.2241301400813376,5.333333333333336,-7,0,0
1.275381850853549,10.166666666666671,3,0,0
1.0970272502064409,3.5,1,0,1
1.0936708860759494,-20.5,11,0,0
1.2205818497611811,25.333333333333336,1,0,1
1.1210626185958255,2.0,0,0,1
1.0836952230556651,6.833333333333329,8,0,1
0.991812865497076,14.999999999999993,-6,0,0
1.0137254901960784,16.5,1,0,0
0.9872087711283691,7.166666666666671,-1,0,0
0.7714177407126611,-13.0,5,0,0
1.2393336042259244,5.0,-1,0,1
0.983404255319149,7.166666666666664,1,0,0
1.0859136502398605,5.166666666666671,7,0,0
0.9250802711380663,-5.5,0,0,1
1.1799674267100977,22.166666666666664,-5,0,1
0.9043234587670136,-12.166666666666671,0,0,0
1.0599346167816928,-3.0,2,0,1
0.9374548083875632,-12.166666666666671,2,0,0
1.033177570093458,7.0,-8,0,0
1.0410122164048865,17.333333333333336,6,0,1
0.9264653641207815,13.666666666666664,-3,0,1
1.0416281221091581,-25.83333333333333,-1,0,1
1.2140368342458934,28.5,8,0,1
0.8233727810650887,-43.66666666666667,0,0,0
0.8123569794050344,-2.666666666666657,5,0,0
0.9984202211690363,-4.333333333333329,-5,0,0
1.2533705253370526,24.499999999999993,-1,0,1
0.958,4.833333333333336,-4,0,1
1.1463195691202872,6.333333333333329,2,0,1
0.912861491628615,9.166666666666671,0,0,1
1.14184985483202,18.83333333333333,5,0,1
1.0149863760217983,-19.33333333333333,4,0,1
1.1290721649484536,9.0,2,0,1
1.0399092970521542,8.833333333333336,-7,0,1
0.856105610561056,-20.0,-6,0,0
1.2178649237472767,19.333333333333336,-3,0,1
0.7013333333333334,-13.166666666666671,0,0,0
0.8570910409865796,7.333333333333336,1,0,1
0.9844559585492227,-3.8333333333333286,4,0,1
0.8850491087668243,-37.333333333333336,1,0,0
0.8623713305375524,-7.666666666666664,-5,0,0
0.7153184165232358,-37.166666666666664,1,0,0
0.682251340083383,-14.333333333333336,2,0,0
0.967578125,5.166666666666671,-4,0,0
1.1205458680818803,23.66666666666667,-1,0,0
0.9107325383304941,-2.8333333333333286,2,0,0
1.1918850380388841,12.166666666666657,0,0,1
0.7018121911037891,-26.5,8,0,0
0.6320931980458474,-7.666666666666664,2,0,0
1.1295681063122924,2.6666666666666643,-4,0,1
1.0796559461480928,37.333333333333336,2,0,1
1.1246187363834423,-27.500000000000007,7,0,1
1.231732776617954,-7.666666666666664,6,0,1
1.0335951134380454,-1.1666666666666714,2,0,0
0.760748959778086,-30.666666666666664,0,0,0
1.1089837997054492,8.333333333333336,1,0,0
0.963957055214724,27.166666666666664,-5,0,0
1.0839255499153977,33.166666666666664,9,0,1
0.833916083916084,2.1666666666666714,4,0,1
0.9577795152462861,16.66666666666667,4,0,1
0.7454248366013072,-16.833333333333336,5,0,0
0.865301724137931,-0.8333333333333286,2,0,1
0.7818599311136625,2.5,0,0,1
0.9273245457784112,-36.666666666666664,0,0,1
0.993886462882096,-21.83333333333333,4,0,0
1.1930823117338003,-5.833333333333329,-2,0,1
1.0392776523702032,17.5,0,0,0
0.8267813267813268,-9.333333333333336,3,0,0
1.0581975390754905,-11.833333333333343,-6,0,1
1.004149377593361,-0.5,14,0,0
1.0592741935483871,4.166666666666664,-5,0,0
0.7398971344599559,-22.16666666666667,0,0,1
1.1042424242424242,37.333333333333336,4,0,1
0.91562634524322,10.166666666666664,-2,0,0
1.2565666041275798,13.666666666666664,-3,0,0
1.3200207468879668,14.333333333333336,10,0,1
1.322049405306496,15.666666666666671,1,0,1
0.9292851652574943,-0.6666666666666714,-1,0,0
0.9817532725109084,-6.0,-5,0,1
0.7617977528089888,9.166666666666664,2,0,0
0.8790322580645161,-32.333333333333336,-4,0,0
0.95765595463138,-3.500000000000007,3,0,0
0.7657355679702048,-39.0,0,0,0
1.0698302469135803,-7.666666666666664,-7,0,0
0.8483471074380166,-31.33333333333333,0,0,0
1.0073133179368745,-16.500000000000007,-7,0,1
1.0784401613626176,-6.500000000000007,-5,0,0
1.2091954022988505,-2.5,-4,0,1
0.9053840063341251,6.333333333333336,-1,0,0
1.0344537815126051,-15.833333333333336,-8,0,0
0.9271021291952364,-14.833333333333343,-7,0,0
1.0090737240075613,2.5,-2,0,0
1.3568386180785612,16.333333333333336,1,0,1
0.9119953528899216,3.833333333333343,1,0,1
1.0645302897278315,14.666666666666664,-6,0,1
0.9137651821862348,-15.166666666666671,-6,0,0
0.9394594594594594,-11.5,4,0,0
0.945117335352006,-26.33333333333333,-4,0,0
0.8028673835125448,-1.6666666666666714,-1,0,0
1.021900826446281,-5.166666666666671,3,0,1
1.0997643362136684,-21.5,11,0,1
0.8720238095238095,33.16666666666667,2,0,1
0.8738673432403045,-9.0,5,0,0
0.9302246426140232,-11.166666666666671,-5,0,0
0.9145518792161902,22.33333333333333,4,0,1
0.8579034941763727,-22.83333333333333,-1,0,0
0.9753479125248509,21.833333333333336,2,0,1
1.1499806725937378,-12.166666666666664,-4,0,1
1.030474840538625,2.1666666666666714,1,0,1
0.9695278969957082,40.166666666666664,-4,0,1
0.9351559761654399,11.999999999999993,2,0,0
0.9332819128422677,-19.333333333333336,4,0,1
1.392509727626459,4.833333333333329,0,0,1
0.9206963249516441,-3.0,2,0,1
0.8492426910884114,-22.500000000000007,-1,0,0
1.066358024691358,-0.6666666666666714,-4,0,0
1.2339154411764706,11.5,0,0,1
0.8853157690817512,0.6666666666666643,-3,0,1
0.9821782178217822,1.8333333333333357,1,0,1
1.050206069689022,-15.666666666666671,-5,0,0
1.4552417424605075,12.833333333333329,1,0,1
0.9843391902215431,24.83333333333333,1,0,1
0.8306233062330624,-0.8333333333333286,7,0,0
1.3257033857892226,-1.0,-1,0,1
1.0732758620689655,-4.166666666666671,-1,0,1
1.0784799669558034,3.0,5,0,1
0.9849304482225657,8.166666666666664,-5,0,1
0.8399729912221472,13.0,-4,0,0
0.838436744560838,4.833333333333336,4,0,1
0.7139896373056995,-2.5,-4,0,0
1.271279016841147,29.83333333333333,-6,0,1
1.3894649523019493,28.16666666666667,4,0,1
1.1572052401746724,20.999999999999993,-2,0,1
0.9486960239418555,-5.666666666666671,-5,0,1
0.8980891719745223,15.5,2,0,0
0.8112582781456954,-0.5,1,0,1
1.280398322851153,22.000000000000007,10,0,1
0.9004506349856616,-14.666666666666671,-3,0,1
0.9606805293005671,-3.0,5,0,1
0.8553459119496856,-38.333333333333336,-1,0,0
1.088258785942492,30.0,0,0,0
0.9929824561403509,25.833333333333336,4,0,1
0.7727442905278922,-24.5,-2,0,0
1.3412563667232598,30.166666666666664,3,0,1
1.0387225548902195,2.333333333333343,0,0,1
0.7867898699520877,9.0,3,0,1
0.9330294530154277,-9.333333333333329,-2,0,0
1.128369704749679,21.5,5,0,1
0.9123711340206185,30.33333333333333,4,0,1
1.1906854130052724,12.5,0,0,1
0.9447913243509695,7.5,-8,0,1
0.7911854103343465,-6.333333333333329,3,0,1
1.2650602409638554,5.5,-4,0,1
1.0120857699805068,-49.00000000000001,-3,0,0
0.8259911894273128,-27.0,0,0,1
1.0084317032040473,1.5,-3,0,0
0.9110320284697508,10.666666666666664,-2,0,0
1.0868085106382979,-23.166666666666664,4,0,0
0.6533010715520221,-21.16666666666667,-5,0,1
0.9782958199356914,-0.3333333333333286,-2,0,1
0.8814655172413793,-6.166666666666664,-5,0,0
1.0483870967741935,-13.333333333333329,2,0,0
1.0517171717171718,3.500000000000007,1,0,0
1.0395841663334666,-7.5,0,0,1
0.9922928709055877,-21.999999999999993,-2,0,0
0.8231547396028475,-24.833333333333336,2,0,0
1.02210433244916,12.833333333333336,-3,0,1
1.1902419024190243,4.666666666666671,-5,0,1
1.0468354430379747,-2.0,0,0,0
0.9357060849598163,10.333333333333336,1,0,1
1.0338983050847457,-6.0,1,0,1
1.1243500866551126,34.333333333333336,1,0,0
0.9770346494762289,12.166666666666664,11,0,1
0.9839769926047658,-22.666666666666664,-1,0,1
1.053030303030303,8.833333333333329,-2,0,1
0.9843119677274764,20.0,2,0,0
0.9036189069423929,-4.666666666666657,7,0,1
0.7801753202966959,-0.3333333333333286,-4,0,1
1.0250822368421053,4.5,4,0,1
0.9685802948021722,12.833333333333329,0,0,0
1.130253849354973,17.499999999999993,1,0,1
0.8442367601246106,-17.166666666666664,1,0,1
0.7706359945872802,-12.166666666666671,-7,0,0
0.921090387374462,-6.666666666666671,3,0,0
1.0822546972860125,14.666666666666664,0,0,1
1.1004901960784315,-1.8333333333333286,2,0,0
0.8115384615384615,3.5,-8,0,0
1.0034416826003825,12.5,-2,0,0
1.1049284578696343,-9.666666666666671,3,0,0
1.2578369905956113,21.333333333333336,-5,0,1
1.0174418604651163,18.333333333333336,-11,0,0
0.9330392943063353,-2.166666666666657,6,0,1
0.9805295950155763,-14.999999999999993,1,0,1
1.0919446704637916,-3.1666666666666714,0,0,0
0.8354994430003714,-12.166666666666671,-1,0,1
0.9895639209839732,-12.833333333333336,-1,0,1
1.2223756906077348,15.0,-4,0,1
0.9962577962577963,16.666666666666664,2,0,1
0.6484629294755877,-12.666666666666664,-2,0,1
1.0485165794066318,-7.5,-3,0,1
0.9339747843397479,1.0,2,0,1
0.8984083982390789,-5.166666666666671,-1,0,0
1.077500988533017,-3.8333333333333286,-6,0,1
1.1926415874328236,19.33333333333333,8,0,1
1.1176693151721528,3.3333333333333286,2,0,0
1.0939342881213143,1.6666666666666643,-2,0,0
1.0811251528740318,2.5,4,0,1
0.8416698006769462,-16.666666666666664,4,0,0
0.7672050561797753,-13.0,-4,0,0
1.059281696235396,-0.8333333333333357,1,0,1
1.169338265515824,-1.8333333333333286,3,0,0
0.9817184643510055,9.833333333333329,4,0,0
1.306987951807229,16.666666666666664,-5,0,1
1.2,21.33333333333333,2,0,1
0.9361888111888111,16.333333333333336,1,0,0
0.7200917731891183,-23.33333333333333,-3,0,0
1.1674245556014882,-18.66666666666667,-6,0,0
0.8752327746741154,-2.5,6,0,1
0.884016973125884,-13.333333333333329,-4,0,1
0.8721254355400697,5.333333333333336,2,0,0
0.856634649590893,-6.0,1,0,1
1.1651696606786428,1.5,-2,0,1
0.8328719723183391,-9.5,2,0,0
1.1335478680611424,18.16666666666667,3,0,1
1.0594179466451092,29.499999999999993,2,0,0
1.0997127615921214,24.83333333333333,0,0,1
1.0717315850366371,-1.6666666666666714,7,0,1
1.132442748091603,28.833333333333336,3,0,0
0.6655336505778382,-27.333333333333336,2,0,1
1.2478448275862069,24.166666666666664,-2,0,1
0.9084628670120898,-28.833333333333336,-1,0,0
0.7086899275839368,-15.0,6,0,0
0.9602951510892481,13.0,-10,0,0
0.831608005521049,-10.333333333333329,-4,0,0
1.084848484848485,0.1666666666666714,-3,0,1
0.8675009201324991,-16.0,3,0,1
1.08130081300813,9.166666666666664,0,0,0
0.9151183970856102,3.1666666666666714,1,0,1
1.0668111231491513,8.333333333333329,9,0,0
0.6267926988265972,-24.66666666666667,-2,0,0
0.8037383177570093,-7.666666666666664,-5,0,1
1.0178890876565294,3.1666666666666714,5,0,1
1.0482729920932168,11.333333333333336,-3,0,0
0.8839823364110799,0.3333333333333357,2,0,0
1.03051996985682,-4.666666666666671,8,0,1
0.7889937106918239,-11.333333333333343,10,0,1
1.3106960950764006,32.666666666666664,-2,0,1
1.1814345991561181,-9.666666666666664,1,0,1
1.0946502057613168,-14.833333333333336,-4,0,1
1.1445731445731446,5.166666666666671,8,0,0
0.9638790734197095,2.8333333333333357,6,0,1
0.8879668049792531,-23.83333333333333,-4,0,0
1.0815328169588259,-6.166666666666671,-4,0,0
1.0131766381766383,13.166666666666664,4,0,0
0.9789932619896948,7.333333333333329,2,0,1
0.9648979591836735,-6.166666666666664,13,0,1
1.0228150228150228,-5.833333333333329,-1,0,1
0.9554419284149014,-35.166666666666664,1,0,1
1.2245283018867925,17.500000000000007,-2,0,1
0.9113694151834363,0.8333333333333357,1,0,0
0.8972990996999,-25.333333333333336,-1,0,1
1.0570402871958515,28.833333333333336,-2,0,0
0.9640510243525319,-15.166666666666664,3,0,1
1.1326762699014405,7.166666666666664,-6,0,0
1.0597073942269672,3.833333333333343,-3,0,0
1.0561471442400774,18.666666666666664,11,0,1
1.0871735791090629,14.666666666666664,2,0,1
1.0192926045016077,-18.83333333333333,3,0,0
0.6628849270664505,-7.833333333333329,-3,0,0
1.5241379310344827,3.8333333333333357,2,0,1
0.8362356428306781,-8.0,-1,0,0
0.8567141785446362,-5.333333333333329,-8,0,0
1.0600150037509377,14.0,-1,0,1
1.218189964157706,13.166666666666671,-2,0,1
0.9421965317919075,17.16666666666667,5,0,0
0.8456201214223764,-20.83333333333333,-3,0,1
0.818086592178771,-12.666666666666671,4,0,0
0.9988614800759014,-13.833333333333336,2,0,0
0.8635294117647059,-35.33333333333333,10,0,1
1.2164743334659769,29.166666666666664,1,0,0
0.8706329989622967,-16.166666666666664,6,0,0
1.0161758606387392,-10.166666666666664,4,0,1
0.9237829209896249,-6.166666666666671,-1,0,0
0.9022708840227088,-38.49999999999999,5,0,1
0.9455968688845401,-5.666666666666671,-5,0,0
1.0880943604865463,15.499999999999993,0,0,0
1.0773922988943958,7.666666666666671,1,0,1
0.8324625566004876,-21.166666666666664,-1,0,0
0.963387573964497,15.833333333333336,10,0,1
0.8335630599586492,-35.666666666666664,0,0,0
1.4072815533980583,39.66666666666667,0,0,1
0.9044943820224719,-4.333333333333343,3,0,1
1.001536098310292,5.166666666666657,3,0,1
1.0410094637223974,-0.3333333333333286,4,0,1
1.013064133016627,5.333333333333329,6,0,1
1.1170305676855896,-3.8333333333333357,7,0,1
0.9882958801498127,-12.833333333333329,5,0,1
1.0765940902021773,5.833333333333329,-1,0,1
0.9945820433436533,26.333333333333336,-8,0,0
0.9427522935779816,5.666666666666671,3,0,0
0.8209169054441261,-28.833333333333336,3,0,0
1.1260241904018728,18.166666666666664,1,0,1
0.8839590443686007,-2.5,6,0,1
0.7923837422189675,-19.500000000000007,4,0,0
1.2250844594594594,24.333333333333336,6,0,1
1.074032318677189,-24.166666666666657,-1,0,1
0.8674846625766871,9.0,-4,0,0
1.1904761904761905,24.666666666666664,-2,0,0
0.6944235116804823,-28.5,2,0,0
1.0510127531882971,0.0,1,0,0
0.864081188836535,-2.333333333333343,0,0,0
0.989010989010989,19.166666666666664,8,0,1
1.3122043519394513,24.499999999999993,-2,0,0
1.3020408163265307,-3.6666666666666643,-4,0,0
0.9385125184094256,5.666666666666671,-3,0,1
1.1371753246753247,24.000000000000007,-6,0,1
1.113744075829384,31.16666666666667,5,0,1
0.9837720879913451,-14.0,-1,0,0
1.0677496038034866,-11.666666666666671,7,0,1
1.1855877616747181,-4.0,-1,0,1
1.0134278254382694,-3.5,4,0,1
0.8988480921526278,-7.666666666666671,9,0,1
1.152619589977221,7.666666666666671,3,0,1
0.8893338187113214,-34.66666666666667,-12,0,0
0.9652014652014652,9.333333333333336,-1,0,0
1.1676646706586826,9.833333333333329,0,0,0
1.03584229390681,14.166666666666657,4,0,0
0.9922942206654991,18.666666666666664,1,0,1
1.0352187833511206,-4.833333333333343,-4,0,0
1.32073732718894,18.16666666666667,-8,0,1
1.0841472577009768,17.83333333333333,6,0,0
1.2077151335311573,19.500000000000007,-3,0,1
0.9674157303370786,1.3333333333333286,2,0,1
1.072493786246893,-9.5,0,0,1
0.9379310344827586,-9.5,-6,0,1
1.346236559139785,21.83333333333333,-3,0,1
1.3060085836909872,6.666666666666657,-2,0,1
0.8513559903879162,-19.666666666666664,-1,0,0
0.8869888475836432,2.6666666666666643,-2,0,0
0.8926243567753002,-18.33333333333333,0,0,0
0.9414654113794515,-0.5,4,0,0
0.8246120534103212,7.666666666666671,2,0,0
0.9181455994204998,4.0,-1,0,1
1.15625,1.6666666666666714,-9,0,0
1.2729488220958571,8.999999999999993,-1,0,1
1.0144431774990499,25.166666666666664,-4,0,0
0.6994856722997795,-10.333333333333336,3,0,0
1.0403032721468475,0.1666666666666714,-6,0,0
0.9024096385542169,14.166666666666671,7,0,1
1.4123222748815165,8.166666666666671,5,0,1
1.0056224899598394,6.833333333333329,5,0,1
0.913751298926221,-36.833333333333336,-2,0,0
1.0723729993041058,-4.333333333333343,3,0,1
1.2208480565371025,30.500000000000007,-4,0,1
1.0746455379482902,-3.1666666666666714,-3,0,1
1.1176470588235294,15.0,7,0,0
0.756,-5.666666666666664,4,0,0
0.6586240626018911,-7.833333333333329,-2,0,0
1.1552280055274067,-2.999999999999993,0,0,1
1.021311475409836,3.1666666666666643,1,0,0
1.0903199675982178,9.666666666666671,-3,0,0
1.214065934065934,12.500000000000007,-4,0,0
0.7109451120493667,-6.333333333333336,5,0,0
0.988911988911989,1.0,-1,0,0
0.9458256029684601,-14.833333333333329,-1,0,0
0.8716715976331361,-11.833333333333336,0,0,0
1.1638733705772812,5.333333333333336,3,0,1
0.9325757575757576,21.833333333333336,-5,0,1
1.13244176013805,5.666666666666657,3,0,0
1.0691588785046728,12.666666666666671,0,0,0
1.110022271714922,-11.166666666666664,0,0,0
1.0228880565959217,27.833333333333336,-3,0,1
1.0631904551480336,-2.166666666666657,0,0,1
0.9771119434040783,-9.833333333333329,-2,0,1
0.7335304054054054,-22.833333333333336,1,0,1
1.092761004001455,0.1666666666666572,2,0,1
1.007870916961826,5.000000000000007,-3,0,1
0.912,-10.333333333333336,0,0,0
1.2120289303387894,31.000000000000007,4,0,1
1.1747225205871823,14.833333333333329,0,0,1
1.4304932735426008,67.16666666666666,1,0,1
0.8663446054750402,-7.166666666666664,-1,0,0
0.8460213572166724,3.1666666666666643,0,0,0
0.9944223107569721,28.33333333333333,1,0,1
0.7145569620253165,-34.50000000000001,1,0,0
0.9773809523809524,1.1666666666666714,4,0,1
0.9564164648910412,-25.500000000000007,-6,0,1
1.0043057050592035,2.6666666666666643,4,0,1
1.0,1.0,-4,0,1
1.0206060606060605,-17.16666666666667,-3,0,1
0.9685240323266695,7.0,-2,0,0
1.0593797276853252,9.666666666666664,-2,0,0
0.790905836018618,-5.5,-4,0,1
0.9911978568694987,16.000000000000007,-1,0,0
1.1447419480015522,-20.833333333333336,4,0,0
1.021044992743106,3.8333333333333286,-10,0,0
1.1700205338809035,21.166666666666664,-1,0,1
0.8552188552188552,3.5,0,0,1
0.8325878594249201,-36.83333333333333,2,0,1
0.9636871508379888,-6.333333333333329,-2,0,0
1.3024022609514838,12.500000000000007,0,0,1
0.9505956552207429,8.833333333333329,5,0,1
0.9947261663286004,11.666666666666664,3,0,0
0.8071928071928072,-40.333333333333336,-1,0,0
1.3406113537117903,14.833333333333329,-2,0,0
0.812987012987013,-3.8333333333333286,-1,0,0
0.8567901234567902,0.5,0,0,0
1.054103622191655,9.0,3,0,0
1.130283055447848,12.0,-1,0,0
0.9418394950405771,-17.666666666666664,-7,0,0
0.6764378478664193,-14.666666666666664,2,0,0
0.8260233918128655,-13.666666666666664,-5,0,0
1.2164236377590176,23.499999999999993,-2,0,1
1.022195798652398,9.0,-3,0,1
1.094523326572008,-4.333333333333329,-4,0,0
1.1543876114500236,-2.5,-1,0,0
1.1174812030075187,15.833333333333329,4,0,1
1.1958721165520032,-11.5,0,0,1
1.1204868154158214,-5.0,-3,0,1
0.9333333333333333,-7.666666666666671,5,0,1
0.8486373165618448,16.5,-1,0,1
1.0427184466019417,2.666666666666657,1,0,0
0.8799403430275914,11.166666666666671,0,0,0
1.013877551020408,-1.5,1,0,0
0.8992695117262591,-0.5,0,0,0
0.7901276024177301,-7.499999999999993,-4,0,0
0.9385796545105566,9.333333333333336,-1,0,1
1.005048187241854,-9.833333333333329,-1,0,1
0.8667814113597246,-18.166666666666664,7,0,1
0.9748062015503876,-16.83333333333333,0,0,0
0.9203307027433296,0.8333333333333357,0,0,0
0.8760147601476015,-18.000000000000007,-5,0,0
1.0759546789760805,-3.3333333333333357,-8,0,0
0.8478527607361963,-20.5,4,0,0
1.0166358595194085,10.333333333333329,3,0,1
1.0676129996264476,29.66666666666667,3,0,1
1.0816179126038281,27.16666666666667,0,0,1
0.8858715596330275,2.3333333333333357,-5,0,0
0.986013986013986,-3.8333333333333286,2,0,0
0.9072315558802045,10.5,10,0,0
0.9420056383407168,-21.000000000000007,-1,0,1
0.8023850085178875,-19.33333333333333,3,0,0
0.955106237148732,0.3333333333333357,1,0,1
1.1188475390156063,4.666666666666671,5,0,1
1.2068345323741008,-28.333333333333336,4,0,0
1.038753495805034,-15.500000000000007,0,0,0
0.9567266495287061,-10.333333333333336,-1,0,1
0.9256603773584906,-10.000000000000007,-2,0,1
0.8500881834215167,8.833333333333329,-4,0,0
0.920292801952013,-9.333333333333336,2,0,0
1.4041313559322033,19.166666666666664,1,0,1
1.032703488372093,-12.333333333333329,3,0,0
0.950965250965251,-9.333333333333336,-5,0,0
1.0897631779984722,8.666666666666671,-1,0,1
1.1607985480943739,5.166666666666657,-2,0,0
1.0170132325141776,-10.666666666666664,-5,0,1
0.9746987951807229,6.999999999999993,-2,0,1
0.888013698630137,-18.83333333333333,-2,0,1
0.8214521452145215,-0.3333333333333428,2,0,0
1.1457418788410887,15.999999999999993,4,0,0
0.6426470588235295,-18.166666666666664,2,0,1
1.0298401420959147,-2.666666666666657,-1,0,1
0.8470377019748654,-28.500000000000007,-1,0,0
1.113120430934975,7.0,3,0,0
1.1998394863563402,38.666666666666664,8,0,1
1.0671186440677967,-13.833333333333343,-1,0,0
0.987876254180602,13.166666666666664,-2,0,0
1.3423035522066737,9.833333333333336,3,0,0
0.9683954619124797,3.8333333333333286,-2,0,1
1.0492332526230832,1.6666666666666643,-4,0,1
1.0272133526850509,-5.833333333333329,-8,0,0
1.2632375189107412,14.166666666666671,-4,0,1
0.8579960185799602,-19.0,-2,0,1
0.9156862745098039,-28.999999999999993,2,0,0
0.9545647558386412,-10.166666666666671,-3,0,1
1.1347826086956523,7.5,7,0,1
1.068421052631579,20.833333333333336,1,0,1
1.0603835169318645,-8.666666666666671,-5,0,0
0.9626943005181348,27.0,-1,0,0
0.8913465269693442,36.166666666666664,6,0,1
0.721442246330568,-29.0,4,0,1
0.7036617591543979,-5.666666666666664,-2,0,0
0.9288085577277757,-9.166666666666671,2,0,0
0.7892091152815014,-20.83333333333333,1,0,0
1.0343030829353017,-0.1666666666666714,3,0,1
1.1263841160748378,4.666666666666671,2,0,0
0.9139596136962248,-21.83333333333333,8,0,0
1.0164338537387017,-13.833333333333329,1,0,1
1.188943894389439,15.833333333333329,-5,0,0
0.751230012300123,4.166666666666671,0,0,1
0.7953321364452424,-7.666666666666664,0,0,0
1.131825938566553,31.16666666666667,-6,0,0
0.8545780969479354,-17.999999999999993,3,0,0
0.8165765765765766,5.833333333333336,4,0,1
0.9954433929197336,-2.3333333333333286,1,0,0
1.0451286377056095,-3.5,2,0,1
0.8305012744265081,-6.833333333333336,-2,0,1
0.7889350815478094,-17.16666666666667,4,0,0
0.954514128187457,-21.0,-1,0,0
0.9744421906693712,-1.0,3,0,0
1.295314718409844,0.6666666666666714,4,0,1
0.9485964272694131,9.833333333333329,4,0,1
0.6835051546391753,-35.333333333333336,7,0,1
1.0389197776012709,8.666666666666671,-3,0,1
0.9536832818703131,8.833333333333329,6,0,1
1.2644422310756973,19.0,1,0,0
1.1988636363636365,-13.666666666666671,1,0,0
1.1222620469932298,34.166666666666664,-1,0,1
0.9361622230567029,-37.00000000000001,1,0,0
0.7134483881471834,-29.499999999999993,-3,0,0
1.0938538205980066,0.0,-2,0,0
0.9976993865030674,-25.166666666666664,5,0,0
0.8996539792387543,-13.166666666666657,1,0,1
0.8433734939759037,-10.833333333333336,1,0,0
1.3014008133755084,27.166666666666664,2,0,1
0.944256120527307,-15.333333333333329,-2,0,1
0.9472468232576049,-9.166666666666657,-1,0,1
1.0532271584241408,25.333333333333336,-4,0,1
0.9627718392922964,0.8333333333333286,-1,0,1
1.1378737541528239,-1.5,-3,0,1
1.0269256987048399,0.5,6,0,0
0.7892998678996037,-18.66666666666667,-5,0,1
0.8633962264150944,-25.83333333333333,-3,0,1
0.9853057982525815,8.5,0,0,0
1.0872005988023952,-15.000000000000007,4,0,1
0.9829222011385199,-11.666666666666671,3,0,0
1.0050980392156863,-0.5,-1,0,1
0.6745704467353952,-37.833333333333336,-3,0,0
1.3612836438923395,8.5,3,0,0
0.8061473978344394,-19.166666666666664,0,0,0
0.9024822695035462,0.3333333333333286,-6,0,0
0.9302766199317923,-12.833333333333329,4,0,1
0.8778438921946097,-16.000000000000007,1,0,0
0.9861635220125786,16.66666666666667,-1,0,1
0.9937759336099585,21.666666666666664,-3,0,0
0.9192546583850931,13.5,-5,0,0
1.2189125295508274,18.000000000000007,-2,0,1
0.9392471114424152,-4.333333333333336,5,0,1
1.0921501706484642,5.333333333333329,-1,0,0
0.9087154068566708,-13.500000000000007,-5,0,0
1.2477196351416227,9.333333333333329,-6,0,1
1.0713107996702391,-10.833333333333336,4,0,1
0.8858316221765914,4.333333333333336,4,0,1
1.1987695220066257,12.666666666666671,-7,0,1
0.9064625850340136,-9.333333333333343,1,0,0
0.9538894755367828,15.833333333333329,3,0,0
0.8913926856298485,-9.333333333333329,13,0,0
1.127902068383284,32.833333333333336,-2,0,0
1.0055292259083728,10.666666666666671,5,0,1
1.129535864978903,-16.666666666666664,2,0,1
1.076417419884963,-14.999999999999993,3,0,0
0.8231173380035026,-2.333333333333343,-2,0,0
1.0990187332738626,7.5,-2,0,0
1.1685242978154258,25.0,3,0,1
1.0003437607425232,6.166666666666671,2,0,0
0.8882854926299457,17.16666666666667,-2,0,1
1.0901978831109065,6.666666666666671,2,0,0
1.0013077593722755,-6.666666666666664,-4,0,1
1.0781362007168458,-1.0,12,0,1
0.8368495077355836,-1.1666666666666714,2,0,1
0.8658414185346269,-5.333333333333336,2,0,0
0.9345318860244234,2.0,4,0,0
0.9100288898060256,-29.833333333333336,4,0,0
1.219603441825664,19.000000000000007,-4,0,0
0.7793674698795181,-14.0,-3,0,0
0.985128617363344,5.333333333333329,-3,0,1
1.1753494282083863,11.5,8,0,0
0.8031013342949874,-3.1666666666666714,4,0,0
1.0614605929139551,10.0,6,0,1
0.7805519053876478,-14.5,2,0,0
0.7403087478559177,-9.0,2,0,0
1.014388489208633,7.5,3,0,1
1.0721247563352827,5.0,-2,0,1
0.9090551181102362,14.333333333333343,-7,0,0
0.7358219669777458,-16.5,0,0,1
1.003066141042488,-4.0,2,0,0
0.6738768718801996,-10.666666666666671,-3,0,1
0.801962846126884,-13.166666666666671,-2,0,0
1.048951048951049,13.666666666666657,1,0,0
0.8566457898399443,-23.333333333333336,-4,0,0
1.003108003108003,4.833333333333329,3,0,1
0.95975469528555,-31.16666666666667,-2,0,1
0.8245614035087719,8.166666666666664,-4,0,0
1.199067599067599,6.500000000000007,-5,0,1
0.8911022576361222,-1.3333333333333286,5,0,1
0.9202867988190637,-0.3333333333333428,4,0,1
1.0767960363336087,22.000000000000007,6,0,1
1.02588066139468,14.5,4,0,0
1.1658653846153846,5.166666666666671,-3,0,1
0.8191729323308271,1.1666666666666572,0,0,0
1.2065033783783783,6.666666666666671,4,0,1
1.0767754318618041,-6.666666666666671,9,0,1
0.9514744307577454,4.833333333333329,0,0,0
0.9886960032297134,15.0,1,0,0
0.7618712627506156,-14.833333333333336,-1,0,0
0.9070929070929071,-3.1666666666666714,-3,0,0
1.1193181818181819,-16.0,-1,0,0
0.866692278140607,0.3333333333333286,-1,0,1
0.9835051546391752,-6.666666666666657,-2,0,0
0.8608349900596421,-10.833333333333336,-10,0,0
0.9559675550405562,-15.000000000000007,-3,0,0
1.0173388616660384,22.166666666666664,3,0,1
1.1272898074213247,3.0,1,0,1
0.9546313799621928,6.5,-1,0,0
0.8172043010752689,2.0,-8,0,0
0.8685939553219448,7.166666666666671,0,0,0
0.7580174927113703,-8.166666666666664,-2,0,0
0.887710314557425,-8.166666666666664,-2,0,0
1.0211350293542074,11.333333333333329,1,0,1
0.9512485136741974,0.6666666666666714,5,0,0
1.0062293880542323,3.3333333333333286,0,0,1
0.9557458957887224,-36.0,-1,0,0
1.1727272727272726,17.833333333333336,-1,0,1
0.8546205860255447,-30.5,2,0,1
0.9209270620313565,-22.833333333333336,0,0,1
1.0966202783300198,10.333333333333336,7,0,0
0.979734219269103,-8.833333333333329,-3,0,0
1.2477355072463767,14.333333333333336,1,0,0
0.9338715878508266,-3.1666666666666643,-6,0,0
1.1851851851851851,27.333333333333336,1,0,1
0.7601296596434359,-26.5,7,0,1
1.0638394892840857,10.333333333333336,-2,0,0
1.272633744855967,-2.6666666666666714,-2,0,1
0.8723864455659697,0.1666666666666714,5,0,1
0.9029411764705882,0.5,-4,0,0
0.9549041713641488,8.666666666666657,0,0,1
1.1859620814844696,18.0,-2,0,0
0.8860388420666911,2.833333333333343,4,0,1
1.0873080032336297,-13.833333333333336,1,0,0
1.0212683681361177,8.333333333333336,-4,0,0
0.889267461669506,-12.333333333333336,-5,0,1
0.901017214397496,-14.333333333333343,-1,0,0
1.0581831831831832,-9.666666666666671,5,0,1
0.7324913892078071,-14.333333333333336,-1,0,0
0.7057347670250896,-4.666666666666671,0,0,0
1.211284046692607,2.8333333333333286,1,0,1
1.367659574468085,15.833333333333329,-6,0,1
1.062042223179664,12.5,-4,0,0
0.6904761904761905,1.5,1,0,0
0.8102218700475435,-2.6666666666666643,-4,0,1
0.9412176347095871,-33.33333333333333,0,0,0
1.0271439811172305,-4.166666666666657,-2,0,0
0.9830441640378549,-2.5,0,0,0
0.8883196721311475,29.499999999999993,-5,0,0
0.8753753753753754,-12.833333333333336,-1,0,0
1.4977443609022556,27.0,2,0,1
1.2268413917758698,15.500000000000007,-6,0,1
0.908835904628331,-26.16666666666667,1,0,0
1.1285393258426966,-16.833333333333336,-3,0,1
0.8500745156482862,-31.833333333333336,5,0,0
0.8143044619422573,-4.5,-3,0,1
0.9796779141104295,10.0,5,0,0
0.9875222816399287,21.83333333333333,0,0,0
0.7048903878583473,9.333333333333329,-5,0,0
0.8767938396919845,-22.333333333333336,-1,0,1
0.889261744966443,0.1666666666666714,-9,0,0
1.2106904231625835,8.0,2,0,0
1.0132265924121129,3.3333333333333286,-4,0,1
1.3173777315296566,-3.6666666666666643,-1,0,0
0.847457627118644,-10.500000000000007,3,0,0
0.8543381887270425,-40.666666666666664,-3,0,0
1.1062931696085956,11.666666666666657,-5,0,0
1.0272357723577237,-0.1666666666666643,-2,0,0
1.0238769728854715,3.1666666666666643,-1,0,1
0.9795275590551181,-13.000000000000007,1,0,0
1.1478260869565218,16.833333333333336,-2,0,1
1.10836820083682,13.666666666666664,1,0,1
0.9073284218689415,-17.166666666666664,1,0,0
1.1139430284857572,10.166666666666664,6,0,1
0.9283276450511946,-1.6666666666666643,7,0,0
1.020814479638009,8.0,-2,0,1
0.8081911262798634,-12.666666666666671,-6,0,0
0.9232784431137725,-39.49999999999999,-7,0,1
0.9492667459373761,1.1666666666666643,-4,0,1
1.0934088152042054,-3.8333333333333286,6,0,1
0.7866123003737683,0.8333333333333286,-3,0,1
1.3768867924528303,16.833333333333336,-1,0,1
0.8391098139365195,-2.8333333333333286,-8,0,0
0.9522566206639314,-22.666666666666664,4,0,1
0.9988326848249027,9.999999999999993,2,0,0
1.2303245887060916,15.333333333333336,-4,0,0
0.7855572998430141,3.5,-3,0,0
1.0412573673870333,5.333333333333343,1,0,1
1.315129811996419,-7.833333333333329,-8,0,1
1.1632270168855534,18.333333333333343,-7,0,1
1.0491159135559922,6.333333333333336,6,0,1
0.9563369397217929,4.833333333333343,-1,0,0
0.8501683501683501,-0.1666666666666572,-2,0,1
1.045208655332303,-4.833333333333343,-7,0,1
0.8199127330424435,4.666666666666664,4,0,1
1.1896010757507844,15.333333333333329,-1,0,1
1.069035123132822,29.66666666666667,3,0,0
0.9202190066484162,13.333333333333329,-2,0,1
1.0341388569236671,17.666666666666664,-2,0,0
1.0301117047110249,54.33333333333333,-4,0,1
1.237037037037037,-3.1666666666666643,1,0,1
0.8028549382716049,-35.833333333333336,11,0,0
0.74580910023948,-26.0,-6,0,0
1.1364468864468864,7.333333333333336,3,0,1
0.8791095890410959,-14.833333333333343,2,0,1
0.937455579246624,2.499999999999993,1,0,0
1.0817535545023698,-14.999999999999993,5,0,0
1.1619718309859155,-1.0,-1,0,1
1.1168181818181817,15.5,2,0,1
1.3051470588235294,13.333333333333336,3,0,1
1.005332239540607,-3.1666666666666643,-3,0,0
0.8981243104082384,-12.0,0,0,0
0.8185198958720714,20.666666666666664,0,0,0
0.9163389345727565,16.33333333333333,-1,0,0
0.988135593220339,6.0,3,0,0
1.0288659793814432,-5.833333333333329,0,0,0
0.9295345802522836,14.166666666666671,2,0,1
1.067689885871704,8.0,-2,0,1
1.039179104477612,-6.333333333333329,5,0,0
1.0722695899309784,17.000000000000007,-4,0,0
1.1657797789602946,22.833333333333336,1,0,1
1.0683257918552036,1.1666666666666572,-2,0,1
0.8816187594553706,-30.333333333333336,-4,0,0
0.9306647605432452,-24.666666666666664,2,0,0
0.8351900393184797,2.5,5,0,0
1.0348162475822051,18.83333333333333,3,0,0
0.8908474576271187,-3.333333333333343,-5,0,0
1.0885416666666667,9.333333333333343,-1,0,0
0.9655172413793104,-3.999999999999993,1,0,1
1.1722772277227722,9.833333333333336,-4,0,0
0.9350850077279753,21.666666666666664,1,0,1
1.2668698302133217,-9.333333333333343,2,0,1
0.8705206220419203,16.33333333333333,4,0,1
0.8113815318539728,-5.833333333333343,-4,0,1
0.9812619502868068,-2.1666666666666714,8,0,1
1.0968775020016013,16.333333333333343,2,0,0
1.0151006711409396,-9.166666666666657,-1,0,0
1.0193521245267143,-19.500000000000007,2,0,1
1.2970387243735764,-3.6666666666666714,-4,0,1
0.9693989071038251,-18.166666666666664,-1,0,1
0.9980522010128555,-12.833333333333336,-4,0,0
0.8705267390430237,-20.16666666666667,-3,0,0
1.0278491859468724,1.1666666666666643,5,0,0
1.0027910685805423,7.833333333333329,-6,0,0
0.9072550486163051,13.5,-8,0,1
1.1106104055714872,-2.999999999999993,-6,0,0
0.9173929518757105,-27.333333333333336,-7,0,0
0.9774346793349169,-5.833333333333329,0,0,0
1.0286425902864258,-14.5,-3,0,1
1.245260663507109,27.000000000000007,-1,0,0
1.2174969623329284,-0.6666666666666714,-2,0,1
0.9387040280210157,12.666666666666671,-9,0,1
0.9572,17.666666666666664,-1,0,0
1.2123824451410659,-14.833333333333329,-3,0,0
0.8758348512446873,-23.499999999999993,-1,0,0
0.8845238095238095,11.999999999999993,-1,0,1
0.7429259482239615,-10.666666666666657,-5,0,0
0.9368224299065421,5.833333333333336,-6,0,1
1.0475833645560135,16.999999999999993,-7,0,0
0.94859287054409,-25.500000000000007,0,0,0
1.156298600311042,-6.666666666666671,-5,0,1
0.7775557775557775,-12.666666666666664,1,0,0
1.323851203501094,11.666666666666664,-4,0,1
0.9349177330895795,-1.6666666666666572,1,0,1
1.2272727272727273,7.833333333333329,4,0,1
0.9370984105512343,-26.333333333333336,0,0,1
0.857200647249191,-17.16666666666667,-2,0,0
0.94315337861995,-8.166666666666664,0,0,1
0.9692919075144508,2.500000000000007,-1,0,0
0.949667221297837,-25.33333333333333,1,0,0
0.9855502037791775,11.333333333333329,-3,0,0
1.0277777777777777,-13.500000000000007,1,0,0
1.1232876712328768,-19.500000000000007,-1,0,0
1.1742424242424243,3.0,-2,0,1
0.8257055682684973,-20.66666666666667,0,0,0
0.7355046528274874,-8.666666666666664,-1,0,1
0.9227669576897246,-15.166666666666671,-3,0,0
0.905538857878918,-27.666666666666664,1,0,0
1.0197557471264367,10.0,-1,0,1
0.9223839223839224,-11.5,4,0,1
1.0354914196567864,-23.000000000000007,6,0,1
0.9371428571428572,-18.333333333333336,0,0,0
1.144280442804428,25.0,-4,0,1
1.179213002566296,1.1666666666666714,-5,0,0
1.2407955988150656,-3.6666666666666714,0,0,0
1.0954954954954954,0.3333333333333428,-3,0,1
0.9217162213022205,-3.499999999999993,1,0,0
0.9363295880149812,9.333333333333329,7,0,1
0.9910581222056631,6.666666666666664,-6,0,1
1.4490358126721763,23.666666666666664,-2,0,1
0.94278135657446,-10.0,0,0,1
0.7976973684210527,-2.500000000000007,-4,0,1
0.8153914590747331,-3.1666666666666643,-4,0,0
0.9265033407572383,1.5,-1,0,0
0.8725637181409296,-1.8333333333333286,9,0,1
0.9384400139909059,27.333333333333336,-8,0,0
1.0065359477124183,25.83333333333333,-4,0,0
1.087837837837838,-5.0,1,0,0
0.7812274368231047,-20.833333333333336,3,0,1
0.9559823929571829,-13.0,1,0,0
0.633774834437086,-13.666666666666671,-1,0,0
0.8094393186657204,6.333333333333329,-1,0,0
0.8692012556679456,-11.166666666666664,5,0,0
0.8521468144044322,-5.166666666666657,2,0,0
0.8894592744695414,-4.5,2,0,0
1.0413011695906433,1.8333333333333286,-6,0,1
1.2350763535400278,-2.6666666666666643,-2,0,0
1.1436251920122888,25.66666666666667,4,0,0
0.8560401389424932,-12.666666666666657,2,0,0
0.9384973404255319,-8.833333333333329,7,0,0
1.1411874707807386,16.83333333333333,-1,0,1
0.969758064516129,1.5,-8,0,1
0.7563567362428842,2.8333333333333286,-2,0,0
0.8013527945888217,5.333333333333336,0,0,1
0.85514190932547,-3.500000000000007,-3,0,0
0.9314500941619586,-18.66666666666667,-3,0,0
1.1284253578732106,-4.166666666666671,-2,0,0
0.9927756653992396,-14.499999999999993,-6,0,0
1.073517126148705,13.0,-2,0,0
0.898743814236772,-14.166666666666664,-3,0,0
1.084718281313336,-10.166666666666671,0,0,0
1.0282534246575343,-3.500000000000007,3,0,1
0.8880324543610547,-9.166666666666664,3,0,0
1.2374010828821325,12.999999999999993,0,0,1
0.8897300855826201,12.166666666666664,6,0,0
0.9960014540167212,-12.333333333333329,-1,0,0
0.9576169532187125,14.666666666666657,-5,0,0
0.8283166109253066,4.333333333333336,-1,0,0
0.9964566929133858,-9.833333333333329,0,0,0
0.8667462211614956,-1.6666666666666643,3,0,1
0.9941151744430433,-21.500000000000007,3,0,1
0.9274102079395085,11.0,5,0,1
1.0914585012087026,15.0,-10,0,0
0.9795454545454545,6.333333333333336,3,0,1
0.8742281442963926,-21.5,0,0,0
0.8061821219715957,-5.833333333333336,-1,0,0
0.8576602680188338,-28.16666666666667,3,0,0
0.9146902654867257,-21.333333333333336,1,0,1
1.2901869158878505,0.3333333333333286,-3,0,1
0.9729526671675433,-28.499999999999993,10,0,1
1.263157894736842,-7.666666666666671,-1,0,1
0.9335714285714286,-13.0,5,0,0
0.8943942133815551,-21.833333333333336,-6,0,1
0.8118407621640014,11.333333333333329,0,0,0
1.3237976782752903,14.666666666666664,9,0,1
1.072888546085615,-6.5,3,0,1
0.9478228228228228,-23.666666666666664,7,0,1
1.1058558558558558,9.0,-4,0,0
1.475051975051975,0.6666666666666643,0,0,1
0.9749303621169917,-14.166666666666671,-7,0,0
1.1761744966442953,18.0,-3,0,0
1.0213032581453634,5.833333333333336,-1,0,1
1.1512345679012346,26.5,0,0,0
0.763373190685966,-22.66666666666667,2,0,0
1.0749185667752443,3.1666666666666643,-2,0,0
1.0952380952380953,-0.3333333333333286,-5,0,1
0.9032017870439315,-11.833333333333336,2,0,0
0.8398041273172437,-12.666666666666664,1,0,0
1.08848433530906,-7.666666666666671,-2,0,0
0.9128407460545194,12.833333333333336,1,0,0
1.018800358102059,-6.333333333333343,-1,0,0
0.8737530099759202,-11.0,-1,0,1
0.8963691376701967,-23.000000000000007,-2,0,0
0.8891472868217054,17.16666666666667,1,0,0
1.0248198558847077,-11.666666666666671,1,0,0
0.9448971672487388,-16.333333333333343,-1,0,1
0.9237770193401593,-37.666666666666664,-3,0,0
0.8423013245033113,-2.5,3,0,1
0.8392272429600524,11.333333333333329,2,0,0
1.2452830188679245,8.0,2,0,1
0.7316912972085385,-5.0,1,0,0
1.1036484245439468,-12.333333333333336,4,0,1
1.1697600724309642,17.16666666666667,0,0,1
0.671356783919598,0.6666666666666643,1,0,0
1.048033126293996,16.000000000000007,-1,0,0
0.7631048387096774,5.999999999999993,2,0,0
1.1139497161394971,1.8333333333333286,-3,0,1
0.9746115953012505,-2.833333333333343,-5,0,0
1.1876075731497417,10.333333333333336,-4,0,0
0.8652892561983471,-4.666666666666671,-1,0,0
0.9195997239475501,-11.0,-3,0,1
1.0851520572450806,-3.0,6,0,0
0.8920473773265651,11.833333333333343,-9,0,0
1.175983436853002,17.5,-10,0,1
1.5235414534288638,37.00000000000001,-6,0,1
1.0846118084611809,-3.6666666666666643,-7,0,0
0.851258581235698,-39.49999999999999,8,0,1
1.0641135972461273,-6.666666666666671,-3,0,0
1.0868884540117416,3.833333333333343,-1,0,0
0.893312101910828,-27.833333333333336,-9,0,1
0.9697080291970803,1.8333333333333428,-3,0,1
0.8966745843230404,-25.0,-3,0,0
1.1960869565217391,10.666666666666664,-2,0,1
1.3992869875222815,24.333333333333336,-9,0,1
0.9576271186440678,4.166666666666671,-4,0,0
0.8691660290742158,-5.666666666666664,-4,0,1
1.1324879755137736,5.0,-3,0,0
0.8716690042075736,5.000000000000007,3,0,0
0.6688311688311688,-16.166666666666664,-1,0,0
1.2985803016858917,24.83333333333333,3,0,0
0.8299553418069392,-18.666666666666657,-1,0,0
0.8726186029137094,-14.833333333333336,2,0,0
0.7075112495673244,-29.166666666666664,-4,0,0
1.035621521335807,-4.666666666666657,-2,0,1
0.9306190278354799,-10.666666666666671,4,0,1
0.9772108843537415,20.666666666666664,5,0,1
0.9883040935672515,-14.333333333333329,0,0,1
0.8934970139349702,-16.833333333333336,-1,0,0
0.8097472924187725,-14.166666666666664,0,0,0
1.0886227544910179,9.666666666666664,-5,0,1
1.1315669255367748,0.6666666666666714,-2,0,0
0.9604606525911709,-6.333333333333329,1,0,1
1.0172413793103448,1.6666666666666714,-4,0,0
0.9783393501805054,8.0,0,0,1
1.0738980121002593,17.66666666666667,3,0,0
0.9678030303030303,-15.500000000000007,0,0,0
0.9057971014492754,1.1666666666666572,3,0,0
0.86223440712817,-31.166666666666664,3,0,0
1.1504959034066409,20.5,6,0,1
0.9335581787521079,-8.833333333333329,-3,0,1
1.0143855322646937,-10.0,-2,0,0
1.0894845360824743,-4.333333333333329,0,0,0
1.0642239604775627,-1.3333333333333357,4,0,1
0.9020205871139916,-1.3333333333333357,3,0,0
1.304570895522388,6.333333333333329,6,0,1
0.8189964157706093,-24.33333333333333,-4,0,0
1.2320441988950277,-5.333333333333329,0,0,1
1.0203508771929826,26.5,6,0,1
0.9876068376068377,-5.833333333333336,0,0,0
0.924140375753279,-7.833333333333329,-2,0,0
1.0993914807302232,27.166666666666664,0,0,0
1.0988798764001546,23.16666666666667,3,0,0
0.8248520710059172,-8.5,-3,0,0
1.0817120622568093,21.33333333333333,0,0,1
0.9272128749085589,4.666666666666657,5,0,1
1.055347793567689,10.0,-2,0,1
1.1514584891548243,-9.666666666666671,-2,0,1
0.8401131941987973,-13.833333333333336,2,0,0
1.081556303778526,12.666666666666664,2,0,1
1.0681818181818181,4.166666666666657,3,0,1
1.2038745387453875,14.333333333333329,-2,0,0
0.9196428571428571,-15.0,-4,0,0
1.2195336559612846,10.166666666666664,3,0,1
1.0195694716242663,17.666666666666664,2,0,0
0.8990156762668611,-24.33333333333333,-11,0,1
0.8144026186579378,-17.666666666666664,-1,0,1
0.8187393526405451,-30.66666666666667,0,0,0
0.9734708916728076,21.66666666666667,5,0,0
0.8381461675579323,-49.99999999999999,-7,0,0
1.3396811337466785,7.833333333333329,-3,0,0
0.9348268839103869,2.333333333333343,1,0,0
0.9578985246491544,27.5,4,0,0
1.0716738197424893,15.166666666666664,0,0,1
1.0662921348314607,-9.0,0,0,1
0.9803995476818695,-12.666666666666657,1,0,1
1.0312389066382677,15.833333333333329,4,0,1
1.0055579307396323,-3.1666666666666643,-1,0,0
1.2593528816986856,9.333333333333336,4,0,0
0.8107752956636005,-39.83333333333333,0,0,0
0.9880819366852887,-2.333333333333343,-1,0,0
0.9263465282284231,-15.333333333333343,1,0,0
1.0471512770137525,-24.16666666666667,-3,0,0
0.9886895475819033,1.1666666666666643,-2,0,1
0.914119922630561,3.1666666666666643,-3,0,1
0.8960674157303371,9.166666666666671,-3,0,1
0.9704739704739704,-6.666666666666671,4,0,1
0.9320809248554913,14.0,-1,0,0
1.4024570024570024,16.0,-4,0,1
1.124168514412417,11.833333333333336,0,0,0
1.2068543451652387,13.0,5,0,1
1.0069124423963134,0.8333333333333286,3,0,1
1.0290923196276183,-18.5,2,0,1
0.8260135135135135,-0.5,-1,0,0
1.1160714285714286,-20.33333333333333,1,0,1
0.968675519237317,4.5,0,0,1
0.9337217771303714,5.833333333333343,-3,0,0
1.038907284768212,-2.0,-4,0,1
1.1679119150609516,16.000000000000007,-3,0,1
1.1686325906509394,-2.1666666666666714,-1,0,0
1.133078231292517,16.666666666666664,-1,0,0
0.9128728414442701,-3.5,3,0,1
0.6934069503085417,-5.666666666666671,4,0,1
0.7153311379436517,-18.333333333333336,3,0,0
1.2874632713026444,6.833333333333329,5,0,0
0.9287257019438445,-11.666666666666664,-3,0,1
1.167280163599182,-3.1666666666666714,1,0,1
1.0028949545078578,2.5,5,0,0
1.1268199233716476,13.333333333333329,-4,0,1
1.1315886472539625,6.0,-8,0,0
1.4198134162594402,37.33333333333333,-3,0,0
1.146215139442231,-19.500000000000007,-6,0,0
1.019160211985324,8.000000000000007,-1,0,0
0.851595919710431,-12.333333333333336,1,0,1
1.1027726432532348,17.66666666666667,3,0,0
0.9355907250644093,-4.5,-4,0,0
0.9712062256809338,1.1666666666666643,-1,0,0
1.2084664536741214,24.5,3,0,1
0.6369541681703356,-27.666666666666664,-1,0,0
1.2484848484848485,15.5,0,0,1
0.9144,5.333333333333329,1,0,1
1.1161239701843861,-9.833333333333329,-2,0,1
0.8971449487554904,-14.499999999999993,-7,0,0
1.5754857997010463,45.33333333333333,0,0,1
1.0033726812816188,15.333333333333329,1,0,1
0.7427620632279535,-27.666666666666664,1,0,1
1.0422488356620092,4.666666666666671,0,0,1
0.9748366013071895,27.166666666666664,-5,0,0
0.7851637764932563,-6.166666666666671,9,0,1
0.9412196914033799,-10.0,1,0,0
1.1201055873295205,14.833333333333336,-5,0,1
1.2057629870129871,3.666666666666657,-2,0,1
0.9728260869565217,-8.833333333333329,-2,0,0
1.3103448275862069,22.833333333333336,2,0,1
0.8587155963302753,-4.833333333333329,0,0,0
0.9382133018496654,-8.333333333333336,-1,0,0
1.0846250523669878,-6.0,-5,0,1
1.4731876861966235,11.833333333333329,0,0,0
0.9570716749712533,14.500000000000007,-3,0,0
1.2233459755583649,23.16666666666667,3,0,1
0.8036480686695279,-29.333333333333336,1,0,0
1.115948275862069,32.33333333333333,-1,0,1
0.9409448818897638,17.500000000000007,3,0,1
0.9739401011279658,8.833333333333329,2,0,1
0.9000399840063974,-10.833333333333329,0,0,1
0.8168023686158401,-1.3333333333333286,6,0,0
1.0302277432712215,2.8333333333333286,-1,0,0
0.9903474903474904,1.6666666666666572,-1,0,1
0.8559227627181581,0.6666666666666714,-1,0,0
1.1029520295202953,20.833333333333336,10,0,1
1.0821862348178137,17.0,1,0,1
1.0209907640638118,-21.83333333333333,5,0,0
1.4297981966509232,12.833333333333329,3,0,1
1.1715521383950025,29.166666666666664,-1,0,0
1.0424361493123773,-1.6666666666666714,-13,0,0
1.1178082191780823,16.0,1,0,1
1.1091295116772824,0.3333333333333357,-1,0,1
0.9797872340425532,-2.3333333333333286,-7,0,1
1.0976842105263158,32.166666666666664,-1,0,1
0.8756646216768916,3.333333333333343,9,0,1
0.7893857083159215,-18.333333333333336,4,0,0
0.9189360354654845,-17.5,-3,0,0
1.0422832980972516,38.0,4,0,1
1.148192292411601,-4.333333333333329,-3,0,1
0.720185119259523,-0.5,-4,0,0
1.2863972186006085,0.1666666666666572,4,0,1
1.2910284463894968,22.833333333333336,4,0,1
1.0012219959266802,17.83333333333333,0,0,1
0.7992565055762082,-11.666666666666664,-5,0,1
0.9786432160804021,-21.999999999999993,1,0,0
1.273076923076923,39.333333333333336,-2,0,1
0.8686904341687257,-3.0,4,0,0
1.0066362505184572,7.833333333333329,3,0,1
0.8236615499812804,-13.666666666666671,5,0,0
1.018146718146718,-20.999999999999993,6,0,1
1.0897097625329815,-10.333333333333336,-5,0,1
0.9051120448179272,-6.333333333333329,-4,0,0
0.9337231968810916,2.5,5,0,0
1.2200445434298441,5.0,3,0,1
0.773010634396773,-15.333333333333336,-1,0,0
0.9206529992406985,-26.5,1,0,0
0.8535580524344569,-31.499999999999993,4,0,0
1.0465116279069768,23.0,-3,0,1
0.8723333333333333,-17.000000000000007,3,0,1
1.2638115631691649,-15.333333333333343,1,0,1
1.0627568173328352,1.1666666666666714,7,0,0
1.1741784037558685,2.5,3,0,1
1.2032520325203253,24.166666666666664,1,0,1
1.1978723404255318,-9.666666666666657,1,0,0
0.84212271973466,-21.83333333333333,-1,0,1
1.0828493999225706,-9.166666666666664,0,0,1
0.8754146701068928,-3.5,-1,0,1
0.9271765663140765,-17.166666666666664,-4,0,0
0.9940334128878282,21.666666666666664,0,0,0
1.161084529505582,9.666666666666671,-9,0,1
1.2447584320875114,55.99999999999999,-5,0,1
1.3576512455516014,33.5,-3,0,1
0.9771428571428571,9.0,-3,0,1
1.109098394400988,8.166666666666664,3,0,0
1.2054856115107915,34.833333333333336,6,0,1
0.8142857142857143,16.499999999999993,-2,0,1
1.1467964314679644,20.33333333333333,-5,0,0
0.9961928934010152,3.8333333333333286,1,0,1
0.9143101970865467,2.0,1,0,1
1.1092918542775276,29.16666666666667,8,0,1
0.883785664578984,4.666666666666657,-5,0,1
1.0252654705236177,0.1666666666666714,-1,0,0
1.0428057553956835,4.5,-2,0,1
1.0514559234144396,3.999999999999993,6,0,1
1.0310077519379846,-31.33333333333333,3,0,0
1.1372472783825816,6.0,-2,0,1
0.8912071535022354,-22.5,-1,0,0
1.030379746835443,12.833333333333329,1,0,0
1.0337811900191938,-4.166666666666657,7,0,1
0.8035273368606702,-33.666666666666664,-1,0,0
0.8076305220883534,-20.666666666666664,-3,0,0
0.9492273730684326,3.6666666666666714,2,0,1
1.174187725631769,19.66666666666667,-2,0,1
1.239051094890511,29.33333333333333,6,0,1
0.9358033749082906,-21.16666666666667,-2,0,0
0.933027171833142,-5.333333333333329,4,0,0
0.9280520474550326,-8.833333333333336,0,0,0
1.0891669925694172,26.333333333333343,-4,0,0
1.2127659574468086,37.00000000000001,1,0,1
1.2064676616915422,-13.833333333333336,7,0,0
1.0635973468591495,13.0,2,0,0
1.0070658237262924,-7.333333333333329,4,0,0
0.963963963963964,-1.8333333333333428,-13,0,0
1.1193848644273574,3.0,-6,0,1
0.8710437710437711,-23.166666666666664,-1,0,0
0.6724919093851133,-40.0,-1,0,0
0.7907054496823804,-9.666666666666657,0,0,0
1.339845524761472,42.50000000000001,4,0,1
1.2401500938086305,10.666666666666671,7,0,1
0.8161467889908257,10.833333333333329,8,0,1
0.8818181818181818,0.3333333333333286,0,0,0
1.3775556565197637,11.166666666666671,-6,0,0
1.1588983050847457,-9.0,-1,0,1
1.1800829875518672,-6.0,3,0,1
0.973561430793157,4.833333333333329,-4,0,0
0.8526585522101218,-0.6666666666666714,0,0,0
0.8563495001851166,-0.1666666666666714,1,0,0
1.154646840148699,37.00000000000001,0,0,1
1.0864456567352077,-9.666666666666671,0,0,0
0.8613620569840167,-20.166666666666664,-2,0,0
0.9310344827586207,-17.833333333333343,-5,0,0
1.0188383045525902,2.8333333333333357,6,0,0
1.1218274111675126,-5.833333333333329,0,0,1
1.1352511807642764,0.1666666666666572,-2,0,1
0.7048728164266013,-20.33333333333333,1,0,0
1.1666031261913838,14.333333333333343,3,0,0
0.9577922077922078,-15.666666666666671,-3,0,0
0.7479245283018868,-11.500000000000007,-2,0,0
1.3547607539874336,23.833333333333336,-3,0,0
0.9336213668499608,-30.333333333333336,5,0,1
0.8774113254511512,-9.5,-10,0,0
1.293607305936073,19.500000000000007,1,0,1
0.9359963685882887,-4.666666666666664,6,0,0
0.9848546868604175,-19.66666666666667,-2,0,1
0.9157038938810441,-7.833333333333336,0,0,1
0.7234126984126984,-7.0,4,0,1
0.9336455893832943,12.833333333333336,-1,0,1
1.1149338374291116,3.3333333333333286,-1,0,1
0.9086740542606038,0.1666666666666714,-2,0,0
1.2165082108902334,5.0,3,0,0
0.7207958921694481,-26.833333333333336,2,0,0
1.0615234375,31.666666666666664,4,0,0
1.0199296600234466,36.33333333333333,-1,0,1
1.0997894736842104,9.166666666666657,-1,0,1
0.9252731758900247,18.0,1,0,1
0.9703603907039408,39.5,-3,0,0
0.8023715415019763,-12.333333333333329,0,0,1
1.083756345177665,-22.33333333333333,-2,0,0
0.9767541971588464,10.166666666666664,-3,0,0
1.2588235294117647,14.833333333333336,8,0,1
0.9586741282823935,12.333333333333336,8,0,1
0.8847250509164969,1.6666666666666714,5,0,0
1.7457627118644068,38.50000000000001,-6,0,1
0.8753346080305927,-1.3333333333333286,-1,0,0
1.1085594989561587,-14.833333333333336,0,0,0
1.15,-0.3333333333333357,-2,0,0
1.0475285171102662,4.833333333333343,-1,0,1
1.0690970750317932,-2.8333333333333286,-5,0,1
0.7703971119133574,-0.3333333333333286,0,0,0
1.2525334414268343,17.83333333333333,3,0,1
1.0282418456642801,7.666666666666657,-1,0,1
0.8623554913294798,3.6666666666666714,4,0,1
0.7972972972972973,-8.5,-1,0,0
0.7733800350262697,-33.5,-5,0,0
1.117184265010352,4.666666666666671,-1,0,0
0.8989523487664751,-2.0,5,0,1
0.9656775116195924,19.0,2,0,1
0.9631038417649296,38.5,1,0,1
1.0187883435582823,-7.166666666666664,4,0,1
1.2320859872611465,0.8333333333333286,-3,0,0
1.0536074163643692,-11.500000000000007,3,0,0
1.0534382767191384,17.500000000000007,-1,0,1
1.044729677168417,-13.500000000000007,-3,0,1
0.7519458544839256,-8.666666666666657,2,0,0
1.0019047619047619,-3.5,-5,0,0
1.1374517374517374,16.16666666666667,0,0,0
0.6876184459886292,-19.500000000000007,-7,0,0
1.2564422277639236,38.0,7,0,1
0.905256109809173,-25.33333333333333,15,0,0
0.9553492484526968,-8.333333333333329,4,0,0
0.9149299624188589,-33.99999999999999,-4,0,0
0.9501546923341354,6.833333333333329,5,0,1
1.086607858861267,-18.833333333333343,1,0,1
1.311858076563959,18.166666666666657,0,0,1
0.814912570108875,-13.5,-4,0,0
1.0370498614958448,-4.0,-3,0,0
0.90067214339059,-22.000000000000007,1,0,0
0.9395274329195034,-28.5,-5,0,1
1.0707151418298042,20.833333333333336,1,0,1
1.1830866807610994,28.333333333333336,-1,0,1
1.0098290598290598,8.833333333333343,-3,0,0
0.8490230905861457,6.999999999999993,3,0,1
1.0577758470894874,10.666666666666664,-1,0,0
1.0,25.833333333333343,1,0,1
1.1929084001688477,13.5,-4,0,0
0.8478066248880931,-17.5,-1,0,1
1.1828486939379004,8.333333333333336,1,0,1
1.093472383159521,12.5,7,0,1
1.0113458528951487,-1.1666666666666643,-2,0,0
0.8918433345310816,-8.333333333333329,10,0,1
0.92,-3.0,5,0,1
1.179080824088748,27.166666666666664,-7,0,1
1.2025620496397118,15.666666666666671,1,0,0
0.8585381222432262,-21.83333333333333,-4,0,0
0.9837662337662337,14.666666666666671,-4,0,1
0.9032136105860114,-2.6666666666666643,-4,0,0
0.8467479674796748,-28.66666666666667,1,0,0
0.9515467759970183,-12.666666666666671,0,0,0
0.8135593220338984,-10.333333333333336,0,0,0
1.166214995483288,31.833333333333336,-2,0,0
1.056152927120669,31.83333333333333,4,0,1
0.8051181102362205,3.0,-2,0,0
0.9047619047619048,-27.166666666666664,-11,0,0
1.1984375,15.166666666666664,-4,0,1
0.8348359177785791,-8.666666666666664,3,0,0
1.1282051282051282,-6.333333333333343,-1,0,1
0.9810102544625902,-11.5,-2,0,0
0.8639892001349984,-4.5,-10,0,1
0.9481193255512321,2.0,0,0,1
0.9182941410920685,-15.000000000000007,1,0,0
1.1238670694864048,3.6666666666666643,-6,0,1
1.1672971836906263,25.0,9,0,1
0.9187853107344632,-2.3333333333333286,-5,0,0
1.1748971193415638,-10.666666666666671,1,0,1
1.3434841021047919,50.66666666666667,6,0,1
1.037872340425532,-3.8333333333333286,-8,0,0
1.1095159967186219,7.0,2,0,0
1.0345549738219895,3.8333333333333286,-1,0,1
1.055124540628828,-11.333333333333336,-5,0,1
1.2208510638297871,24.5,7,0,1
1.0640159045725646,-1.8333333333333286,0,0,1
0.7498235709244884,-24.499999999999993,-7,0,0
1.0053435114503817,-3.499999999999993,-3,0,0
1.3109640831758034,11.999999999999993,-9,0,0
1.0079664570230609,-18.499999999999993,6,0,1
1.0206513105639397,-7.166666666666671,-5,0,0
0.9011111111111111,9.666666666666664,5,0,1
0.9642372114078769,9.333333333333329,-1,0,1
0.9741451209341118,-11.833333333333336,3,0,1
1.1381418092909537,14.333333333333336,-3,0,0
1.086235489220564,-7.5,-5,0,1
0.7652060170045781,-8.499999999999993,-4,0,1
1.1616320125539428,27.16666666666667,-3,0,1
0.8767982294356326,-1.500000000000007,-1,0,0
1.0704960835509139,35.166666666666664,2,0,1
0.8162440279309078,-35.166666666666664,0,0,0
1.059278350515464,-5.166666666666657,-4,0,0
1.1827731092436975,29.5,4,0,1
0.9033700137551581,-9.166666666666671,-4,0,1
1.0967871485943774,21.5,-3,0,1
0.8856394587516369,-8.5,0,0,1
0.8412579558217896,-16.999999999999993,-4,0,1
0.9784306433618446,3.3333333333333286,1,0,1
1.1867364746945899,6.166666666666657,2,0,1
0.9647058823529412,6.999999999999993,2,0,1
1.079981718464351,0.0,2,0,1
1.0666351606805293,1.0,1,0,1
0.9472880061115355,9.833333333333329,-3,0,1
0.9840893703452945,8.333333333333343,-2,0,0
0.9649960222752586,-4.166666666666664,0,0,0
1.198638366039247,20.166666666666664,-7,0,0
1.131457800511509,0.5,2,0,0
1.0369340746624305,30.999999999999993,1,0,0
0.9116227255848496,4.0,0,0,1
1.1393258426966293,7.666666666666664,-4,0,1
1.3420195439739413,13.666666666666664,-1,0,1
1.1624060150375939,12.333333333333336,0,0,0
1.0414673046251994,0.5,-2,0,1
0.9017199017199017,-27.5,0,0,1
1.0446146913023884,12.666666666666664,-1,0,1
0.8846153846153846,-17.5,11,0,1
0.7710247349823321,-37.833333333333336,3,0,1
1.1099601593625499,4.166666666666657,0,0,1
0.7562152133580705,-28.833333333333336,-1,0,0
1.0787901418969381,-12.833333333333329,7,0,0
0.8079257408068546,-32.00000000000001,-1,0,0
0.7889578569095067,-18.333333333333336,1,0,1
0.9025179856115108,-24.166666666666657,-8,0,0
1.2797881729920564,3.1666666666666714,5,0,0
0.8972681800692575,12.166666666666671,0,0,0
1.061863173216885,-3.6666666666666714,-4,0,0
1.1415322580645162,-17.833333333333336,3,0,1
0.8824693312227938,-5.166666666666671,-3,0,0
0.8932584269662921,-19.33333333333333,-4,0,0
0.8866641480921799,2.5,-5,0,1
1.2098555649957519,7.499999999999993,3,0,1
0.8824427480916031,-15.166666666666671,-1,0,1
1.1795481569560047,20.666666666666664,4,0,0
0.867844291789336,-18.833333333333336,-9,0,0
1.0074204946996466,18.666666666666664,2,0,0
1.1901437371663244,19.499999999999993,-3,0,1
1.0285343709468222,24.166666666666664,0,0,0
1.7158564814814814,26.333333333333336,-1,0,0
1.0072880705792098,3.8333333333333286,-4,0,0
0.928395061728395,-17.5,-5,0,0
1.1998083373263058,25.166666666666664,3,0,0
1.087437544610992,-33.333333333333336,-2,0,1
1.3457051961823967,-2.5,-3,0,1
1.0128644939965694,-5.166666666666664,-5,0,0
1.1454686892259822,-8.5,5,0,1
1.0460251046025104,-9.666666666666664,-1,0,0
1.039426523297491,28.000000000000007,-3,0,1
1.0718763058921856,19.166666666666664,9,0,1
0.8962639109697933,0.6666666666666714,4,0,1
1.0021805494984737,-9.166666666666664,7,0,1
1.0789579158316633,12.833333333333336,0,0,0
0.9903623747108713,-13.499999999999993,2,0,0
0.8483320403413499,-2.1666666666666714,3,0,0
0.9900497512437811,22.333333333333336,6,0,1
1.140316205533597,20.666666666666657,11,0,1
0.8260511129431163,-19.5,-7,0,1
1.1072555205047319,20.0,2,0,0
1.1278870829769034,7.5,4,0,1
1.0320328542094457,1.1666666666666714,2,0,1
1.0579710144927537,-0.9999999999999929,-7,0,0
1.0584638899503247,-7.5,1,0,1
1.0107766629505759,12.333333333333329,0,0,1
1.3223587223587223,6.666666666666664,4,0,1
1.17588769611891,20.83333333333333,-1,0,1
0.9293515358361775,-0.8333333333333428,3,0,0
1.113899613899614,-14.166666666666671,-4,0,1
0.9963709677419355,0.1666666666666714,-3,0,0
1.0125284738041003,-5.500000000000007,2,0,0
0.8699296010727455,16.66666666666667,-1,0,0
1.4168096054888508,24.499999999999993,-2,0,1
0.9764437689969605,17.333333333333336,-7,0,0
0.9813689752936412,4.0,-6,0,0
1.0164435946462715,-6.166666666666671,3,0,1
1.0604166666666666,7.666666666666671,-4,0,1
1.0722222222222222,-20.833333333333343,-1,0,0
0.8811005568293482,-9.5,-10,0,0
0.9921996879875195,13.5,4,0,1
0.9849516302400573,0.6666666666666714,-4,0,0
1.1822144725370531,24.66666666666667,-1,0,1
1.0053399786400854,11.500000000000007,-1,0,1
0.8818988807410266,-14.5,-2,0,0
0.5988200589970502,-19.666666666666657,4,0,0
0.8234870317002881,7.0,2,0,1
0.9091932457786116,5.333333333333329,0,0,1
1.1737166324435317,-1.8333333333333286,-4,0,0
0.9495682210708117,4.5,-4,0,0
1.2849029815428301,32.333333333333336,-5,0,0
1.2944839857651245,11.333333333333336,3,0,1
0.967654986522911,0.0,1,0,1
1.2084726867335562,8.833333333333343,4,0,0
0.6746166950596252,-23.666666666666664,4,0,1
1.0809476801579467,13.166666666666671,-1,0,1
1.1065116279069767,13.166666666666671,0,0,0
1.0698473282442749,5.5,-2,0,1
1.0532150776053215,4.5,3,0,1
0.7609114249037228,-2.833333333333343,-7,0,0
1.1198603568657874,11.666666666666657,-9,0,0
0.7799493304379298,-32.83333333333333,-7,0,0
0.9741912031988368,6.5,-5,0,0
1.0462573591253155,18.166666666666664,-8,0,0
1.1996587030716723,-10.666666666666671,5,0,0
0.9065420560747663,-9.833333333333329,-5,0,1
1.3608454957221943,9.333333333333329,-7,0,1
0.9715498938428875,-6.0,5,0,0
0.9400143678160919,-15.666666666666664,-5,0,0
1.3164721141374838,23.666666666666664,-1,0,1
1.1420740063956145,13.0,-1,0,0
1.433139534883721,40.333333333333336,-8,0,1
1.1129421221864952,19.666666666666664,1,0,1
1.1491735537190082,11.0,4,0,1
0.9078393881453155,0.3333333333333286,-5,0,0
0.9002293577981652,4.166666666666671,3,0,0
0.9758763663776856,-14.500000000000007,3,0,1
0.8748175182481752,-21.5,-1,0,0
0.9215094339622641,-20.666666666666664,-3,0,1
0.9821428571428571,-9.166666666666664,-5,0,0
1.254320987654321,12.833333333333336,-1,0,0
0.9917667238421956,-4.666666666666671,-2,0,0
1.0543528327959466,-3.8333333333333286,-3,0,1
0.8620689655172413,-15.5,7,0,0
0.9643010752688173,4.0,3,0,1
0.8292134831460675,-22.66666666666667,-1,0,1
1.223413762287757,14.499999999999993,-6,0,1
0.6810196348604891,-40.83333333333333,2,0,0
0.8986539984164688,11.833333333333336,-2,0,0
0.6612307692307692,-12.0,5,0,0
0.9983993597438976,9.666666666666664,0,0,1
0.917963224893918,1.0,6,0,0
0.8539196940726578,-22.33333333333333,-2,0,0
1.1061278863232682,10.166666666666657,5,0,1
1.0599620493358635,-1.0,-5,0,0
1.0986529318541998,-4.833333333333343,8,0,1
1.1394789579158318,-26.16666666666667,-5,0,0
0.9950617283950617,14.166666666666671,2,0,1
0.9045264359071891,4.833333333333329,2,0,1
1.1066719936076708,-9.166666666666664,0,0,0
0.8247225411404516,-2.3333333333333286,9,0,1
0.8118918918918919,-31.000000000000007,0,0,0
1.1593876632147682,6.166666666666664,5,0,1
1.0284301606922126,-3.0,-2,0,0
1.233446519524618,0.1666666666666714,-4,0,1
0.9103697749196141,-23.666666666666664,1,0,0
0.9442190669371197,-11.833333333333329,3,0,1
1.068676716917923,-13.666666666666664,4,0,0
1.3323008849557523,17.666666666666664,-1,0,1
0.8138634764250527,-29.16666666666667,2,0,0
1.073290517567057,23.833333333333336,-1,0,1
0.9912974683544303,-19.833333333333336,-4,0,0
0.9029775844764135,-11.333333333333329,6,0,1
1.1456571867794005,2.1666666666666714,-2,0,0
0.9683474420316526,16.66666666666667,0,0,0
0.6632867132867133,-18.33333333333333,11,0,0
1.0845605700712588,10.999999999999993,0,0,1
1.1508223024468511,2.8333333333333286,3,0,1
1.2293657688966115,23.666666666666664,-6,0,0
1.4088772845953004,31.500000000000007,-1,0,0
0.8965244865718799,-3.8333333333333286,-3,0,1
1.085972850678733,4.333333333333329,-1,0,0
0.7237294612151318,7.833333333333336,-2,0,0
0.8016977928692699,2.8333333333333286,7,0,0
1.0149918962722853,-18.833333333333336,7,0,1
1.067736185383244,17.83333333333333,0,0,1
0.905536198219125,-16.833333333333336,8,0,0
0.7716981132075472,-32.99999999999999,3,0,0
0.9671652681503101,-6.5,-1,0,1
1.147605856747131,43.166666666666664,2,0,0
0.8519345238095238,-22.833333333333336,1,0,0
0.7812384130515387,-2.3333333333333286,6,0,0
0.7972295903330386,-2.666666666666657,-7,0,0
1.1554166666666668,40.333333333333336,-2,0,1
0.9218337730870713,-10.333333333333329,2,0,0
0.8959240205777602,-16.0,-5,0,0
0.7834319526627219,16.5,-3,0,1
1.5371539582321516,39.49999999999999,-2,0,1
1.049442379182156,4.5,-4,0,0
0.9276248725790011,-13.333333333333329,4,0,0
0.7942657884540876,-9.5,3,0,1
1.072804314329738,1.0,-7,0,0
0.7881619937694704,-0.5,-6,0,0
0.9785977859778597,8.0,-4,0,0
1.125360824742268,0.0,-3,0,1
0.6685159500693482,-33.33333333333333,-4,0,0
1.1342155009451795,40.0,2,0,1
0.9976322020520916,-22.0,-3,0,1
0.9714580467675378,16.0,-4,0,0
0.8114942528735632,-15.0,-2,0,0
0.9051568698160837,-12.666666666666671,2,0,0
1.1108167770419426,-9.000000000000007,0,0,0
0.8348050036791759,9.666666666666664,-5,0,1
1.0296570898980537,7.833333333333329,-1,0,1
0.9159836065573771,-4.0,-2,0,1
1.1455584872471416,11.0,-5,0,0
0.9927619047619047,-1.6666666666666572,6,0,1
0.9,15.5,0,0,1
1.1594896331738438,25.000000000000007,-1,0,1
0.9137546468401487,8.5,0,0,0
1.033265720081136,-5.833333333333329,-1,0,1
1.0923387096774193,14.166666666666671,2,0,1
1.2123319425127492,6.5,-4,0,1
1.049878766886041,17.0,-3,0,0
0.9813765182186235,-11.166666666666664,-10,0,0
0.95,-7.333333333333329,3,0,1
1.1895306859205776,-11.499999999999993,-3,0,1
0.9886086248982913,-9.833333333333329,-2,0,1
0.951954105414127,-0.6666666666666643,1,0,1
1.119168953351627,8.5,3,0,1
0.9289813486370158,-13.833333333333329,2,0,1
0.943205574912892,-2.5,-2,0,0
0.8319006685768864,16.000000000000007,6,0,0
0.9558932542624166,-6.166666666666671,-1,0,1
1.0137039937353172,-14.833333333333329,3,0,0
1.014334213504338,-14.500000000000007,-1,0,1
0.9002201027146002,-18.333333333333336,-3,0,0
0.9079623287671232,15.333333333333336,-3,0,1
1.3372811534500515,24.499999999999993,-8,0,1
0.7921108742004265,-18.16666666666667,-9,0,0
1.23768115942029,-27.833333333333336,-5,0,1
0.9598470363288719,-11.166666666666664,0,0,0
1.2630588235294118,47.00000000000001,0,0,0
0.9471639471639471,12.666666666666657,2,0,1
0.9520426287744227,2.6666666666666714,0,0,0
0.8506883162725026,-2.6666666666666714,-6,0,0
0.949317738791423,6.833333333333336,-2,0,0
0.9501342539317222,-26.666666666666664,0,0,0
0.8225298930144745,-13.5,-2,0,0
1.0618971061093248,-6.166666666666657,9,0,1
1.2080419580419581,10.833333333333329,4,0,1
0.9851912793089264,-2.6666666666666714,5,0,1
1.469521410579345,57.166666666666664,-2,0,0
1.1654973173751548,32.166666666666664,1,0,1
0.9540702016430171,-7.666666666666664,-3,0,0
1.0191543187567762,4.833333333333336,3,0,1
1.190057361376673,14.5,3,0,0
1.29162702188392,24.0,3,0,0
1.1076721883173497,32.333333333333336,-6,0,0
0.8805725971370143,-18.66666666666667,-6,0,0
1.1129568106312293,14.833333333333336,4,0,0
1.0468861846814603,-0.1666666666666714,8,0,1
1.0693521594684385,-4.833333333333343,-1,0,1
1.1074235807860262,5.333333333333336,0,0,1
0.7584172162443596,-16.83333333333333,0,0,0
1.047045101088647,-2.0,-2,0,1
1.1065705128205128,-12.5,0,0,1
0.9147018030513177,3.5,4,0,0
1.1185897435897436,-7.166666666666664,4,0,1
1.287863590772317,18.166666666666664,-4,0,1
0.8361774744027304,-10.833333333333329,0,0,0
0.9261527377521613,3.6666666666666714,0,0,1
0.981549815498155,6.666666666666657,1,0,1
0.9654545454545455,-12.166666666666664,-2,0,0
0.7153401797175867,-9.666666666666657,-5,0,0
1.209964412811388,4.666666666666671,-2,0,1
0.9640861931364725,-4.333333333333329,0,0,0
1.1207459207459207,11.333333333333336,2,0,1
1.0527597402597402,-14.833333333333336,-1,0,0
0.8459835547122074,11.166666666666671,-1,0,0
1.052991452991453,-14.166666666666664,-3,0,0
0.8253373313343328,-31.66666666666667,3,0,0
0.9804971319311664,-21.499999999999993,4,0,0
1.0922727272727273,-4.499999999999993,5,0,1
1.0754797441364605,23.5,8,0,0
1.2914476827520305,12.5,2,0,1
1.1450057848052448,-3.8333333333333357,3,0,1
1.0737670949026108,5.0,-4,0,0
1.053763440860215,-11.166666666666664,-3,0,1
1.301594746716698,18.166666666666664,5,0,1
0.8454575930271538,-14.666666666666671,-3,0,0
0.8249823570924488,-17.5,-3,0,1
0.8365714285714285,-36.333333333333336,2,0,0
1.1068334937439845,17.666666666666664,7,0,1
0.871313672922252,-11.333333333333336,-3,0,0
0.8162988115449915,-25.166666666666664,-2,0,0
1.275373420145538,11.5,1,0,1
0.7966533284830848,-2.5,5,0,0
0.9289410141428078,-6.833333333333329,-1,0,0
1.0850237375917133,5.666666666666671,-6,0,0
1.1080717488789238,41.833333333333336,-1,0,0
1.2962107208872458,14.166666666666664,0,0,0
0.8158187894541403,-7.666666666666671,-2,0,1
0.8973684210526316,-3.8333333333333357,-1,0,1
1.0227761065749892,-6.166666666666664,2,0,1
0.9566473988439307,3.999999999999993,0,0,1
0.8846284356973193,-16.5,3,0,0
1.0920485703094398,-4.0,8,0,1
0.8559068219633943,-17.000000000000007,2,0,0
0.9254658385093167,-15.000000000000007,3,0,1
1.06949524506218,13.833333333333329,-1,0,0
0.9177884615384615,22.83333333333333,4,0,0
1.0404984423676011,-22.833333333333336,-1,0,1
0.8628158844765343,-13.333333333333329,8,0,1
1.0042210283960091,-9.833333333333329,-2,0,1
0.8184417441029307,-10.000000000000007,6,0,0
0.9878408253500368,-6.666666666666664,-6,0,1
0.8932105083589219,-17.66666666666667,2,0,0
0.9011486251305256,6.666666666666664,-8,0,1
1.0440677966101695,1.8333333333333286,3,0,1
0.8205038488453464,-25.666666666666664,-7,0,0
0.8385093167701864,-43.83333333333333,-5,0,0
0.8991628614916286,-13.500000000000007,1,0,0
0.8582995951417004,-8.833333333333336,2,0,1
1.0515021459227467,19.166666666666657,0,0,0
1.2375096079938508,14.166666666666657,2,0,1
1.0594018844735764,-28.333333333333336,2,0,1
1.1506122448979592,24.333333333333336,5,0,1
1.1164157179581344,-0.3333333333333286,0,0,1
0.9134615384615384,-18.000000000000007,2,0,1
0.7572463768115942,-21.833333333333336,-10,0,0
0.859602142310635,-8.833333333333336,-1,0,0
1.0124352331606217,12.0,-5,0,0
0.8676734987414599,-19.166666666666664,-3,0,0
1.092455621301775,-7.666666666666657,7,0,1
1.0032979113228289,1.8333333333333286,2,0,1
0.9930583911800736,-1.0,-4,0,0
0.6420168067226891,-27.000000000000007,10,0,0
0.9992383853769993,16.0,1,0,0
1.123879380603097,21.0,-2,0,0
1.1585460170146946,33.166666666666664,2,0,1
0.8797441364605544,-35.166666666666664,-3,0,0
1.1007067137809188,-3.5,-5,0,0
0.9434163701067616,26.333333333333336,1,0,0
1.036962635596625,14.166666666666671,2,0,1
0.8510788822072869,-13.0,0,0,0
0.848328025477707,-13.833333333333336,-4,0,0
1.0236607142857144,11.333333333333329,2,0,1
0.9116582186821144,-8.166666666666671,-4,0,0
0.9529065489330389,-1.1666666666666714,2,0,0
1.0948453608247424,-17.333333333333336,3,0,0
1.1180795847750864,-4.666666666666671,4,0,0
0.9587986137851366,-3.0,-8,0,0
0.9978835978835979,-17.666666666666657,2,0,1
0.9751841799146956,-3.8333333333333357,1,0,0
0.96045197740113,6.666666666666671,1,0,1
0.9779234218696102,14.5,-3,0,1
1.0527009222661396,13.666666666666664,11,0,1
0.9964483030781374,0.8333333333333286,1,0,1
0.9001085776330076,15.166666666666664,-2,0,1
0.8644701086956522,0.8333333333333286,-5,0,0
1.0472813238770686,4.5,8,0,0
1.057931570762053,27.5,6,0,1
0.8725314183123878,1.0,3,0,1
0.8054700854700855,-19.5,3,0,0
0.7693693693693694,-28.833333333333336,0,0,0
1.0878316559926806,-4.833333333333329,-3,0,0
0.8805031446540881,-31.5,-1,0,0
1.09375,31.66666666666667,-4,0,0
1.0841437632135307,-9.333333333333336,0,0,1
0.9,-16.833333333333336,0,0,0
1.085724406659582,6.333333333333329,3,0,0
1.0266896254842877,-17.0,-1,0,1
0.9272151898734177,1.6666666666666714,1,0,1
0.8131832797427653,-18.5,1,0,0
0.9123557075673364,-16.333333333333336,2,0,1
1.0164979377577803,5.333333333333329,0,0,0
0.9192422731804586,-9.833333333333329,3,0,1
1.1702127659574468,8.833333333333329,2,0,1
1.039568345323741,-18.33333333333333,-3,0,1
1.3408345053914674,21.500000000000007,-3,0,1
1.2193520140105079,14.166666666666664,-1,0,1
0.6765751211631664,-20.166666666666657,4,0,0
0.8765254845656856,-7.000000000000007,1,0,0
1.0060483870967742,-4.333333333333336,-3,0,0
1.0882917466410749,12.499999999999993,-1,0,1
1.0122184039709814,-3.833333333333343,9,0,1
0.8992020159596809,-4.166666666666664,7,0,1
0.9425569176882662,19.33333333333333,4,0,0
0.9148698884758364,9.666666666666657,3,0,0
1.0333094555873925,3.833333333333343,0,0,1
0.865530303030303,1.3333333333333286,-1,0,1
1.3807658833768495,6.5,-10,0,1
1.1961033460398136,21.83333333333333,0,0,1
0.8209355828220859,0.8333333333333286,-5,0,0
0.9591623036649215,-8.833333333333329,5,0,0
1.0386965376782078,-19.5,2,0,0
1.025431425976385,-22.16666666666667,-1,0,0
1.0961538461538463,4.666666666666657,5,0,1
0.7749368686868687,-47.166666666666664,-6,0,1
1.2077035592393954,14.5,2,0,1
1.0963455149501662,5.333333333333343,-7,0,0
0.8928571428571429,-33.66666666666667,-4,0,1
1.237977193852256,6.833333333333329,1,0,0
0.9445817154959407,14.5,5,0,0
0.8449477351916377,-5.666666666666664,3,0,1
1.0847803881511746,11.000000000000007,0,0,1
0.8796764408493428,-23.333333333333336,4,0,0
1.0750499001996008,-5.166666666666657,2,0,0
0.8642857142857143,-27.5,-1,0,0
0.8616103522645578,-8.5,-6,0,0
0.9462246777163904,-10.5,-10,0,0
1.1121200157915516,46.666666666666664,4,0,0
1.0720757825370675,12.333333333333343,3,0,0
1.158561503882305,19.0,-2,0,1
1.0645675567955362,3.0,1,0,1
0.9595157018539539,-15.999999999999993,-4,0,1
0.8347578347578347,-5.666666666666671,-2,0,0
1.0478011472275335,0.0,5,0,1
0.9886104783599089,12.999999999999993,-3,0,1
0.8726943942133816,-23.833333333333336,-1,0,1
1.0090600226500566,8.833333333333329,1,0,1
0.7611721611721611,-32.333333333333336,2,0,1
1.0538062973296134,4.333333333333329,1,0,1
0.944582593250444,-34.666666666666664,4,0,1
0.8052781740370899,10.666666666666657,7,0,0
0.9325197415649676,-11.5,-5,0,0
0.9478102189781021,-4.0,0,0,0
0.9772464327034324,-9.833333333333329,2,0,0
0.822961373390558,5.166666666666664,6,0,1
1.0872045639771801,1.3333333333333428,1,0,0
0.843762781186094,-8.5,-1,0,1
1.0193548387096774,-17.000000000000007,3,0,0
0.9528571428571428,-3.5,0,0,0
1.0202599388379205,5.833333333333329,0,0,1
1.0453185121846944,6.333333333333343,-4,0,1
0.8136215334420881,5.666666666666664,-1,0,0
1.0323033707865168,18.666666666666657,2,0,1
0.9678668215253581,-6.333333333333336,-3,0,1
0.8447524752475247,-22.833333333333336,-1,0,0
1.2593480345158197,37.0,0,0,1
1.0963414634146342,-4.0,-5,0,1
0.9677765843179377,12.166666666666671,0,0,1
0.8847942754919499,-39.50000000000001,1,0,0
0.9768019884009942,-6.500000000000007,-6,0,0
1.1293238993710693,1.0,-5,0,1
1.1387362637362637,8.166666666666671,-9,0,0
1.367747830059388,28.0,-2,0,1
0.6838138925294889,-18.16666666666667,1,0,0
0.9578387228817028,3.0,3,0,0
0.8144367480860372,5.666666666666671,4,0,0
1.2866847826086956,18.83333333333333,1,0,1
0.7865716429107277,-12.000000000000007,-3,0,0
0.9756008739985433,-3.6666666666666714,-5,0,0
0.7766952455183165,-13.0,-5,0,0
0.9806051202482544,22.999999999999993,-3,0,0
0.9369274136715997,-7.833333333333329,0,0,0
1.1219946571682993,-4.5,-2,0,1
1.16010101010101,-4.333333333333336,10,0,0
1.2409326424870466,15.999999999999993,5,0,1
0.8027923211169284,-20.0,5,0,1
1.1439628482972137,-12.999999999999993,2,0,1
0.9312929419113054,-42.50000000000001,-3,0,0
0.9353909465020576,14.166666666666664,6,0,0
0.9367945823927766,-2.6666666666666714,-5,0,1
0.7842657342657343,-10.666666666666664,6,0,0
1.2587322121604139,11.0,4,0,0
1.0172963131543014,-4.833333333333329,2,0,1
1.1672727272727272,5.499999999999993,0,0,1
0.9442508710801394,23.000000000000007,2,0,0
0.829700272479564,-12.333333333333336,-5,0,0
1.1371225577264654,18.999999999999993,-5,0,1
0.8956672443674176,-3.6666666666666714,1,0,0
1.210310218978102,-7.166666666666671,-4,0,0
1.100995024875622,3.8333333333333286,-3,0,0
0.92994555353902,16.500000000000007,-2,0,0
0.9608913142337426,24.66666666666667,-1,0,0
0.9287356321839081,-3.6666666666666714,-3,0,0
0.9699730094466936,-14.5,0,0,1
0.8488237562668723,-14.500000000000007,6,0,0
1.1153324287652646,9.0,4,0,0
1.0966850828729282,14.0,-1,0,0
0.9235053843297438,-11.666666666666657,2,0,1
0.9679871948779512,-5.833333333333336,9,0,0
0.9858156028368794,-6.666666666666657,0,0,0
1.2231833910034602,15.833333333333336,6,0,1
1.1343840729987558,10.166666666666664,6,0,1
1.1470192738682206,16.333333333333336,-2,0,0
1.2590609555189456,17.0,3,0,0
0.9811023622047244,21.000000000000007,-1,0,0
1.158450704225352,-4.333333333333336,-3,0,0
0.830966401108417,-12.500000000000007,0,0,0
1.014231896190875,26.000000000000007,-1,0,0
1.0142700329308452,15.5,11,0,1
0.9623938536190861,-2.0,-2,0,0
0.9478095238095238,-1.8333333333333286,-3,0,0
0.7848434925864909,-12.833333333333329,-1,0,1
1.0051457975986278,-4.166666666666671,-4,0,0
1.2709832134292567,21.166666666666664,2,0,1
0.815,1.6666666666666643,3,0,0
0.8703631393986724,-19.5,-3,0,0
0.959984756097561,-8.333333333333336,0,0,1
1.2885738115095913,29.0,1,0,0
0.8580645161290322,10.166666666666664,2,0,1
0.9494163424124513,-5.0,8,0,1
1.0381447767663632,-22.666666666666664,-2,0,0
0.8956228956228957,3.5,-8,0,0
0.7389235801367826,-24.833333333333343,2,0,1
1.097375427919361,0.1666666666666714,1,0,1
1.2326471996170416,8.333333333333336,3,0,1
1.3587301587301588,38.333333333333336,1,0,1
1.0557114228456914,-5.999999999999993,6,0,1
0.8032,-26.000000000000007,-5,0,0
0.724251497005988,-17.16666666666667,5,0,0
1.0342298288508558,24.33333333333333,1,0,1
1.039622641509434,-14.666666666666671,-4,0,0
0.9991935483870967,3.0,-4,0,1
1.0075786282682835,11.833333333333336,2,0,1
1.0329046898638428,21.16666666666667,0,0,1
1.1070780399274047,12.333333333333329,2,0,0
0.7443584784010316,2.1666666666666714,2,0,0
0.8267770876466529,-17.333333333333336,4,0,1
1.5166666666666666,11.333333333333329,-4,0,1
1.060299295774648,-4.666666666666664,-8,0,1
1.1492424242424242,-0.8333333333333286,-7,0,0
0.8269814502529511,-6.166666666666671,4,0,0
0.7543150936467132,-24.833333333333336,-2,0,0
0.9223264540337711,11.833333333333329,0,0,1
1.0012082158679017,-7.333333333333343,2,0,0
1.14722483537159,14.5,-5,0,1
1.2172497965825875,2.333333333333343,10,0,0
0.9604838709677419,8.833333333333343,-3,0,1
1.1995967741935485,32.49999999999999,0,0,0
0.7815699658703071,-21.83333333333333,0,0,1
0.8255670103092784,-28.66666666666667,10,0,0
0.8785977859778598,-4.000000000000007,-7,0,0
1.1835372636262513,6.166666666666664,-3,0,0
1.1507234726688103,16.5,1,0,1
1.1627684964200478,7.833333333333336,0,0,1
0.833941605839416,2.666666666666657,5,0,0
1.6310323762981063,13.666666666666664,6,0,1
0.9922779922779923,1.3333333333333286,0,0,0
0.9786564030790763,-1.3333333333333428,3,0,0
1.4329125759700794,35.00000000000001,3,0,1
1.088078967350038,7.666666666666671,-8,0,0
1.2947048611111112,1.0,3,0,1
1.048659793814433,-4.5,1,0,1
1.0303388494877856,-0.1666666666666572,1,0,1
0.6717583163611677,-21.333333333333336,-4,0,0
1.2986425339366516,10.833333333333336,1,0,1
1.0443298969072166,-6.166666666666664,2,0,1
0.9,-26.83333333333333,-3,0,0
1.1080203987019008,17.500000000000007,2,0,1
0.8570966698997737,-15.833333333333336,5,0,0
0.829667063020214,-17.33333333333333,5,0,0
0.8191150442477876,-39.49999999999999,3,0,1
1.1676274944567628,5.5,3,0,1
1.0457633178405434,18.166666666666657,5,0,1
0.9008327024981075,7.833333333333336,0,0,1
1.0598251265531524,19.83333333333333,5,0,1
0.8787105011171401,-21.66666666666667,-4,0,1
0.8297872340425532,-25.166666666666664,2,0,0
1.1288056206088992,18.500000000000007,2,0,1
0.9492992580379225,-2.3333333333333286,4,0,1
0.8778225806451613,12.500000000000007,-3,0,1
0.978568540234533,-32.166666666666664,-1,0,0
1.04642166344294,8.0,2,0,1
1.0787134997884045,6.0,0,0,0
0.7841216216216216,-30.83333333333333,-3,0,0
1.0855745721271393,9.833333333333329,1,0,0
1.2067455102934734,30.66666666666667,-4,0,1
0.7986334405144695,-6.666666666666671,-2,0,1
0.7795366795366795,-15.5,0,0,0
1.0263728323699421,8.166666666666671,5,0,0
0.760485651214128,-3.8333333333333286,-4,0,0
0.9525790349417638,-2.499999999999993,5,0,1
0.8943211733734486,-13.666666666666671,0,0,0
0.9349195241427571,3.166666666666657,2,0,1
1.0312783318223029,-17.66666666666667,-8,0,0
1.2743119266055045,29.333333333333336,2,0,1
1.0830999066293183,7.5,-2,0,0
0.917304189435337,-7.166666666666664,0,0,0
0.9349856321839081,9.666666666666664,-1,0,1
1.1933797909407666,22.0,2,0,0
0.7894736842105263,-17.0,-7,0,1
0.6725497559143823,-11.166666666666671,-3,0,0
0.9762726488352028,-8.333333333333329,-3,0,0
0.9978070175438597,-9.666666666666671,7,0,1
1.475417439703154,10.333333333333329,-1,0,1
0.9288818648755433,-4.833333333333329,-2,0,0
0.9379358437935844,-17.33333333333333,-4,0,1
0.8604906627608935,8.833333333333329,0,0,1
0.9385088393543428,-18.166666666666664,2,0,0
1.2700881285640229,-2.0,3,0,1
0.8097087378640777,-15.166666666666657,-4,0,0
0.8887596899224807,11.166666666666664,-5,0,1
0.9672681493915233,6.166666666666664,-1,0,1
0.8017301038062283,-12.666666666666671,-3,0,0
0.8632362897765742,0.8333333333333286,2,0,0
1.0356865787432117,-8.166666666666671,-1,0,0
1.1230558096980787,24.166666666666664,5,0,0
1.202296819787986,-6.5,2,0,1
0.8399280575539568,-27.833333333333336,2,0,1
0.9451219512195121,-14.833333333333336,-1,0,0
0.9831528279181708,3.8333333333333286,-3,0,1
0.9932533733133433,14.833333333333336,0,0,0
1.077906976744186,10.166666666666671,7,0,0
1.0213248638838475,-0.3333333333333286,-11,0,0
1.03988603988604,-14.333333333333336,-2,0,0
0.805328596802842,-43.166666666666664,-5,0,0
1.1087207068766807,2.8333333333333286,6,0,1
0.8218085106382979,-10.5,0,0,0
1.0871028037383177,10.5,1,0,1
1.025533403287863,6.333333333333343,5,0,1
1.206738131699847,14.5,1,0,0
0.9203636363636364,5.333333333333329,1,0,0
1.050995024875622,16.0,0,0,0
1.021505376344086,0.5,3,0,1
1.0623781676413255,19.666666666666664,1,0,1
1.0701876302988187,24.000000000000007,-1,0,0
0.9862962962962963,17.5,5,0,0
1.275657336726039,4.0,6,0,1
1.0473083197389885,-3.3333333333333286,-2,0,0
1.0720620842572062,22.333333333333336,-2,0,0
1.0866013071895424,1.8333333333333286,-6,0,1
0.9242983751846381,-16.499999999999993,1,0,0
1.243388614970865,-1.0,-1,0,1
0.9634305616020897,-18.666666666666664,-3,0,0
0.8165357020840451,-7.5,3,0,0
1.0853932584269663,-6.999999999999993,-5,0,0
1.023002421307506,27.666666666666664,3,0,0
1.1583333333333334,2.6666666666666714,3,0,1
0.9888888888888889,18.5,-7,0,0
0.8091048201989288,8.333333333333336,1,0,0
0.844013181984621,-34.833333333333336,7,0,0
0.8763202725724021,-5.333333333333336,0,0,0
0.9346037245560849,-4.0,0,0,1
0.8859011627906976,-40.49999999999999,-1,0,1
1.0475239616613419,7.666666666666671,2,0,1
0.9996316758747698,27.500000000000007,-7,0,0
0.8821335322640805,9.666666666666671,-1,0,0
1.3070063694267515,24.0,-6,0,0
0.9477756286266924,23.33333333333333,3,0,1
1.1974137931034483,2.6666666666666714,-2,0,1
1.0905868452146514,0.1666666666666714,0,0,1
1.219140083217753,13.666666666666657,-1,0,1
0.9167927382753404,-9.833333333333329,-3,0,0
1.194,-6.5,6,0,0
1.1811894882434302,-5.0,-3,0,1
1.1557562076749435,22.16666666666667,-8,0,0
0.8084218512898331,-7.333333333333329,-3,0,0
0.7937908496732026,2.8333333333333286,-2,0,0
0.7135395741261551,-6.333333333333329,1,0,0
0.9268098647573588,-1.5,1,0,1
1.1489113530326593,-1.3333333333333286,-7,0,1
1.0396409872849663,18.666666666666664,8,0,1
1.069554352353186,5.166666666666664,3,0,1
0.7703583061889251,8.0,1,0,0
1.0261058738216098,3.8333333333333357,-6,0,0
1.0811036789297659,6.833333333333329,0,0,0
0.9427347097779509,2.6666666666666643,1,0,1
1.1196296296296295,2.8333333333333286,-3,0,0
0.8280040390440929,-23.000000000000007,1,0,0
1.1401301518438178,4.833333333333329,1,0,0
0.9536315141567501,-17.166666666666664,-3,0,0
0.843040473840079,-8.333333333333329,-6,0,0
1.2219592995740653,12.999999999999993,-8,0,1
0.903170227429359,-6.000000000000007,-10,0,1
0.8293109478838755,-3.3333333333333357,1,0,0
1.0695652173913044,3.1666666666666643,4,0,0
0.8053742802303263,11.666666666666664,7,0,1
1.258843112775697,0.3333333333333286,2,0,1
1.164,17.16666666666667,-12,0,0
1.4001952171791117,28.83333333333333,4,0,0
0.9488990444536768,14.0,-1,0,0
1.0208913649025069,8.0,-7,0,0
0.9791574279379157,3.666666666666657,0,0,0
0.8355437665782494,-14.0,-9,0,1
1.4894537587885344,49.83333333333333,4,0,1
1.398864132809087,31.16666666666667,-7,0,1
0.9761827079934747,-2.5,2,0,0
1.1699086939261611,16.33333333333333,0,0,0
1.0977312390924956,-5.333333333333343,2,0,0
0.9304084720121029,-14.666666666666664,0,0,0
0.934836209933075,-3.6666666666666714,-7,0,0
1.230243485689876,3.3333333333333286,3,0,1
0.7112903225806452,-17.166666666666664,-2,0,0
0.9157931516422082,-19.166666666666664,-3,0,1
1.0910214168039538,19.16666666666667,-4,0,0
1.0013722126929674,13.833333333333329,0,0,1
1.018940858136838,-3.1666666666666714,6,0,0
0.9946008484381026,-6.166666666666671,1,0,1
0.8063829787234043,-12.333333333333329,1,0,0
1.1393841166936791,24.166666666666664,-10,0,0
0.8456554878048781,-12.500000000000007,-3,0,0
1.2212784979883773,23.666666666666664,7,0,1
0.7522522522522522,-10.666666666666671,4,0,0
1.3522469359963687,47.333333333333336,-4,0,1
0.8657672849915683,-14.833333333333329,-5,0,0
0.9992110453648915,3.6666666666666714,-6,0,1
1.044434857635893,-3.0,4,0,0
0.9946483180428135,-35.33333333333333,0,0,0
1.020985010706638,9.333333333333329,3,0,1
0.9039507067778181,-23.666666666666664,4,0,0
1.656084656084656,36.99999999999999,-3,0,1
1.0413361169102295,7.833333333333329,-7,0,0
0.9874524714828897,17.499999999999993,-7,0,1
1.2559467174119885,23.166666666666664,-3,0,1
0.9309320460453027,-12.5,-3,0,0
0.8059432687978388,-11.5,7,0,1
0.9454263565891473,23.5,6,0,0
0.9589881180528939,19.166666666666657,4,0,0
0.9558232931726908,-7.499999999999993,-7,0,1
1.3195323916220165,5.833333333333329,1,0,1
1.25929203539823,12.666666666666664,-1,0,1
0.8370702541106129,-37.83333333333333,0,0,1
1.0365503080082135,-6.833333333333329,-1,0,1
0.8228460793804453,-30.5,0,0,1
0.8909090909090909,-19.33333333333333,5,0,0
1.1069182389937107,-4.166666666666671,6,0,1
1.0014456089627757,4.5,-2,0,1
0.8003907521979811,-42.83333333333333,-1,0,0
1.308411214953271,7.5,4,0,1
1.0152577319587628,-1.1666666666666714,-2,0,1
0.9441340782122905,11.333333333333329,-2,0,0
1.2515540820555324,7.0,5,0,1
0.878003696857671,-20.000000000000007,-9,0,0
0.9037127702978376,-31.5,2,0,1
1.1643835616438356,35.66666666666667,-2,0,1
1.0693307655272026,1.5,-5,0,0
1.1419828641370868,16.166666666666664,-1,0,0
0.9582577132486388,-5.666666666666671,1,0,1
1.1820185103569854,8.666666666666664,6,0,0
0.9369763205828779,4.5,0,0,0
1.0762081784386617,22.16666666666667,0,0,1
1.116,-25.833333333333336,-3,0,0
1.100420168067227,-2.6666666666666714,-2,0,1
0.9424083769633508,-24.5,1,0,0
0.8443090978302246,10.333333333333336,-1,0,0
1.0581105169340463,-12.833333333333336,0,0,1
0.8188167625308135,3.0,-2,0,0
1.013623978201635,3.6666666666666643,0,0,0
0.9410562180579216,-15.0,-3,0,0
1.0917516218721037,17.333333333333336,6,0,1
1.1503697617091209,5.5,-5,0,1
0.9897505978817902,-36.66666666666667,3,0,0
0.8613861386138614,-8.666666666666671,7,0,0
1.042830540037244,36.16666666666667,-2,0,1
1.0698635799917322,-20.999999999999993,5,0,0
0.8457583547557841,-35.99999999999999,-5,0,1
1.1521824616594574,-9.5,1,0,1
0.8779090583601862,-4.0,-2,0,1
1.2293617021276595,24.333333333333336,4,0,1
1.008922198429693,-2.833333333333343,-2,0,0
0.7664495114006514,11.166666666666664,-13,0,0
0.8551941238195173,-12.666666666666657,0,0,0
0.6920013275804846,-20.83333333333333,-3,0,0
1.0545129579982127,5.833333333333336,6,0,1
1.0311203319502074,9.666666666666657,4,0,0
0.8281529117541979,-18.833333333333336,-1,0,1
0.9716031631919483,4.333333333333336,-3,0,0
0.990874524714829,5.833333333333329,-5,0,0
1.0816326530612246,-12.833333333333343,6,0,0
0.9343901365037428,-2.3333333333333357,-1,0,1
0.9194706994328923,9.0,3,0,1
1.1978657180969319,26.0,-2,0,0
0.9889439573008006,18.500000000000007,0,0,1
0.9085271317829458,5.5,2,0,0
1.038560411311054,7.166666666666657,-10,0,0
1.0604982206405693,-6.333333333333329,-2,0,1
0.8681245858184228,-15.666666666666664,-3,0,0
1.0474683544303798,-0.5,-5,0,1
0.9789932619896948,5.000000000000007,1,0,1
1.0074534161490682,-6.166666666666664,-4,0,1
0.8275167785234899,-35.00000000000001,-2,0,0
1.010752688172043,-31.999999999999993,4,0,1
0.7492527399535038,2.8333333333333286,-3,0,0
1.092191435768262,-0.1666666666666643,2,0,0
0.9064644275911882,0.8333333333333286,2,0,1
0.9809560823940925,9.5,-6,0,0
1.1901913875598087,19.5,-5,0,0
0.886372510737993,-8.166666666666664,-4,0,0
1.1798051372896368,13.333333333333329,5,0,0
1.0244997958350348,-6.666666666666664,4,0,0
1.1087113030957523,26.999999999999993,4,0,1
0.7171964140179299,-23.333333333333336,0,0,0
1.0480851063829788,-4.833333333333329,-6,0,0
1.3607536764705883,38.49999999999999,1,0,1
1.1702127659574468,15.5,3,0,1
1.1219330855018588,7.166666666666664,1,0,0
0.9912822375590266,9.666666666666671,-3,0,0
0.8515806988352745,-15.666666666666671,6,0,1
1.0991895021227325,10.499999999999993,-2,0,1
1.3235294117647058,8.333333333333329,2,0,1
1.0023640661938533,2.5,-4,0,1
0.6833496892378148,-25.499999999999993,3,0,0
0.8658988070752777,-4.166666666666671,0,0,0
0.8181114551083591,13.500000000000007,-1,0,0
0.9485918641037103,19.66666666666667,9,0,1
0.9060573086688429,-12.833333333333336,5,0,1
1.0522388059701493,5.0,2,0,0
1.1356898517673888,-3.3333333333333286,-3,0,0
1.0440476190476191,2.500000000000007,-10,0,0
1.0506329113924051,36.166666666666664,2,0,1
0.6987381703470031,-24.166666666666664,3,0,0
1.0144770177343467,-9.666666666666657,-4,0,1
1.009049773755656,-5.166666666666671,10,0,1
0.9071274298056156,26.83333333333333,-2,0,1
0.7678650687971593,-2.0,-2,0,0
1.316161616161616,13.5,1,0,1
0.9743808710503843,2.5,3,0,1
0.8157417482771128,-4.666666666666671,3,0,0
0.7910347152005393,-4.166666666666657,5,0,0
0.8712328767123287,-5.333333333333329,-1,0,1
0.9544950055493896,-5.333333333333336,4,0,1
0.8112005365526492,-12.5,8,0,0
0.8635698610095098,-5.333333333333336,1,0,1
0.7441860465116279,3.6666666666666714,3,0,1
0.9526558891454965,-0.5,1,0,0
1.2814814814814814,5.833333333333329,6,0,1
0.8852313167259787,-14.5,-4,0,0
1.2461266046923418,9.5,-8,0,0
1.1440677966101696,9.5,-2,0,1
0.9353856562922869,-15.333333333333336,5,0,0
0.9910380881254668,-8.333333333333329,1,0,1
1.0613375544123467,-10.833333333333336,2,0,0
0.937046004842615,9.666666666666671,2,0,0
1.1542488924687877,22.666666666666664,3,0,1
0.8048353188507358,-10.666666666666657,0,0,1
1.1825809029165002,18.33333333333333,0,0,1
1.1042418772563176,6.666666666666671,6,0,1
0.8384201077199281,9.666666666666671,7,0,1
0.9117845117845118,-37.99999999999999,-3,0,0
0.861100569259962,-17.499999999999993,2,0,1
0.9940387481371088,3.5,8,0,1
0.8856829802775749,-19.666666666666664,-3,0,0
0.9760065067100447,-4.333333333333336,-11,0,0
0.9785894206549118,11.166666666666664,-6,0,0
1.0792655620241827,20.66666666666667,-6,0,0
1.0619777158774373,35.33333333333334,4,0,1
0.8800287356321839,-7.5,5,0,1
1.187929717341482,4.5,-6,0,0
0.7647058823529411,-21.66666666666667,5,0,0
1.0339388145315487,-11.666666666666671,-1,0,0
1.0489196901752955,-3.1666666666666714,-1,0,0
1.0858827865831182,-2.5,7,0,1
0.9670138888888888,-10.333333333333336,-2,0,0
1.101510067114094,0.6666666666666714,6,0,0
0.9350149636596836,-9.333333333333336,4,0,1
1.1826360773729194,5.0,3,0,1
0.8797872340425532,-4.333333333333329,2,0,1
0.9725036179450073,-2.500000000000007,6,0,1
1.1441441441441442,11.333333333333329,-3,0,0
1.038130381303813,-12.500000000000007,-5,0,0
0.8106060606060606,-2.6666666666666714,0,0,0
1.311157894736842,10.000000000000007,-4,0,1
0.8259777538571941,-14.333333333333329,-4,0,0
0.9958544449562413,1.3333333333333357,6,0,1
0.8360964581763376,-1.8333333333333428,-1,0,0
0.9618874773139746,6.0,4,0,0
1.025662251655629,19.666666666666664,1,0,0
0.9598393574297188,34.16666666666667,-5,0,0
0.8257274119448699,-13.833333333333329,-6,0,1
0.9123788217747949,11.166666666666664,7,0,0
1.1108742004264391,5.666666666666664,2,0,1
1.0948238364506306,0.3333333333333428,-2,0,0
0.877309682187731,-3.000000000000007,3,0,1
1.2270042194092827,18.333333333333336,-1,0,1
0.9629909365558912,-5.0,0,0,0
1.0306698950766748,28.833333333333336,-4,0,1
0.738086576937068,-21.66666666666667,-5,0,0
1.0879873551106427,-7.333333333333336,-2,0,1
0.8255892255892255,-3.0,6,0,0
1.2815964523281596,12.333333333333329,0,0,1
1.0121141070730755,-6.5,0,0,1
0.9801940177849636,23.0,-3,0,0
0.932920536635707,11.666666666666664,-3,0,0
0.9968623935454953,-10.833333333333336,7,0,0
1.0245775729646698,6.333333333333329,0,0,1
0.9893617021276596,-5.333333333333343,-15,0,1
1.0017953321364452,-5.166666666666671,-1,0,0
0.9281788200806156,-21.83333333333333,-2,0,0
1.0617075232459847,17.666666666666664,-4,0,0
1.0224409448818899,7.5,-2,0,1
1.2305555555555556,25.5,0,0,0
0.8765197568389058,3.499999999999993,-1,0,1
0.9512195121951219,-7.333333333333336,-4,0,0
0.9840198863636364,19.0,2,0,0
0.9216820987654321,1.6666666666666714,3,0,1
0.9056981006331223,-2.3333333333333286,-3,0,1
1.1923400673400673,59.66666666666667,1,0,1
1.0362602204052613,25.5,-2,0,0
0.9682606855691918,-9.0,-3,0,0
0.9647188533627343,19.166666666666664,4,0,1
0.9748302037554935,-3.333333333333343,-1,0,1
0.7385005432814198,5.166666666666664,-7,0,1
1.0630812778002425,8.500000000000007,0,0,1
0.8692618435549027,4.333333333333343,-3,0,1
0.8805852115460656,5.0,2,0,0
1.1016652059596845,-6.666666666666657,0,0,0
0.9572049481778669,26.0,-1,0,1
1.3074133763094278,38.333333333333336,-1,0,0
0.8783783783783784,-18.833333333333336,-3,0,0
0.8171891511095456,3.8333333333333357,2,0,1
0.8971111990502573,0.5,-1,0,1
1.1295383236216943,12.333333333333336,-5,0,1
0.820842255531763,-21.333333333333336,-2,0,1
0.9902336937565399,12.833333333333336,1,0,1
0.9625811378388698,5.333333333333336,2,0,0
0.838844413505047,-2.833333333333343,-4,0,0
1.0019794140934284,-28.5,-3,0,1
0.9085148514851485,-8.0,2,0,1
1.06006006006006,7.333333333333336,-5,0,0
0.9573440643863179,-8.5,6,0,1
0.9707977207977208,-9.833333333333329,-3,0,0
0.7941880341880342,-21.5,1,0,1
1.1872937293729373,6.166666666666671,-5,0,0
0.9040458288578589,-7.0,2,0,0
1.0732689210950082,9.166666666666657,0,0,1
1.1266094420600858,16.0,1,0,1
0.9099271751628977,15.000000000000007,-3,0,0
1.1125248508946322,-14.666666666666671,-4,0,0
0.8373225152129817,-31.83333333333333,0,0,0
1.0010500525026251,6.166666666666657,2,0,0
1.0704776820673454,2.8333333333333357,-1,0,1
1.0010442046641141,24.66666666666667,-3,0,0
0.9056915949702184,-9.166666666666671,2,0,1
0.9481534090909091,-23.0,-1,0,0
1.1090746535538667,-8.166666666666671,1,0,1
0.8825561312607945,-5.333333333333329,-4,0,0
1.1217898832684825,11.0,4,0,1
0.950925925925926,-19.166666666666664,2,0,0
1.1569282136894825,28.166666666666657,1,0,1
0.9731163777856385,5.833333333333329,2,0,1
1.0099274532264222,14.666666666666671,-2,0,1
0.8692660550458715,-9.5,5,0,1
0.9557685219314412,14.499999999999993,5,0,1
0.8859205776173286,-29.833333333333336,6,0,1
1.232521602513747,55.666666666666664,7,0,1
1.3516279069767443,17.666666666666664,-2,0,0
1.026192337763878,4.166666666666657,-4,0,0
1.1959016393442623,6.0,-2,0,1
0.7770927968851395,-11.5,0,0,0
0.998911860718172,-12.0,5,0,0
1.0536700868192581,-1.6666666666666572,1,0,0
0.8973521944142183,14.666666666666664,6,0,0
0.8772576483597494,15.666666666666664,-1,0,1
1.244484466456551,34.16666666666667,3,0,1
1.308194048104362,16.0,0,0,1
1.0025337837837838,4.666666666666671,3,0,1
0.9761311008193801,4.166666666666671,3,0,1
0.8263431542461005,2.1666666666666714,-2,0,0
1.0698822635776681,-0.5,6,0,1
0.9231590181430096,21.16666666666667,-1,0,1
0.9116022099447514,25.999999999999993,5,0,1
1.037007874015748,10.833333333333329,3,0,0
0.8362452894826996,-13.999999999999993,1,0,0
0.9825493171471927,8.5,4,0,1
0.9563732928679818,11.666666666666664,2,0,0
0.9290003532320734,-6.666666666666657,1,0,0
1.2416998671978752,-9.0,-1,0,1
1.1032461677186656,0.0,1,0,1
0.790547798066595,-4.166666666666664,4,0,0
1.1641443538998837,23.833333333333336,-1,0,1
1.0237424547283702,-19.833333333333336,2,0,1
1.0614506380120887,15.166666666666657,5,0,0
0.7859078590785907,-25.666666666666664,-4,0,0
0.9318270354499416,1.1666666666666714,-7,0,1
1.046613896218118,-11.333333333333329,-3,0,1
1.0882845188284518,-11.0,2,0,1
0.9807611877875366,-8.500000000000007,-4,0,0
0.9251063829787234,-6.333333333333329,3,0,1
0.9673676577229877,3.3333333333333286,-7,0,1
0.9164969450101833,-23.0,-8,0,0
0.8822152886115444,0.1666666666666643,3,0,0
0.7374588062980593,-6.666666666666664,-3,0,0
0.9516314779270634,6.666666666666657,1,0,1
0.8106235565819861,-17.833333333333336,8,0,1
1.0616966580976863,30.0,5,0,1
0.835,-1.0,-1,0,1
1.0089445438282647,14.333333333333343,-2,0,0
1.1122244488977955,0.5,-6,0,0
1.2002012072434607,12.333333333333336,7,0,1
1.042240587695133,4.666666666666664,-2,0,1
0.8776859504132232,-11.666666666666664,2,0,0
0.9899919935948759,42.333333333333336,0,0,0
0.9661339421613394,17.16666666666667,-1,0,0
1.0645770392749245,-19.5,1,0,1
1.024537037037037,-31.5,-2,0,0
1.1471498011489174,6.333333333333336,-3,0,1
1.0095435684647303,-11.833333333333336,-6,0,1
0.8163548163548163,-33.16666666666667,6,0,0
0.9403553299492385,-14.333333333333329,6,0,1
0.9014895057549086,-8.833333333333336,3,0,0
0.8771593090211133,-44.00000000000001,-3,0,1
0.8355419639823309,-24.333333333333343,1,0,0
0.926405325443787,-14.333333333333336,-3,0,0
1.0964022140221403,21.333333333333336,0,0,1
1.3704845814977973,26.666666666666657,0,0,1
0.9715355805243445,-26.333333333333336,1,0,0
1.2853356890459364,5.166666666666671,2,0,1
1.0541835606339844,-4.833333333333329,0,0,1
1.1104321257092973,22.999999999999993,-2,0,1
0.6345817290864543,-7.833333333333336,-7,0,0
0.9690391459074733,-22.333333333333336,-4,0,1
0.9973384030418251,14.666666666666671,4,0,1
1.077376565954311,14.500000000000007,-4,0,0
1.4409448818897639,15.666666666666671,3,0,0
0.8410434782608696,11.166666666666671,2,0,0
0.9519166106254203,5.833333333333329,-1,0,0
0.7212435233160622,-28.16666666666667,1,0,1
0.7421323057161208,-46.333333333333336,-4,0,0
0.9708939708939709,1.5,4,0,1
1.096124031007752,34.50000000000001,2,0,1
1.048053024026512,-12.833333333333336,-5,0,0
0.9381107491856677,9.833333333333336,-9,0,0
0.9212382445141066,2.6666666666666714,1,0,0
0.9954597048808173,-17.499999999999993,-5,0,1
1.256811076373381,13.5,-4,0,1
1.1748860339825944,14.0,2,0,1
1.0352422907488987,10.499999999999993,0,0,1
0.8410237923576064,-12.833333333333329,1,0,0
0.8910021945866862,-17.0,-9,0,0
0.8853526220614828,16.166666666666657,1,0,1
0.970074812967581,12.166666666666671,-1,0,0
1.1432724252491695,0.8333333333333286,-1,0,1
1.0027494108405341,0.8333333333333286,3,0,0
1.0512152777777777,-11.166666666666657,4,0,0
1.0658505698607008,25.166666666666664,-2,0,0
1.033399602385686,9.333333333333329,2,0,0
1.111655978875896,18.16666666666667,-3,0,0
1.1974398758727696,-2.166666666666657,1,0,1
0.9941245593419507,-11.0,2,0,1
1.0350946372239747,5.333333333333329,4,0,1
0.9608239095315024,-7.833333333333329,3,0,1
0.7423014586709886,-33.833333333333336,-4,0,0
0.9896,11.666666666666671,0,0,1
1.1063829787234043,-10.000000000000007,10,0,1
1.0943767204089658,14.166666666666671,-3,0,0
1.1422018348623852,4.666666666666664,4,0,0
0.9566551591868048,-13.833333333333336,-7,0,0
0.7550246492226015,6.0,-1,0,0
1.0155122655122655,8.0,-3,0,0
0.8083042297244858,-34.49999999999999,4,0,1
1.1226069246435846,10.666666666666671,1,0,0
0.9423076923076923,-13.166666666666657,1,0,1
0.9963325183374083,3.0,0,0,1
1.0888638920134983,20.16666666666667,3,0,1
0.9639331814730449,-5.166666666666671,2,0,1
0.8798363095238095,2.3333333333333286,0,0,1
0.9740492170022371,-15.999999999999993,0,0,0
1.279777206512425,49.33333333333333,-4,0,0
0.7404109589041096,-49.66666666666667,3,0,1
0.8900383141762452,13.666666666666664,-3,0,0
1.278776104905294,-15.833333333333336,-1,0,1
0.8521505376344086,-12.666666666666671,0,0,1
1.0320665083135392,-14.333333333333329,-9,0,0
0.8933697881066303,9.833333333333336,-2,0,0
0.9263157894736842,9.166666666666664,7,0,1
1.0211706102117062,5.166666666666664,-1,0,0
1.1299915038232795,21.0,10,0,1
1.0266666666666666,2.5,10,0,1
0.961246504194966,-3.8333333333333357,2,0,0
1.0224032586558045,6.5,0,0,0
0.8096797671033479,14.999999999999993,0,0,1
1.0120763537202961,-20.16666666666667,-1,0,0
0.8743538767395627,-19.166666666666664,-1,0,0
1.0373528217620787,-28.333333333333336,-10,0,1
0.9122426868905742,-13.833333333333329,2,0,0
0.9907242240456654,-26.333333333333336,-4,0,0
1.1111888111888113,9.333333333333329,2,0,1
1.1381889763779527,18.833333333333336,0,0,1
0.9273084479371316,13.999999999999993,-5,0,0
1.2057851239669422,-6.833333333333336,1,0,1
1.1571254567600486,13.499999999999993,-2,0,0
1.05451518934665,-13.833333333333336,6,0,0
0.8463035019455253,13.333333333333329,-2,0,0
1.0197979797979797,-18.333333333333336,6,0,1
1.009858044164038,17.500000000000007,-3,0,1
0.9727915194346289,-3.0,3,0,0
0.8790436005625879,25.33333333333333,6,0,1
1.114669829972321,16.0,-4,0,0
1.173056443024494,-1.0,-3,0,1
1.2563305197689916,21.5,0,0,1
1.0714558654948414,4.666666666666671,-3,0,1
1.0018288222384784,11.333333333333343,2,0,0
0.9860703812316716,7.166666666666657,1,0,1
1.012174643157011,7.833333333333329,4,0,1
1.101319710515113,-19.833333333333336,-2,0,0
0.7566401062416999,18.333333333333336,8,0,1
0.945925925925926,-42.50000000000001,-4,0,0
1.126485972420352,14.666666666666664,-5,0,0
1.047037539574853,17.16666666666667,0,0,1
1.1705128205128206,-0.3333333333333286,-6,0,0
0.9106650924832743,-3.8333333333333286,3,0,1
0.9953370072064434,-18.33333333333333,-3,0,0
0.954358552631579,-10.0,-2,0,0
1.076061776061776,-14.5,0,0,0
1.0300718132854578,-7.333333333333336,2,0,0
0.9609536973047685,24.33333333333333,0,0,0
1.0695876288659794,-8.499999999999993,6,0,1
1.095582329317269,-17.83333333333333,16,0,1
1.0638297872340425,-9.833333333333329,0,0,1
1.010351201478743,16.833333333333336,5,0,1
0.8356566397652238,-11.833333333333329,3,0,0
0.8989547038327527,16.166666666666664,2,0,1
1.1330628803245437,23.333333333333336,1,0,0
1.1161793372319688,17.833333333333336,2,0,0
0.8316179497735694,-4.0,-1,0,0
0.9894651539708266,10.0,-13,0,0
0.8903162055335968,-9.5,3,0,1
1.0221721157459602,-19.166666666666664,-1,0,1
0.8427008675971331,-6.333333333333336,-1,0,1
1.3879222108495395,16.333333333333336,-6,0,1
0.9364671318398825,-21.66666666666667,6,0,1
0.9652802893309222,11.666666666666671,2,0,1
1.0,20.5,4,0,1
1.2771929824561403,19.666666666666657,-7,0,0
0.9534703373400543,-18.83333333333333,0,0,1
1.1609284332688588,7.0,0,0,1
0.9247822644497229,10.666666666666664,-3,0,1
1.14135464871687,-10.0,0,0,0
1.0392477514309075,-13.333333333333336,-3,0,0
1.03971119133574,12.333333333333336,7,0,0
1.08368684920941,2.3333333333333357,-8,0,1
1.2680229986731535,-1.0,-2,0,1
1.2326844726120416,-4.166666666666664,-5,0,1
1.1657934131736527,32.66666666666666,2,0,1
1.048854961832061,11.0,8,0,1
0.8961730449251248,0.3333333333333428,7,0,1
0.8398621121905359,-26.833333333333336,3,0,0
1.081953976584578,-8.333333333333336,-3,0,1
1.0892241379310346,0.1666666666666714,2,0,1
1.1222988505747127,18.33333333333333,10,0,1
0.9551330798479087,-18.666666666666664,0,0,0
0.9414448669201521,-11.499999999999993,-3,0,1
1.1559594251901943,8.499999999999993,-1,0,1
1.0526315789473684,-3.1666666666666714,7,0,0
1.055680119581465,-4.166666666666664,-3,0,1
1.0554716981132075,-6.333333333333329,3,0,0
0.9687738004569688,5.333333333333343,-4,0,1
1.160842508377214,-5.833333333333329,-4,0,0
0.7602459016393442,5.0,-3,0,1
1.0342612419700214,3.0,-4,0,0
0.9242097701149425,3.8333333333333357,-4,0,1
0.9382845188284519,-17.166666666666664,4,0,0
1.184608540925267,8.5,-4,0,1
1.1588983050847457,-9.166666666666671,2,0,1
1.0538025889967637,-35.50000000000001,0,0,1
0.7804123711340206,-23.166666666666664,3,0,0
1.1081081081081081,7.0,-3,0,1
0.9614711033274956,-4.333333333333336,-1,0,0
0.7469879518072289,-9.5,-5,0,0
0.9182437547312642,-28.333333333333336,1,0,1
0.9648991784914115,0.1666666666666643,-3,0,0
0.8230936819172113,7.833333333333336,-6,0,0
1.0675174969123096,22.83333333333333,-9,0,0
0.9167993630573248,2.8333333333333357,-8,0,0
0.941972920696325,-3.5,2,0,1
1.0590233545647558,15.833333333333329,8,0,1
1.2941176470588236,29.166666666666664,2,0,0
1.0714944649446494,-1.8333333333333286,-10,0,1
0.82226148409894,6.333333333333329,3,0,0
1.0913838120104438,6.5,-3,0,0
1.4146788990825687,47.33333333333333,5,0,1
0.8156557099288377,-38.166666666666664,-4,0,0
1.2161531279178337,8.833333333333336,-3,0,0
1.1973244147157192,10.166666666666671,2,0,1
1.1543816543816543,2.5,3,0,1
1.283668903803132,37.83333333333333,-2,0,1
1.0351084812623275,-15.333333333333329,0,0,0
0.9871244635193133,-22.0,1,0,1
1.019853709508882,18.83333333333333,-5,0,0
0.7204180664427025,-44.333333333333336,3,0,0
1.1532501076194577,1.5,0,0,1
1.0690665550439515,24.333333333333336,-4,0,0
0.9706959706959707,-10.166666666666671,-2,0,1
0.9428678117998507,6.666666666666671,3,0,1
1.0340390203403902,29.166666666666664,4,0,0
0.948644793152639,-6.833333333333336,-8,0,0
0.9495313626532084,3.8333333333333357,-6,0,1
0.9417108251324754,-2.166666666666657,6,0,0
1.1259295984134854,18.000000000000007,0,0,1
1.113296616837136,2.0,1,0,0
0.9762264150943396,15.166666666666671,3,0,0
0.8600422832980973,1.0,-2,0,0
0.9643854748603352,-12.0,-1,0,0
0.950354609929078,4.166666666666671,0,0,0
0.9120212362533182,-8.833333333333343,0,0,0
0.9563747040919851,-24.83333333333333,3,0,1
1.3214451134784622,27.5,-2,0,1
0.9395424836601307,-18.666666666666664,1,0,0
0.9074285714285715,13.166666666666671,-2,0,1
1.0670901151250496,-0.1666666666666714,-5,0,1
1.008894044856922,36.33333333333333,-1,0,1
0.9701886792452831,6.666666666666664,2,0,1
1.135204081632653,16.66666666666667,1,0,1
0.9524752475247524,-3.0,11,0,0
1.2615720524017466,13.833333333333336,-7,0,1
0.935031376891842,-8.166666666666671,5,0,0
1.374898456539399,42.833333333333336,1,0,1
0.9677949392047321,-37.0,-11,0,0
1.0614995787700083,-28.666666666666664,1,0,0
1.1825396825396826,30.66666666666667,-3,0,1
1.0408626560726448,23.66666666666667,8,0,1
1.1616557734204793,10.833333333333329,5,0,1
1.122814498933902,17.83333333333333,2,0,1
1.073109243697479,9.666666666666664,0,0,1
1.1029352633695215,2.1666666666666643,-9,0,1
0.9466869763899467,-2.0,0,0,0
0.8905674281503316,-13.333333333333336,2,0,1
1.118052738336714,5.666666666666671,-6,0,0
1.1729048006509357,-0.8333333333333286,0,0,0
1.1440677966101696,13.333333333333329,-7,0,0
0.8849062808286747,-15.666666666666657,5,0,1
1.066390041493776,12.833333333333343,-2,0,0
0.9104364326375711,-9.000000000000007,-1,0,0
0.9548269581056467,-13.5,0,0,1
0.8740619902120718,-17.83333333333333,-1,0,0
0.8938381588715665,-4.500000000000007,-4,0,0
1.1358333333333333,43.99999999999999,4,0,1
1.261926192619262,10.166666666666664,-4,0,1
1.29490022172949,14.166666666666671,-1,0,1
0.8476337052712581,-14.000000000000007,-5,0,1
1.0412414965986394,-31.16666666666667,-1,0,1
1.2061855670103092,1.1666666666666572,0,0,0
0.841012084592145,1.1666666666666643,-9,0,0
1.2402571313780635,19.000000000000007,-3,0,1
1.2598425196850394,13.666666666666664,-6,0,0
0.9805309734513274,7.333333333333343,2,0,0
1.204213241616509,5.833333333333336,-4,0,1
0.8770053475935828,19.333333333333336,4,0,1
0.9561694290976059,4.0,9,0,1
1.0649789029535865,3.3333333333333286,1,0,1
0.8580869565217392,-2.8333333333333286,3,0,0
0.9850746268656716,11.500000000000007,4,0,1
1.0505012996658003,0.8333333333333428,-1,0,1
0.8693181818181818,-28.0,3,0,0
1.1008888888888888,-34.00000000000001,-3,0,1
0.9630886720407298,29.000000000000007,1,0,1
1.1164889253486465,8.833333333333329,-9,0,0
1.0140524116976832,10.999999999999993,2,0,0
1.1090136857008022,11.333333333333336,0,0,0
1.1571782178217822,16.66666666666667,3,0,0
0.9947853991175291,4.333333333333343,-4,0,0
0.9905660377358491,9.666666666666671,-2,0,1
0.7922437673130194,-5.333333333333329,-3,0,0
0.9685904986258344,-8.833333333333336,-3,0,1
0.9793192589401121,3.0,1,0,0
0.9517641804376954,21.666666666666664,3,0,1
0.6520448548812665,-5.166666666666671,-10,0,0
1.0207843137254902,37.833333333333336,-2,0,1
0.9782005548949663,12.166666666666657,5,0,0
0.9987096774193548,-9.666666666666664,-3,0,0
0.8946459412780656,7.166666666666664,1,0,1
1.0258773484579937,14.833333333333336,0,0,1
0.8427906976744186,-36.50000000000001,3,0,0
0.8417928168596023,-20.666666666666657,0,0,0
1.2082815734989647,-9.666666666666671,4,0,1
0.8117283950617284,-7.5,1,0,0
0.8140913847227067,-26.83333333333333,3,0,1
1.10230179028133,0.5,-1,0,1
0.7764747690120825,-6.833333333333329,-1,0,0
0.9847211611917495,7.333333333333343,0,0,1
0.8172401035886052,-25.16666666666667,-11,0,0
1.0761617900172118,15.000000000000007,2,0,0
1.2632023658639628,10.166666666666671,3,0,1
1.3106666666666666,40.333333333333336,-2,0,0
0.9774709302325582,-8.666666666666671,1,0,1
0.9170731707317074,1.6666666666666714,0,0,0
0.9448693435309115,-11.666666666666671,5,0,0
0.9842814371257484,-10.5,6,0,1
1.098326359832636,5.333333333333336,1,0,0
0.9538732394366197,-27.5,-3,0,0
0.8922642175909573,-12.5,-1,0,0
1.2122318575992697,13.0,-5,0,0
0.870899470899471,-16.833333333333336,-6,0,0
0.8518518518518519,-8.833333333333329,-3,0,0
0.9381120250685469,-28.000000000000007,-2,0,1
0.9616130283055447,8.333333333333343,0,0,0
1.1263894606834088,16.5,-4,0,1
0.9918458117123795,7.5,-1,0,0
1.0523771152296535,25.16666666666667,-1,0,0
1.0610687022900764,-4.0,9,0,1
1.2378378378378379,15.166666666666671,-3,0,1
0.7544888237449615,-32.16666666666667,-4,0,0
1.165264928511354,-14.333333333333329,0,0,0
0.7483870967741936,-19.500000000000007,7,0,0
1.1533660276415514,-0.1666666666666572,0,0,0
1.1615502686108978,-3.8333333333333286,0,0,0
0.9217264081931237,-12.166666666666664,-1,0,0
0.9130730050933786,-11.666666666666671,-3,0,1
0.8991055456171735,-15.833333333333329,-2,0,0
0.871012482662968,-15.166666666666671,-4,0,0
0.9829161700437028,12.166666666666664,0,0,1
1.165823277539899,3.5,8,0,1
0.9210429673154609,-13.500000000000007,-9,0,0
1.0743569131832797,-2.166666666666657,4,0,1
0.9807846277021617,9.666666666666664,0,0,0
0.9109691960931631,2.8333333333333286,3,0,0
1.1031963470319635,5.833333333333329,-1,0,1
1.0061585835257891,4.333333333333329,1,0,0
0.9622828784119106,14.666666666666664,2,0,0
1.2874630645842127,19.333333333333336,2,0,1
1.0863095238095237,-8.666666666666664,-3,0,1
0.9212392683837253,-14.833333333333329,5,0,0
0.9555804404628593,-24.500000000000007,2,0,0
1.064235391628678,11.000000000000007,-6,0,1
0.9494148735371838,18.33333333333333,3,0,0
0.8228527607361963,-3.3333333333333286,-2,0,1
1.0161764705882352,3.8333333333333286,2,0,0
1.0282442748091603,-15.0,-5,0,1
1.1198680351906158,2.1666666666666643,1,0,0
0.8539936102236422,4.0,-2,0,0
0.8791574279379157,4.333333333333329,3,0,0
1.0475754803293686,-21.166666666666664,15,0,1
0.9217612809315866,-1.8333333333333286,1,0,1
1.0208975676601575,4.333333333333343,-1,0,0
1.0211812627291241,9.999999999999993,-3,0,1
0.8920013499831252,-8.666666666666664,5,0,1
0.8407281001137656,-28.833333333333336,3,0,1
1.1738927738927738,16.66666666666667,2,0,1
1.098384030418251,4.166666666666664,2,0,1
0.6894856278366112,-2.0,-7,0,0
0.8387096774193549,5.833333333333329,0,0,0
0.9375718115664496,20.166666666666664,3,0,1
0.9628898539281484,4.833333333333329,3,0,0
0.9725448785638859,-1.5,6,0,0
1.0817084493964717,-3.1666666666666643,5,0,1
0.8399293286219082,-17.833333333333336,-2,0,0
0.8632437619961613,-3.3333333333333357,-4,0,0
0.9936210131332083,-7.666666666666671,-1,0,1
1.421825813221406,38.50000000000001,1,0,1
0.8636986301369863,-8.666666666666671,-2,0,0
0.9074387151310228,-10.166666666666664,0,0,1
0.960776989166978,9.000000000000007,-1,0,0
1.0781004709576139,-14.500000000000007,-5,0,0
0.9550919377652051,4.166666666666657,-4,0,1
1.0541501976284584,-14.499999999999993,-2,0,1
1.1221079691516709,-11.166666666666664,-1,0,0
1.2843091334894614,18.833333333333336,4,0,0
1.2073940486925159,30.5,4,0,0
1.1855713094245204,3.8333333333333286,5,0,1
0.8823288232882329,13.0,4,0,0
0.8954423592493298,9.0,5,0,0
0.8636179684338324,4.166666666666664,0,0,0
1.0302013422818792,10.0,3,0,1
1.2572992700729928,29.666666666666664,6,0,1
0.8155588020452885,-18.0,10,0,1
0.9992202729044835,-9.5,-4,0,0
1.1597845601436265,4.166666666666664,5,0,0
0.766832504145937,-29.833333333333336,0,0,0
1.1301052631578947,17.333333333333336,1,0,1
1.006990434142752,6.166666666666657,0,0,0
0.8771566597653554,3.0,-2,0,1
0.9852507374631269,-10.0,2,0,0
1.051821862348178,1.0,7,0,1
0.8001491424310216,-21.166666666666664,-4,0,0
0.8806029353431178,-10.333333333333329,-2,0,1
0.9849281458114265,-26.16666666666667,3,0,1
0.9220733427362482,-1.8333333333333286,-2,0,0
0.8128324468085106,-8.166666666666664,0,0,0
0.8906815936779717,4.166666666666664,-1,0,0
1.0666666666666667,2.3333333333333357,3,0,1
1.040638055450057,47.49999999999999,-1,0,0
0.7344592166726555,-10.833333333333336,4,0,1
1.0731428571428572,-0.1666666666666714,-2,0,0
1.3457943925233644,-1.0,-3,0,1
1.0250965250965252,14.666666666666671,0,0,1
1.1487279843444227,4.5,-9,0,0
0.7585406301824212,2.833333333333343,3,0,0
0.9893877551020408,1.1666666666666643,-6,0,1
0.9520980319346454,9.666666666666671,9,0,1
1.4075785582255083,25.666666666666664,3,0,1
1.1140594059405942,4.666666666666657,2,0,1
0.7175908923980904,-40.16666666666666,1,0,0
0.9390154298310066,16.66666666666667,2,0,1
1.1142292490118577,-12.666666666666671,-10,0,0
0.8764601769911504,12.833333333333329,5,0,0
0.8115586690017513,3.6666666666666714,3,0,0
0.7396471011883328,-21.66666666666667,4,0,0
1.0125138019874862,29.999999999999993,3,0,1
1.4764397905759161,41.66666666666667,3,0,0
0.8862676056338028,-11.666666666666664,-2,0,0
1.1303501945525292,-16.999999999999993,0,0,1
1.0047770700636942,14.333333333333336,-5,0,1
0.7728706624605678,-27.333333333333336,0,0,1
0.9538135593220339,23.499999999999993,-7,0,0
0.9420188613342647,-5.0,-2,0,0
1.105904761904762,29.833333333333336,-5,0,1
1.1875259875259876,13.666666666666671,-6,0,0
1.084726443768997,0.5,1,0,1
1.128812016385981,-21.0,-4,0,0
1.1198384201077198,2.8333333333333357,-2,0,1
0.9179206566347469,11.0,3,0,0
1.084010840108401,14.166666666666657,1,0,0
0.9747060919130744,-10.166666666666671,-5,0,1
1.0045924225028702,-22.833333333333336,5,0,0
0.9908289241622575,-17.66666666666667,2,0,0
1.0806174957118353,-9.500000000000007,-6,0,1
1.0050925925925926,10.500000000000007,4,0,1
1.0478527607361963,9.333333333333336,-4,0,1
1.1063272182703108,-3.5,-3,0,1
0.7489587277546383,-4.0,11,0,1
1.2138338253901308,10.0,0,0,1
1.0558052434456928,26.0,-3,0,0
0.9642087106511428,-20.0,-1,0,0
1.1075050709939147,16.166666666666664,-6,0,1
0.8717491984324902,-10.833333333333343,5,0,1
0.9456159822419534,5.166666666666671,1,0,0
0.7552,-22.500000000000007,-1,0,0
0.7990135635018496,-35.333333333333336,0,0,1
1.030819434372734,-10.666666666666671,3,0,0
0.9883466860888566,-7.666666666666657,-1,0,1
1.0202839756592292,7.333333333333336,3,0,1
1.082514734774067,-8.499999999999993,3,0,1
0.8002028397565923,-3.0,5,0,0
1.1145872597059931,7.666666666666664,-8,0,1
1.1502546689303905,17.33333333333333,3,0,1
0.9868312757201646,3.3333333333333286,3,0,0
0.9765375044436545,14.666666666666671,2,0,1
1.0735294117647058,11.5,5,0,1
1.0752032520325203,23.499999999999993,0,0,1
0.9696233292831106,3.5,-1,0,0
0.7852716004374772,-20.666666666666664,3,0,0
0.9591589162959968,0.0,-7,0,0
1.0436046511627908,-1.1666666666666572,1,0,0
1.143633892161305,21.83333333333333,0,0,1
0.795364238410596,-13.5,3,0,1
1.2012432012432013,-3.6666666666666714,4,0,0
1.0665603826225587,-0.1666666666666714,0,0,0
1.0552173913043479,-17.5,-2,0,0
1.181128896377422,12.166666666666671,1,0,1
0.8134328358208955,-24.66666666666667,2,0,1
1.437178166838311,18.33333333333333,-2,0,1
0.7460191082802548,-3.5,-1,0,0
0.8715064758009543,-4.333333333333343,3,0,1
1.0835558946966806,12.166666666666657,3,0,1
0.9099824868651488,1.1666666666666714,-12,0,0
1.1247302546396203,-3.5,3,0,0
1.068699012451696,-15.833333333333329,1,0,1
0.9942107294480895,2.333333333333343,-3,0,1
0.8427099841521395,-17.833333333333336,1,0,0
0.9008327024981075,-2.8333333333333286,5,0,0
1.0886222910216719,28.333333333333336,-2,0,0
1.0537313432835822,22.66666666666667,1,0,0
0.9838598901098901,-9.5,1,0,1
0.8693586698337292,-12.666666666666657,8,0,1
1.0797314309693664,26.666666666666664,1,0,1
0.9807314195831695,21.0,4,0,0
1.3350946719506824,25.166666666666664,-6,0,0
1.1384115188109614,20.833333333333336,-1,0,0
1.1098288897731794,25.166666666666664,0,0,0
0.9247706422018349,-3.333333333333343,1,0,0
0.8090252707581227,-15.0,5,0,1
0.7289092834451112,-20.333333333333336,4,0,1
1.0710102489019033,5.0,-3,0,1
1.2863951473136914,15.166666666666664,-4,0,0
0.8382978723404255,-16.5,1,0,0
0.9682348210695617,13.999999999999993,7,0,0
1.0003861003861003,5.333333333333329,2,0,0
1.2280359234673957,19.666666666666657,11,0,1
0.9933283914010378,-3.3333333333333286,0,0,1
0.9005199306759099,-5.333333333333329,-3,0,0
0.9957166392092257,0.5,4,0,1
1.190359477124183,21.0,1,0,0
1.3229321446260525,23.33333333333333,0,0,1
1.3018398806563898,5.333333333333329,2,0,1
1.0016064257028112,8.833333333333329,1,0,1
1.0929800092980009,2.333333333333343,-5,0,0
0.9412667946257197,8.666666666666664,-1,0,1
0.9093678598629094,3.0,-2,0,0
1.0611189468735307,-8.500000000000007,5,0,0
1.0786275911365262,-8.5,-1,0,0
1.197835497835498,-5.666666666666664,8,0,0
0.8639455782312925,-14.5,4,0,1
0.8391850888599913,-15.833333333333336,1,0,1
0.7282311597032409,-16.166666666666664,0,0,0
1.2489290813898144,8.833333333333336,2,0,1
1.119074706105423,-2.3333333333333357,-4,0,0
1.050407709414381,-1.8333333333333286,4,0,1
0.939331407346265,-28.5,-1,0,0
1.1730356376127093,5.166666666666664,-5,0,0
1.188957055214724,-0.1666666666666714,2,0,1
0.8784110535405872,-23.66666666666667,1,0,0
1.046360153256705,-9.5,7,0,1
0.9312977099236641,-10.000000000000007,-1,0,0
0.9887175629936066,25.666666666666664,6,0,0
1.013001485884101,24.33333333333333,0,0,0
1.319360414866033,14.333333333333329,-2,0,1
1.1020816653322658,10.666666666666671,8,0,1
1.0375510204081633,15.833333333333336,-1,0,1
0.9689119170984456,-13.833333333333329,1,0,1
1.1587232181897682,4.833333333333329,1,0,1
0.9966467958271237,27.666666666666664,-2,0,1
0.9059583632447954,-12.166666666666671,-4,0,1
0.9890732496964791,-20.0,-8,0,0
1.140746500777605,20.66666666666667,-3,0,0
0.918025930572982,-24.333333333333336,-2,0,1
0.8706521739130435,-7.833333333333329,0,0,1
0.8569444444444444,-15.333333333333336,-1,0,1
1.2154233025984913,37.333333333333336,3,0,0
1.2301587301587302,29.999999999999993,1,0,0
0.8924663957486715,-13.333333333333329,-3,0,0
1.0094899169632265,11.666666666666664,6,0,1
1.1090255591054312,26.16666666666667,4,0,1
1.258317025440313,7.833333333333329,4,0,1
1.266634288489558,13.000000000000007,-8,0,1
0.8315398886827459,-10.499999999999993,1,0,0
1.004929844520288,20.16666666666667,4,0,0
1.2021739130434783,16.166666666666664,0,0,1
1.0461309523809523,-8.333333333333329,0,0,1
0.9900124843945068,0.8333333333333286,2,0,1
1.0457074721780604,-3.0,1,0,0
1.0266173752310537,-25.5,-4,0,1
1.1088709677419355,30.33333333333333,2,0,0
0.8372093023255814,5.333333333333336,6,0,1
1.161137440758294,9.833333333333329,-4,0,0
0.9611027190332326,0.1666666666666643,4,0,1
1.0281862745098038,-41.66666666666667,-1,0,1
0.8394819466248038,-20.0,-1,0,1
1.1759223300970874,21.0,-4,0,1
0.9996237772761475,-26.999999999999993,-6,0,0
0.8807079646017699,0.8333333333333286,11,0,1
0.7524084778420038,-8.5,0,0,0
1.12757793764988,19.66666666666667,2,0,1
0.8702119747117888,-34.99999999999999,-2,0,0
0.9143410852713179,-14.666666666666664,-1,0,0
0.8407766990291262,-24.666666666666664,-7,0,0
0.8936708860759494,-18.666666666666664,-9,0,0
0.8224368499257058,-16.83333333333333,-1,0,0
0.945518453427065,13.166666666666657,7,0,1
1.4163246694026448,10.0,4,0,0
0.8185303514376997,-26.33333333333333,9,0,1
1.0128350320875803,-8.0,8,0,0
0.7764945652173914,-0.3333333333333286,-1,0,0
1.051186943620178,-19.833333333333336,2,0,0
0.9274102079395085,-7.666666666666657,6,0,0
1.3088954056695992,-10.5,4,0,1
0.7874950534230313,-25.16666666666667,2,0,1
1.0832541943653056,35.0,-2,0,1
0.8933437135072012,26.833333333333336,6,0,0
1.162162162162162,32.66666666666667,3,0,1
1.036755892928486,0.6666666666666714,13,0,1
0.87490882567469,12.666666666666671,1,0,0
1.0460652591170825,3.666666666666657,2,0,1
0.9974694221847322,27.500000000000007,3,0,1
1.182108626198083,26.499999999999993,1,0,1
1.0036794766966477,-4.166666666666671,3,0,1
1.12850929221036,10.833333333333329,-4,0,1
1.345690454124189,16.0,4,0,0
1.1374896779521058,15.166666666666671,0,0,1
0.8476221287609188,-11.333333333333329,-3,0,0
1.1721040189125296,5.833333333333329,-1,0,1
1.0775100401606426,-33.5,-3,0,0
0.7221297836938436,-33.83333333333333,-2,0,0
0.9916887041934265,3.000000000000007,3,0,1
1.125,1.0,0,0,1
1.077496891835889,0.6666666666666714,6,0,1
1.0768618080446037,-38.83333333333333,0,0,1
1.0731081658828558,-21.16666666666667,0,0,1
0.788235294117647,-15.500000000000007,-1,0,0
1.055072463768116,-0.8333333333333357,2,0,0
0.6838365896980462,-40.83333333333333,2,0,1
0.949272659455427,25.66666666666667,10,0,0
0.7082089552238806,-34.50000000000001,-5,0,1
0.8160237388724035,-20.83333333333333,-4,0,0
0.9713083397092579,4.166666666666671,6,0,1
1.1541628545288198,-4.833333333333329,-6,0,1
1.0737410071942446,15.166666666666664,1,0,0
0.7782178217821782,1.5,6,0,1
1.1036113499570077,13.499999999999993,2,0,0
0.7543441226575809,-23.5,4,0,0
0.8465179175118324,-5.0,-2,0,0
1.222972972972973,22.66666666666667,-3,0,1
0.8921568627450981,6.333333333333329,1,0,1
1.0189260563380282,18.5,-2,0,0
1.1111111111111112,20.833333333333336,3,0,0
1.1152635719905586,5.5,-10,0,0
1.0459510357815442,7.166666666666657,1,0,0
0.9039433771486349,-18.5,3,0,1
1.0835303388494877,2.0,4,0,1
0.7194950911640954,-20.833333333333336,-2,0,0
1.0387453874538746,-9.000000000000007,5,0,0
1.0697420995277878,11.0,5,0,1
0.9833333333333333,-2.5,-2,0,1
0.8678414096916299,-29.833333333333336,1,0,1
1.1718816973853408,20.500000000000007,4,0,0
1.2821782178217822,30.000000000000007,-6,0,1
0.7402684563758389,0.6666666666666643,2,0,0
0.9426699426699426,4.166666666666671,2,0,0
0.9174555092767891,-15.166666666666671,3,0,0
0.966951355365763,-1.0,1,0,1
0.7587548638132295,-4.166666666666664,-2,0,0
1.2537577365163572,26.833333333333336,3,0,1
1.4754464285714286,40.833333333333336,-4,0,1
0.6578512396694215,-14.166666666666664,6,0,0
0.8389212827988338,-32.333333333333336,-5,0,0
0.9081954294720253,-24.833333333333336,1,0,1
1.127744510978044,56.166666666666664,3,0,1
1.0676691729323309,-18.666666666666664,-2,0,0
0.7744448772886638,-11.666666666666664,1,0,1
0.7466204506065858,5.499999999999993,-8,0,1
0.8285605192821688,-3.5,-3,0,1
0.9785743716522456,4.666666666666671,-2,0,1
1.209614551754006,27.66666666666667,2,0,0
1.0354552780016115,-5.833333333333343,3,0,0
1.2448036951501156,40.666666666666664,-1,0,1
1.4173192077383694,3.1666666666666643,-4,0,1
1.191381495564005,21.16666666666667,-6,0,1
1.243268337975859,26.500000000000007,3,0,1
0.7178385016886706,-21.5,-2,0,0
0.8627680311890839,0.8333333333333357,0,0,0
1.1870420362514462,5.333333333333343,5,0,1
1.0256709451575263,5.5,-3,0,0
1.2450459159014016,25.833333333333336,-1,0,0
0.7617597292724196,-13.166666666666664,4,0,0
0.7862826828344069,-26.833333333333336,0,0,0
1.2058479532163742,12.666666666666671,-4,0,1
1.2999400119976006,9.833333333333329,-3,0,0
0.9609552691432903,21.166666666666664,-2,0,0
0.8706796116504855,-17.333333333333336,4,0,1
0.9154121863799283,-27.666666666666664,-1,0,0
0.9377795851972347,-15.0,-5,0,0
1.242608695652174,-2.1666666666666714,0,0,1
0.8652506963788301,16.666666666666664,-1,0,1
0.8898431665421956,5.5,-3,0,0
1.095890410958904,-3.3333333333333286,1,0,1
0.9672256097560976,-5.0,-2,0,0
1.3952434881087203,29.500000000000007,1,0,1
1.0553519061583578,3.6666666666666714,0,0,0
0.7986837011227255,-30.333333333333336,5,0,0
0.9771791994014216,-9.166666666666664,-1,0,0
0.9957968476357268,8.166666666666671,-1,0,0
1.215333648840511,16.5,1,0,1
1.0275303643724696,23.16666666666667,-2,0,1
1.0851612903225807,3.8333333333333357,-2,0,0
0.9479077711357814,-30.16666666666667,4,0,1
0.9552816901408451,-9.166666666666671,-8,0,0
0.8702928870292888,-16.33333333333333,-1,0,0
1.1293388429752067,27.66666666666667,3,0,1
0.8903677758318739,25.666666666666664,2,0,0
1.0026902382782474,27.499999999999993,-1,0,1
1.0580474934036939,0.5,-1,0,1
0.8854024556616644,-2.0,3,0,1
1.0405352223534041,10.166666666666664,4,0,1
0.9758172861621137,17.333333333333336,2,0,1
1.1107505070993915,4.0,1,0,1
1.0064423765211168,-18.499999999999993,2,0,1
0.9198113207547169,-19.5,2,0,1
1.1553097345132743,21.499999999999993,-5,0,0
0.9497206703910615,9.5,-5,0,0
1.1491186279180563,27.500000000000007,5,0,1
0.9247352496217852,-23.666666666666664,2,0,0
0.8290265486725664,14.666666666666671,3,0,1
0.9544012688342586,-14.000000000000007,3,0,1
1.010234541577825,12.666666666666671,-4,0,1
0.6852162252765672,-24.999999999999993,6,0,1
0.9369782971619366,-5.333333333333329,6,0,1
1.0032786885245901,-2.0,-2,0,0
0.8383294038396767,-2.0,2,0,0
0.9601379839018781,4.833333333333329,-4,0,0
1.1166601638704643,-14.666666666666671,3,0,0
1.1781411359724612,3.3333333333333286,-3,0,0
1.2481420313790257,24.166666666666664,-2,0,1
0.9010335108048857,4.333333333333343,1,0,0
1.1606022584692597,31.333333333333336,3,0,1
1.0835974643423139,-11.833333333333336,4,0,1
1.0090350560173473,15.5,-3,0,0
1.1126633618747184,5.333333333333343,0,0,1
1.0705832628909553,18.0,5,0,1
1.0058252427184466,4.499999999999993,5,0,1
0.8526353531731804,6.833333333333329,1,0,0
0.9534255821802228,-18.16666666666667,5,0,0
0.9784517158818835,8.833333333333343,2,0,0
1.01796875,-1.3333333333333286,-1,0,1
0.780327868852459,-27.166666666666664,2,0,0
1.246124031007752,32.83333333333333,4,0,1
1.010172490048651,5.666666666666664,4,0,0
0.9116296863045141,-28.500000000000007,1,0,0
0.8508634222919937,-39.666666666666664,2,0,1
1.2649174777824799,32.83333333333333,5,0,1
1.324896456511735,8.999999999999993,6,0,0
0.9721561969439728,-12.333333333333343,-5,0,1
1.0665220535068691,-7.166666666666671,8,0,1
0.9876690533015116,-11.000000000000007,-7,0,0
0.9255913978494623,0.3333333333333286,2,0,1
0.9122448979591836,0.5,-3,0,0
0.7949676980618837,-28.833333333333336,3,0,1
1.3794342164346656,45.5,5,0,1
1.07905803195963,-20.499999999999993,0,0,0
0.8414725770097671,-5.000000000000007,0,0,0
0.7853991175290814,-15.999999999999993,-4,0,0
0.8621562952243126,-6.5,-2,0,0
0.929587235518557,-8.333333333333336,2,0,0
1.2280701754385965,13.166666666666671,1,0,0
0.8492063492063492,4.999999999999993,-2,0,1
0.8392745465916197,-38.833333333333336,-2,0,0
1.0919026328862393,14.333333333333336,-5,0,0
0.9579567779960707,6.166666666666664,-3,0,1
0.8344469190794358,-32.166666666666664,3,0,1
0.9079220240564081,-12.666666666666664,1,0,1
0.9408884225253585,-19.16666666666667,6,0,0
0.8838187702265372,-15.666666666666671,-2,0,0
1.1842875052235688,1.6666666666666643,11,0,0
0.9578163771712159,12.666666666666664,5,0,1
0.8618668899120971,12.5,-1,0,0
1.0971452918619515,4.166666666666664,2,0,0
0.8626255380200861,2.166666666666657,12,0,1
0.8437730287398674,-13.666666666666664,-11,0,0
0.9646876212650368,-22.333333333333343,0,0,1
1.4128571428571428,38.166666666666664,-6,0,1
0.9468957438500586,-8.333333333333329,-3,0,1
0.7956989247311828,-10.0,1,0,0
0.9508716323296355,1.5,0,0,1
0.8757785467128028,-39.33333333333333,0,0,0
0.8873239436619719,-11.666666666666671,0,0,0
0.9524500907441016,-10.166666666666664,0,0,0
1.0765625,26.999999999999993,4,0,1
0.8880994671403197,24.000000000000007,1,0,0
0.9562737642585551,3.0,4,0,1
0.6788899900891973,-23.499999999999993,1,0,0
0.9084677419354839,-3.8333333333333286,9,0,1
1.268822393822394,21.500000000000007,-2,0,1
0.7983870967741935,-15.666666666666664,-6,0,1
0.8045001844337882,5.5,1,0,0
1.1526315789473685,25.666666666666664,2,0,1
0.9287356321839081,-4.5,-3,0,1
0.8693986978169284,-22.333333333333336,-5,0,0
1.1860986547085202,0.8333333333333428,-4,0,1
0.8516932658622032,-2.333333333333343,0,0,0
1.1931506849315068,6.499999999999993,-2,0,1
0.9037823490378235,-22.5,5,0,0
0.8953900709219859,-1.0,-2,0,1
0.9578444154715341,-9.666666666666671,2,0,0
0.983400959055699,-27.833333333333336,4,0,0
0.9358669833729216,-22.833333333333336,-9,0,0
1.2026239067055393,3.6666666666666714,2,0,0
1.1654103852596316,-9.0,-7,0,1
1.0457406630297943,-14.5,1,0,1
1.1421933085501859,27.999999999999993,3,0,1
0.9980754426481909,18.5,1,0,0
0.9816890881913304,1.3333333333333357,9,0,1
1.0588914549653579,-8.0,-1,0,0
0.9261261261261261,3.833333333333343,0,0,1
0.9308722403184944,7.833333333333329,2,0,1
1.1811538461538462,13.5,4,0,1
0.7836660617059891,0.1666666666666714,9,0,1
1.1794300979519146,24.000000000000007,-2,0,0
0.9040444091990484,0.3333333333333286,10,0,1
1.004332129963899,11.333333333333329,0,0,1
1.090734332948866,-9.833333333333336,6,0,1
1.0154272151898733,-12.333333333333329,3,0,1
1.3006756756756757,3.8333333333333286,-2,0,1
0.916095890410959,-12.833333333333336,-1,0,1
1.046581517655898,-2.1666666666666714,-2,0,1
0.8704424778761062,-5.166666666666657,-1,0,0
1.1290057518488086,-36.333333333333336,3,0,1
0.9404626469472885,-4.0,-6,0,1
0.9977851605758582,20.333333333333336,2,0,0
0.8446076536528798,17.66666666666667,7,0,0
1.3119891008174387,33.166666666666664,2,0,1
1.0992241731318906,14.833333333333343,-1,0,0
0.8143754361479414,1.1666666666666714,2,0,0
0.956369982547993,-28.666666666666664,-10,0,0
0.9894521946240218,17.0,4,0,0
0.9541666666666667,6.333333333333336,1,0,1
1.1664459161147902,-9.666666666666664,6,0,0
1.1859083191850595,21.499999999999993,-3,0,0
1.1631328429251406,-19.83333333333333,-1,0,1
0.9179166666666667,1.6666666666666714,-3,0,1
0.8738348868175766,-6.999999999999993,0,0,0
0.9734375,-1.6666666666666714,-9,0,0
1.0961127723195216,21.0,-6,0,0
0.9298642533936652,-3.8333333333333357,-1,0,1
0.9515706806282722,9.333333333333343,3,0,1
0.9680028129395218,5.666666666666671,0,0,1
1.0191109264644787,9.5,-4,0,1
0.8864244741873805,15.166666666666664,1,0,0
1.0108499095840868,7.333333333333329,-2,0,1
1.0063451776649746,-4.333333333333336,-3,0,0
1.1866666666666668,40.99999999999999,-1,0,1
0.7918999012183076,-31.166666666666664,-3,0,0
1.0833924769339958,22.166666666666664,6,0,1
1.2453987730061349,15.500000000000007,0,0,1
1.066896551724138,46.00000000000001,-6,0,0
0.8771647200966572,-8.5,2,0,0
0.8464928387807565,-25.833333333333336,4,0,0
0.9613750482811897,-16.666666666666664,2,0,1
0.8878143133462283,-7.333333333333329,2,0,0
0.8845826235093697,7.333333333333329,-2,0,1
1.0668238993710693,17.166666666666664,-4,0,1
0.9156676312525837,18.833333333333336,-3,0,0
1.0789844851904091,5.0,4,0,0
0.9395329441201001,-3.3333333333333357,-7,0,0
0.797373358348968,-5.666666666666657,1,0,0
0.8342328450269854,0.5,5,0,0
0.9953033268101761,-4.833333333333329,-2,0,1
1.0328971962616822,22.833333333333336,-3,0,0
0.9108695652173913,-17.0,-1,0,0
1.1527009783071034,24.66666666666667,3,0,1
1.2184081478687288,17.666666666666657,-1,0,1
0.863762102351314,-10.833333333333343,1,0,0
1.0855263157894737,16.166666666666657,4,0,1
0.9139194139194139,-3.3333333333333286,5,0,1
1.0998193315266487,-4.833333333333336,4,0,1
1.0305084745762711,2.5,-4,0,1
0.8704793944491169,2.3333333333333357,-1,0,0
0.700066800267201,-4.166666666666664,6,0,0
1.0096899224806202,17.166666666666664,-2,0,0
1.0322344322344323,4.833333333333336,1,0,1
0.8018448923812778,-8.166666666666671,7,0,0
0.9745150247242298,-13.666666666666671,-1,0,0
0.9862810530218762,11.666666666666671,2,0,1
0.9363817097415507,9.666666666666671,-2,0,1
1.1933701657458564,30.66666666666667,0,0,1
1.0472739820565908,-25.666666666666664,-1,0,0
0.8478425435276306,-6.0,-9,0,0
0.8617021276595744,9.166666666666664,1,0,0
1.0081933633756657,-3.6666666666666643,5,0,1
1.1470352564102564,18.500000000000007,5,0,1
1.0231100665883275,25.33333333333333,0,0,1
0.8150929899856938,-20.833333333333336,-2,0,0
1.0618268847227763,26.0,-8,0,0
0.8830188679245283,2.0,-4,0,0
1.2356241234221599,-7.833333333333336,0,0,0
0.9434343434343434,-3.6666666666666643,5,0,1
0.9717755169018707,-27.166666666666664,0,0,0
0.9479834150018847,0.0,1,0,1
1.3179510844485465,-9.0,4,0,1
1.0466338259441708,10.166666666666657,-2,0,1
0.779379157427938,-12.5,5,0,0
1.0246478873239437,-11.333333333333329,-1,0,1
0.7568756875687569,-4.333333333333336,6,0,0
0.8845870206489675,-29.833333333333336,-3,0,0
0.746866295264624,-33.66666666666667,-3,0,0
1.080199539524175,5.5,4,0,1
0.8012134189864383,-11.333333333333336,-3,0,0
1.1926940639269406,-10.833333333333336,1,0,0
0.9632925472747497,9.5,-5,0,1
0.8256499133448874,12.333333333333336,3,0,1
1.0,7.666666666666657,2,0,1
0.9699604743083003,24.833333333333336,-6,0,1
1.031041257367387,14.500000000000007,3,0,1
1.0130168453292496,15.499999999999993,1,0,1
1.1298013245033112,-10.666666666666664,0,0,0
1.1636284722222223,10.166666666666671,-1,0,1
1.1123015873015873,24.166666666666664,4,0,1
0.8481129180730286,-16.0,-2,0,0
1.2041908158716006,13.833333333333329,-1,0,1
0.9421052631578948,17.666666666666664,1,0,0
0.8929206688011384,13.999999999999993,-8,0,0
1.0278503046127068,-10.166666666666664,2,0,0
0.7927927927927928,7.166666666666671,-1,0,1
1.06242774566474,-25.333333333333336,4,0,0
0.705446342249436,-10.0,-2,0,0
1.1432618373128287,1.1666666666666714,0,0,1
1.6481081081081081,29.333333333333332,-4,0,0
1.2191272051996287,11.500000000000007,-1,0,1
1.2064463484292125,6.833333333333329,-1,0,1
1.4566744730679158,6.000000000000007,-3,0,1
0.8045938748335553,-0.5,0,0,0
1.0350282485875706,-5.499999999999993,3,0,1
0.8606741573033708,-35.666666666666664,4,0,0
1.0255897640943623,13.166666666666664,-6,0,0
1.0247766043866775,24.166666666666664,3,0,0
0.9131931166347992,33.83333333333333,0,0,0
0.7734584450402144,-3.5,-4,0,0
0.869550637156271,-33.99999999999999,-4,0,0
1.0622047244094488,2.5,4,0,1
1.3800904977375565,14.5,4,0,1
1.186131386861314,25.66666666666667,15,0,1
1.0779630464173051,6.833333333333336,0,0,1
0.9247311827956989,-2.333333333333343,-1,0,0
0.8934362934362934,10.0,11,0,0
0.9378453038674033,-3.0,1,0,1
0.999611046285492,-4.0,0,0,0
0.9623352165725048,-13.500000000000007,5,0,0
1.100836820083682,3.3333333333333357,0,0,0
1.2546610169491526,17.333333333333336,0,0,0
1.098474945533769,1.8333333333333286,8,0,0
1.01528485409912,8.333333333333336,-5,0,0
1.0808080808080809,-5.5,2,0,1
1.1074301940369145,-21.166666666666664,3,0,0
1.0433624952453404,9.666666666666657,-3,0,1
1.0679611650485437,5.833333333333336,-3,0,1
0.9591836734693877,-17.333333333333336,-4,0,0
1.0376432078559739,20.66666666666667,1,0,1
0.8922906676503135,18.83333333333333,-4,0,1
0.7929039722329349,-0.6666666666666572,-7,0,0
1.0463205080313784,-16.16666666666667,6,0,1
0.9278206026629292,-13.500000000000007,-3,0,0
1.0520140789988268,2.3333333333333286,2,0,1
0.7821720025109855,-5.5,0,0,0
0.7775740910479683,5.333333333333329,-1,0,0
0.8802588996763754,15.333333333333329,-2,0,0
1.0576131687242798,-8.333333333333329,6,0,0
1.4248826291079812,17.166666666666664,-2,0,0
0.8216340621403913,-6.833333333333336,-1,0,0
1.065217391304348,27.499999999999993,-3,0,0
0.81,-1.6666666666666714,-7,0,0
1.3443569553805774,25.000000000000007,4,0,1
1.129637712789175,25.83333333333333,3,0,0
0.8981585869973694,-18.500000000000007,-5,0,0
0.8827418232428671,-20.16666666666667,-2,0,0
0.8460761199056922,-15.5,0,0,0
0.7777044854881267,11.333333333333336,4,0,1
1.0334928229665072,-19.166666666666657,-5,0,0
1.055393586005831,-10.5,0,0,1
0.8259038259038259,-16.0,-12,0,0
0.9499672988881622,-1.8333333333333357,-5,0,0
0.9136915077989601,13.500000000000007,3,0,1
1.2940425531914894,9.0,-1,0,1
1.025974025974026,-24.833333333333336,4,0,1
0.8933333333333333,-8.333333333333343,1,0,0
1.1015209125475285,15.0,2,0,1
0.9054373522458629,-23.999999999999993,4,0,1
1.1082712105076322,-23.16666666666667,-1,0,1
0.8761645962732919,-22.0,-4,0,0
0.8977455716586151,-8.0,1,0,0
1.1281947261663285,21.166666666666664,-3,0,1
0.8720812182741117,-27.66666666666667,5,0,1
1.1151368760064413,-0.8333333333333428,0,0,1
0.9610822831727205,0.8333333333333357,7,0,0
1.0069899519440804,-1.8333333333333357,4,0,1
1.0248930377285104,2.333333333333343,-6,0,1
0.9898238747553816,-24.499999999999993,-2,0,1
0.910405643738977,-6.500000000000007,-1,0,0
0.9065420560747663,-42.333333333333336,6,0,0
1.0510623714873202,11.5,1,0,1
0.9363970588235294,-1.1666666666666714,1,0,1
0.9828990228013029,-18.5,-4,0,0
0.8446215139442231,8.166666666666671,-3,0,0
0.9698741007194245,-0.1666666666666643,-2,0,1
0.8488964346349746,-17.33333333333333,5,0,1
1.1089693154996065,-36.666666666666664,-2,0,1
0.9711962046763809,-28.999999999999993,-4,0,1
0.9806949806949807,-11.666666666666657,4,0,0
0.9130909090909091,-16.999999999999993,2,0,0
0.9706457925636007,-5.333333333333343,-4,0,1
0.8673992673992674,-13.833333333333343,0,0,0
1.2448275862068965,25.500000000000007,1,0,0
0.9244118781334362,-10.0,-5,0,0
1.1100041511000416,14.666666666666664,-2,0,1
0.8812949640287769,-29.16666666666667,1,0,0
0.809660107334526,-29.166666666666664,-1,0,0
1.1271676300578035,18.0,-5,0,1
0.9249226006191951,11.0,-2,0,1
1.0628875110717448,-10.833333333333336,1,0,0
0.9355704697986578,20.000000000000007,-4,0,1
1.1344612644701693,25.333333333333336,1,0,0
0.9308419243986255,-4.833333333333336,1,0,0
0.8984771573604061,-11.333333333333336,0,0,0
0.9186263531168346,-25.166666666666664,3,0,0
0.9605734767025089,3.5,-1,0,0
0.9423868312757202,5.166666666666671,0,0,0
0.7819905213270142,-8.999999999999993,4,0,0
1.2727272727272727,5.5,-3,0,1
1.2388987566607461,-16.000000000000007,4,0,1
1.2283464566929134,18.666666666666664,6,0,1
0.8983774551665243,-14.666666666666664,1,0,0
0.9404502541757443,-4.833333333333336,-4,0,0
1.1126651126651126,-10.5,5,0,1
1.2485701715794104,-1.6666666666666643,-1,0,0
1.1654676258992807,-8.666666666666664,4,0,1
0.7173768308921438,-36.666666666666664,3,0,0
0.7632684230622375,5.333333333333336,2,0,0
1.1874439461883408,-3.5,-6,0,1
1.0361842105263157,-1.6666666666666572,0,0,1
0.8051496172581768,-9.0,1,0,1
0.9134125636672326,1.6666666666666572,-8,0,1
1.066953797963978,6.333333333333336,-7,0,0
0.9943181818181818,6.5,2,0,0
1.1612244897959183,-7.5,2,0,0
0.8812949640287769,-12.5,3,0,0
1.175064047822374,14.5,-4,0,1
0.8955722639933166,-4.833333333333336,2,0,1
1.2028725314183124,-0.8333333333333428,2,0,1
1.0250980392156863,13.0,-12,0,0
1.1225649350649352,9.500000000000007,-1,0,1
0.9886321965529886,10.5,3,0,1
0.830048465266559,-27.333333333333336,1,0,0
0.9415292353823088,-29.000000000000007,4,0,1
0.8874015748031496,3.8333333333333286,-2,0,1
0.7346526655896607,3.8333333333333286,-1,0,0
1.0892857142857142,2.500000000000007,2,0,1
1.03125,-10.5,-1,0,1
0.9469090909090909,3.0,-1,0,0
1.025831873905429,2.8333333333333357,4,0,1
0.8010471204188482,4.0,-2,0,0
0.9066420664206642,6.500000000000007,0,0,1
1.069327731092437,11.5,1,0,0
1.1069059695669137,34.333333333333336,1,0,1
1.2732263513513513,7.166666666666664,8,0,1
0.9145461450816559,10.666666666666671,-5,0,0
0.9145708582834331,-4.333333333333343,-1,0,0
1.1448040885860307,7.833333333333329,-5,0,0
0.9598909657320872,-16.33333333333333,-3,0,0
1.1787105149286023,12.999999999999993,-9,0,1
1.0025612879619465,-19.0,-2,0,0
1.028735632183908,2.1666666666666714,5,0,1
1.0517699115044248,-4.666666666666671,3,0,0
0.8804675716440422,-3.0,1,0,0
1.1499400239904038,18.666666666666664,0,0,1
0.8132088058705804,-13.5,1,0,0
0.9648791540785498,-2.5,7,0,0
0.9636029411764706,7.833333333333343,-10,0,1
0.9571876087713191,-9.666666666666657,-4,0,0
1.0768043226553454,15.500000000000007,0,0,1
1.0765997197571229,24.166666666666664,6,0,0
1.2090558766859345,-2.8333333333333286,3,0,0
0.9447935368043088,-15.166666666666664,2,0,0
0.7621870882740448,-22.499999999999993,-11,0,0
0.9250551065393093,-2.833333333333343,0,0,0
0.8529088913282108,5.0,2,0,0
1.1126427727451753,-3.8333333333333286,-2,0,0
1.0819375282933454,5.000000000000007,7,0,1
1.2329519450800914,13.500000000000007,2,0,1
1.0450901803607215,20.0,-7,0,0
0.9700433582972015,-15.0,3,0,0
1.1348631239935587,8.666666666666657,1,0,1
1.167129813418023,31.500000000000007,3,0,0
1.347848626231208,8.166666666666664,1,0,1
0.8506550218340612,0.8333333333333286,9,0,0
0.7639770323360532,-34.16666666666667,-2,0,1
1.1379310344827587,4.166666666666664,3,0,1
0.9041143654114365,8.166666666666664,4,0,1
1.1044226044226044,-6.166666666666671,-10,0,0
0.9872372372372372,5.833333333333336,1,0,0
1.1884728649558267,12.166666666666664,3,0,0
0.8491574188244965,-25.000000000000007,2,0,0
1.0425531914893618,-4.833333333333329,-2,0,0
0.8944376776289078,-10.5,-11,0,0
1.0731006160164271,-3.166666666666657,-3,0,0
1.1377997716025885,28.666666666666657,7,0,0
0.9610294117647059,-15.0,2,0,1
0.8675009201324991,5.666666666666657,-3,0,0
1.0314296665389038,22.166666666666664,1,0,0
1.1110632802410676,2.5,-2,0,0
1.0301403798513624,8.333333333333329,9,0,1
0.8846304262807978,-12.833333333333336,1,0,0
1.1842105263157894,-9.5,0,0,1
1.0135396518375241,3.5,1,0,1
0.8852288488210819,-18.500000000000007,5,0,0
1.3256756756756756,2.1666666666666714,6,0,1
0.9155505952380952,-9.0,-4,0,0
1.5110759493670887,17.000000000000007,0,0,0
0.9592084006462036,4.833333333333329,0,0,1
0.6784534038334434,-37.5,-9,0,0
0.944002765295541,4.666666666666671,9,0,1
0.8122794636556104,-12.0,0,0,0
1.0594781273983116,2.5,3,0,1
1.1059152677857713,26.500000000000007,-6,0,1
0.9046117461568782,-17.666666666666664,-10,0,0
1.1629048086359175,4.5,3,0,0
0.6651305683563749,-2.6666666666666714,4,0,0
0.9806685461135722,16.66666666666667,-4,0,1
0.8046709129511678,-0.1666666666666643,2,0,1
1.392289156626506,-0.6666666666666714,1,0,1
0.8825246260488873,-22.16666666666667,9,0,1
1.158493870402802,13.0,-3,0,1
1.001881821603312,0.6666666666666714,3,0,1
0.9940959409594096,17.16666666666667,-3,0,1
0.9886939571150097,9.166666666666657,1,0,1
0.5796622613803231,-36.333333333333336,5,0,1
1.0450906026127265,8.333333333333329,-4,0,0
0.7691780821917809,-18.499999999999993,2,0,0
1.0583704904742601,6.166666666666671,0,0,0
0.7513416815742398,-44.16666666666667,-2,0,0
1.1014436207569254,6.833333333333343,-1,0,1
0.8103019538188277,-27.000000000000007,-1,0,0
1.2655945419103314,31.16666666666667,1,0,0
0.8157618213660245,14.166666666666664,-1,0,1
1.110445205479452,-5.833333333333329,1,0,1
0.8825466520307355,27.0,-2,0,0
0.9338053097345133,1.0,-2,0,0
1.143238434163701,-8.5,2,0,0
0.8987583572110793,-31.500000000000007,-2,0,0
1.2469233822945613,5.333333333333329,-3,0,1
0.9250253292806484,-1.6666666666666714,3,0,0
1.2079889807162534,5.666666666666657,-8,0,0
0.7391946804580717,-33.833333333333336,-6,0,0
0.9041429731925265,-21.0,-6,0,0
1.1384479717813052,14.0,0,0,1
1.0989604989604989,7.0,4,0,0
1.1906412478336221,2.5,0,0,1
0.7295882763433357,-25.333333333333336,-4,0,0
0.870409604519774,-2.5,2,0,0
0.9168840849795006,9.833333333333329,4,0,1
1.1186094069529653,23.000000000000007,-2,0,1
0.9968919968919969,16.333333333333336,-7,0,1
0.958570268074736,9.0,8,0,0
1.3438934802571165,20.166666666666664,-2,0,1
1.1200819672131148,10.833333333333336,-1,0,1
0.8600723763570567,1.6666666666666714,1,0,0
1.1657266811279827,0.0,12,0,1
1.185337726523888,8.333333333333329,-7,0,0
0.9739454094292804,-12.166666666666664,2,0,0
0.8611599297012302,-4.333333333333343,11,0,1
0.6701425095585679,-12.666666666666664,1,0,0
0.8450074515648286,-3.6666666666666714,8,0,0
0.9764705882352941,-4.833333333333329,2,0,0
0.7989547038327526,-0.5,-1,0,0
0.7128547579298832,-37.83333333333334,-6,0,0
1.1314865392118612,11.666666666666671,-1,0,1
1.1126760563380282,2.1666666666666714,-2,0,1
1.0727201257861636,27.833333333333336,2,0,0
1.038768115942029,-15.0,0,0,1
0.9212371134020618,-27.66666666666667,-1,0,1
0.9398945518453427,3.5,6,0,0
1.3495762711864407,4.666666666666657,0,0,1
0.9818106655642828,-15.0,4,0,0
1.0091903719912472,-8.5,4,0,1
0.916370808678501,1.3333333333333286,-1,0,1
0.895808383233533,9.166666666666664,4,0,1
1.0664136622390892,-9.833333333333329,-5,0,0
0.8362690152121698,-27.16666666666667,-3,0,0
1.017991631799163,-7.5,-8,0,0
0.966338880484115,29.83333333333333,4,0,0
0.8014305177111717,-27.499999999999993,-1,0,0
0.8102633355840648,-2.3333333333333286,-2,0,1
0.8917431192660551,-23.666666666666664,-3,0,0
0.9459977020298737,-4.333333333333329,-9,0,1
0.8998043052837573,-10.333333333333336,1,0,0
0.8737762237762238,-10.833333333333329,0,0,0
0.8804554079696395,-15.833333333333329,1,0,0
0.8860510805500982,-14.999999999999993,7,0,0
1.075738660008323,-1.0,-1,0,1
0.875460328088383,-6.833333333333336,1,0,0
0.9908643710470836,-4.333333333333329,5,0,1
0.9670710571923743,-5.666666666666671,5,0,1
0.9587852494577006,-6.0,0,0,0
1.0740072202166064,5.833333333333343,1,0,0
1.0048622366288493,8.166666666666657,2,0,0
0.9556670849017148,-2.333333333333343,4,0,1
0.9973753280839895,4.333333333333336,4,0,1
0.7532,3.1666666666666643,-2,0,0
1.0346239761727476,23.0,-6,0,1
1.0030185424752047,-19.166666666666664,1,0,0
1.0979403110550652,15.166666666666664,0,0,1
0.9604541895066562,-2.8333333333333357,-2,0,0
1.0187146892655368,19.33333333333333,-1,0,1
0.6917808219178082,-41.66666666666667,8,0,1
0.8487960339943342,-24.0,-1,0,0
1.2084309133489461,10.0,3,0,0
0.9015482334259627,-12.500000000000007,-11,0,0
1.0137707573916566,-11.166666666666671,-1,0,0
0.9270792274339772,-38.666666666666664,-2,0,0
1.0208333333333333,-20.33333333333333,0,0,0
0.9595775673707211,-21.83333333333333,-2,0,0
1.351981351981352,27.5,-1,0,1
1.2268156424581005,15.999999999999993,2,0,1
1.0437070012140834,15.166666666666664,8,0,0
1.0336496980155305,22.666666666666664,-5,0,1
1.1366434140336479,4.333333333333329,-8,0,1
1.0568086883876358,-6.333333333333336,-8,0,1
0.8666914222057185,-13.500000000000007,-2,0,0
1.1527317880794703,-13.5,5,0,1
1.0685714285714285,11.0,-4,0,1
0.8476482617586912,12.666666666666664,-2,0,1
0.8471869328493647,-11.666666666666671,0,0,0
1.089718142119889,-10.5,-3,0,0
0.9787778997438712,-23.5,-4,0,0
1.140795631825273,15.833333333333343,6,0,1
0.8614864864864865,3.6666666666666714,3,0,1
1.0017137960582692,-4.000000000000007,-1,0,0
1.2831858407079646,13.333333333333329,6,0,0
1.0100647016534867,-15.0,-5,0,0
1.023157894736842,-6.333333333333336,2,0,0
0.9766277128547579,-15.5,-5,0,0
1.0658163265306122,-4.166666666666664,7,0,1
1.4456101601325235,-15.833333333333329,-5,0,1
0.9482142857142857,13.666666666666664,-4,0,1
1.2124,5.833333333333329,3,0,1
0.8745852687458527,-29.666666666666664,0,0,0
0.6861667744020685,-19.66666666666667,-3,0,0
1.094457999302893,3.8333333333333286,-10,0,0
1.0200462606013878,-6.333333333333329,0,0,0
1.1762135922330097,-1.999999999999993,-2,0,1
1.0426991993900114,-18.66666666666667,1,0,0
1.1245011971268954,-4.499999999999993,-2,0,1
1.0018811136192627,19.333333333333336,-2,0,0
0.9754578754578754,9.833333333333336,2,0,0
0.9902356902356902,-1.8333333333333286,0,0,1
1.1582762786951268,-10.166666666666671,8,0,1
1.1217091066033664,4.0,-4,0,0
0.9060998151571165,2.6666666666666714,5,0,1
1.0562141491395793,-24.833333333333336,-3,0,1
0.8413442751074639,-8.0,1,0,0
0.7363387978142076,-30.833333333333336,0,0,0
1.0353982300884956,1.3333333333333286,2,0,0
0.9371663244353182,-8.0,-1,0,0
0.8789373814041745,-9.333333333333336,-1,0,1
1.043196544276458,-6.0,2,0,0
1.1945780498469611,3.0,1,0,1
0.9730308219178082,8.833333333333336,5,0,1
1.0665322580645162,1.6666666666666572,0,0,1
1.022887323943662,-17.0,0,0,0
1.0819327731092436,-15.333333333333336,-2,0,0
1.0004323389537397,-9.166666666666664,0,0,0
0.9447597427166099,-12.166666666666671,-1,0,0
0.8005548705302096,-23.66666666666667,4,0,1
1.1743119266055047,4.0,-7,0,0
1.1697247706422018,-18.166666666666664,0,0,1
1.0129982668977469,-26.666666666666664,-4,0,0
1.186433260393873,15.333333333333329,-3,0,0
0.9501046755059316,-13.333333333333343,4,0,1
0.8266666666666667,-24.33333333333333,0,0,0
1.0599917252792719,-10.166666666666671,-6,0,1
0.9453630481667865,-15.5,2,0,0
1.010337972166998,20.833333333333343,0,0,1
0.8925795053003533,14.5,5,0,0
0.8584392014519057,-28.666666666666664,4,0,1
1.0584385226741468,-24.000000000000007,8,0,0
1.1382488479262673,11.500000000000007,0,0,1
1.0411449016100178,-5.166666666666671,-11,0,0
1.1678646934460888,27.833333333333336,-7,0,0
0.8606766096762459,-15.333333333333336,-3,0,0
1.0495378927911276,8.0,-1,0,0
0.8850491087668243,-8.833333333333343,-3,0,0
0.8475471698113207,-30.999999999999993,-5,0,0
0.9983014861995754,3.6666666666666714,9,0,0
0.7295774647887324,-21.33333333333333,0,0,0
0.9509419152276295,16.500000000000007,7,0,0
1.2639571237159446,21.33333333333333,7,0,1
0.9490333919156415,0.8333333333333286,0,0,0
1.0468815403934701,-16.66666666666667,-2,0,0
1.0017241379310344,25.333333333333336,-1,0,1
0.8807568725455195,10.833333333333329,-11,0,0
1.001934235976789,22.666666666666664,3,0,1
1.128937421251575,23.999999999999993,-3,0,0
0.8692676249144422,-6.666666666666657,-1,0,0
1.1399378054198135,7.166666666666664,2,0,0
0.9087887740029542,18.666666666666664,-4,0,0
0.9252106741573034,-13.0,3,0,0
0.9154874213836478,7.833333333333336,-1,0,1
1.0068130204390613,-15.833333333333336,4,0,0
0.9333102971665515,-18.666666666666664,1,0,1
1.3884083044982698,31.0,2,0,0
0.8778889272162814,14.5,3,0,0
1.0864754098360656,-8.166666666666657,-10,0,1
1.1658133123276881,14.333333333333329,-2,0,1
0.983742774566474,-21.166666666666664,-6,0,1
1.020873598763046,14.166666666666664,5,0,1
1.054029304029304,1.5,0,0,0
1.1078760731616275,-3.6666666666666714,4,0,0
1.022415039768619,14.666666666666664,1,0,1
0.8876570583887657,-7.999999999999993,3,0,1
1.0261538461538462,24.333333333333336,0,0,1
1.051628276409849,-6.999999999999993,1,0,0
0.8264331210191083,-18.499999999999993,-1,0,1
1.1344570756566053,-6.5,-1,0,1
1.181353767560664,43.666666666666664,0,0,1
0.8469762779819578,-2.6666666666666714,-3,0,0
1.0458175704077344,3.6666666666666714,3,0,1
0.9872509960159362,-3.8333333333333357,12,0,1
0.9839968774395004,19.333333333333336,4,0,1
1.0270398481973435,8.166666666666671,-1,0,0
1.0429718875502008,7.333333333333329,5,0,1
0.8647117627457515,-34.333333333333336,-5,0,0
0.8893103448275862,-23.333333333333343,-4,0,1
1.45864312267658,29.83333333333333,-5,0,1
0.9237704918032786,-1.6666666666666643,1,0,0
0.8779046868846002,1.6666666666666714,-7,0,0
1.2617823479005998,1.1666666666666714,0,0,0
1.0147462277091908,16.5,5,0,1
0.978584729981378,-2.500000000000007,-4,0,1
1.354112100576218,16.333333333333336,-3,0,1
0.6779193937306235,-22.500000000000007,3,0,0
1.4364613880742914,19.66666666666667,5,0,0
0.9188429087987143,0.6666666666666714,2,0,0
1.0260999254287846,0.1666666666666714,7,0,1
0.7047200878155873,-15.499999999999993,1,0,1
0.9979879275653923,6.499999999999993,-1,0,0
0.8893280632411067,-12.499999999999993,-1,0,0
1.115491651205937,11.0,2,0,0
1.0368098159509203,16.5,-1,0,1
0.988118052893829,14.499999999999993,3,0,1
0.9136186770428015,28.333333333333336,0,0,0
1.0864059590316573,-5.166666666666657,0,0,1
1.2096703296703297,11.166666666666671,-2,0,1
0.9058781103498017,-8.666666666666671,5,0,1
1.2162837162837163,0.3333333333333357,-3,0,0
0.903931623931624,-11.666666666666664,-1,0,0
1.1202270381836945,-1.5,3,0,1
0.954515050167224,-26.833333333333343,-3,0,0
0.9865035849852383,19.16666666666667,1,0,0
1.0156727828746177,-3.8333333333333286,-6,0,1
0.6125449199607971,-43.5,-5,0,1
0.9322033898305084,-20.333333333333336,5,0,0
0.8720465285350781,25.833333333333336,0,0,1
1.2088772845953002,20.333333333333336,-2,0,0
1.0973737373737373,-8.333333333333329,2,0,1
1.115115653577192,21.83333333333333,-2,0,1
1.0530386740331492,7.666666666666671,8,0,0
1.1509073543457498,5.833333333333329,-1,0,1
0.9147771696637998,5.166666666666664,7,0,1
0.8929328621908127,1.3333333333333286,-2,0,0
0.8906354515050168,7.666666666666671,-5,0,1
0.908494349252643,-7.833333333333336,1,0,0
0.9205847491110233,-15.500000000000007,-2,0,0
0.784765625,-35.33333333333333,-2,0,0
1.0882120253164558,-3.500000000000007,-3,0,1
1.4000927213722762,-0.8333333333333286,-5,0,1
0.9653158086893027,3.5,2,0,0
1.1562258313998452,2.1666666666666643,-3,0,1
0.963003663003663,-9.833333333333336,4,0,1
0.9987085665088248,-14.000000000000007,1,0,0
0.614159891598916,-29.83333333333333,2,0,0
0.9596638655462185,-12.333333333333336,-4,0,0
0.9947601773478436,-3.166666666666657,-5,0,0
1.2397350993377483,-14.833333333333336,-2,0,1
0.714769647696477,-20.500000000000007,-2,0,1
0.9133358236832275,-22.499999999999993,-9,0,0
0.7675544794188862,-19.666666666666664,4,0,0
0.9528712871287128,-3.500000000000007,-8,0,1
0.9773318468970643,-8.166666666666671,0,0,0
0.8989520958083832,-18.999999999999993,-1,0,0
0.9210526315789473,7.833333333333336,4,0,0
1.2547254725472547,45.83333333333333,6,0,1
0.8739054290718039,-26.500000000000007,0,0,0
1.1069210292812777,-8.166666666666664,-1,0,0
0.8992248062015504,-17.500000000000007,-3,0,0
1.1609461966604824,24.16666666666667,0,0,1
0.8588539980576239,-4.833333333333343,4,0,1
1.1066937119675457,17.166666666666657,1,0,1
1.0295774647887324,4.666666666666657,5,0,1
1.0580485796624126,22.166666666666664,0,0,1
0.685204991087344,-7.666666666666671,3,0,0
1.0079623597538907,9.0,-4,0,1
1.1593274619695757,30.666666666666664,-5,0,0
0.8742307692307693,-0.5,0,0,0
1.0950381679389314,-11.833333333333329,0,0,0
0.8792145238977399,-0.6666666666666572,14,0,1
0.8512333965844402,-1.6666666666666643,0,0,1
1.1585884353741496,-5.166666666666671,-1,0,0
0.8463667820069204,3.3333333333333286,-5,0,0
0.8830128205128205,5.666666666666671,0,0,1
0.7886123423116264,-20.5,-1,0,0
0.8561224489795919,-51.666666666666664,-6,0,0
0.9184241941902109,4.999999999999993,2,0,0
0.9539305301645338,10.833333333333336,0,0,1
1.0490499337163057,-10.833333333333329,1,0,1
1.3771058315334774,11.166666666666671,1,0,1
1.0666666666666667,11.5,-2,0,0
0.9414976599063962,-10.5,-5,0,1
1.0016299918500406,-4.833333333333343,8,0,1
0.8142437591776799,-7.000000000000007,-4,0,0
1.0092105263157896,-10.0,-2,0,1
0.9539899352983465,20.333333333333336,6,0,1
0.7421550094517958,-25.000000000000007,2,0,0
0.9426229508196722,-6.333333333333329,-3,0,1
1.1676326348640214,10.833333333333329,1,0,1
0.9246061515378845,-10.333333333333329,-3,0,1
1.0636658556366585,-25.666666666666664,0,0,0
0.957641196013289,-9.500000000000007,-3,0,0
0.955713720838276,26.000000000000007,-1,0,0
1.1048923679060665,15.666666666666671,-9,0,1
1.0372340425531914,-4.5,-2,0,0
1.086677367576244,-8.833333333333329,-2,0,0
1.2042869641294838,7.166666666666664,3,0,1
0.8806329549363605,-0.5,-5,0,0
1.222271714922049,14.666666666666664,-1,0,1
1.0493980904939808,-16.16666666666667,6,0,0
0.8263555250514756,-17.333333333333336,4,0,0
1.0750199521149242,-0.6666666666666572,-1,0,0
1.2633965375103051,40.833333333333336,-1,0,1
1.007465472191116,5.499999999999993,-5,0,0
0.9446412754650133,-0.1666666666666643,-3,0,0
1.2274261603375527,25.499999999999993,-1,0,1
0.7939082278481012,-20.0,6,0,0
0.924812030075188,6.333333333333336,1,0,1
0.8783068783068783,-18.166666666666664,-1,0,0
1.12241653418124,9.499999999999993,-2,0,0
1.14835886214442,10.166666666666657,4,0,0
1.1874707807386629,9.333333333333336,-3,0,1
0.9982898674647285,14.833333333333336,-1,0,0
1.0384430562229696,8.833333333333329,-3,0,0
0.9939734833266372,-3.3333333333333357,-2,0,0
1.1202614379084967,-9.5,1,0,1
0.785983421250942,-16.666666666666664,-5,0,0
1.09010989010989,-6.333333333333336,-3,0,0
1.0309401031336771,21.166666666666664,1,0,1
1.174074074074074,-0.6666666666666643,2,0,0
1.2431856899488927,27.83333333333333,-6,0,1
0.9836589698046181,-0.3333333333333286,-4,0,0
1.1435185185185186,10.833333333333336,0,0,0
1.0004240882103477,-6.666666666666671,-5,0,0
0.993485342019544,2.1666666666666714,5,0,1
1.1029191616766467,13.166666666666671,-4,0,0
0.8221830985915493,-11.833333333333343,-3,0,0
0.7793148880105402,-17.16666666666667,-5,0,1
0.9485413290113452,-2.3333333333333286,-3,0,1
0.9025009061254078,11.333333333333329,1,0,0
1.1288981288981288,2.0,-3,0,0
1.049084534476042,-17.333333333333336,-4,0,1
1.0205696202531647,5.5,0,0,0
1.0985915492957747,4.333333333333329,-2,0,0
1.0198237885462555,-16.666666666666657,-6,0,0
1.1108566193311955,-4.166666666666664,3,0,1
0.919218989280245,-20.83333333333333,7,0,0
1.0484457004440857,-4.166666666666664,1,0,1
1.0607685433422698,-26.500000000000007,-2,0,1
0.8333333333333334,-44.33333333333333,-4,0,0
1.3471428571428572,21.666666666666664,13,0,0
0.905899925317401,5.166666666666664,3,0,0
1.0528967254408061,6.666666666666664,-2,0,0
1.0976594027441484,-11.166666666666664,-5,0,0
1.2640232108317215,1.8333333333333286,-1,0,0
0.7633507853403141,-26.33333333333333,-2,0,1
0.8804878048780488,25.0,0,0,0
1.2667698658410733,27.33333333333333,3,0,1
0.9429223744292238,5.0,-1,0,0
0.9694288012872083,12.166666666666671,-2,0,0
1.0050782903089293,16.33333333333333,-1,0,0
1.1155361050328227,-5.833333333333329,2,0,1
1.1421911421911422,29.33333333333333,8,0,1
0.932632398753894,-21.666666666666664,1,0,1
1.0425378514780101,13.5,-4,0,0
0.9285953737847804,-20.33333333333333,2,0,1
0.8214416392242957,-17.5,-2,0,0
1.0254502740798748,6.5,0,0,1
0.8830658368817557,5.666666666666657,4,0,1
1.33248730964467,15.333333333333329,-1,0,1
0.9805990469707284,19.333333333333336,-2,0,0
1.3275149288011023,14.666666666666664,-4,0,1
1.1847422680412372,2.3333333333333357,5,0,1
0.944672131147541,10.0,-7,0,1
1.0170178282009725,26.333333333333336,3,0,1
0.9816612729234089,-11.666666666666664,-5,0,1
0.8582118944466325,7.0,-5,0,1
1.049757281553398,-9.333333333333336,8,0,1
1.226011823556162,-5.999999999999993,-1,0,0
1.0757509795385285,5.5,1,0,1
0.9074733096085409,11.166666666666664,3,0,0
1.0114192495921697,17.0,-2,0,0
1.5836023240800516,-2.5,-2,0,1
0.9085339168490153,4.166666666666664,-1,0,1
1.1491053677932406,6.5,-6,0,0
1.0442773600668338,-19.666666666666664,3,0,1
1.252016129032258,3.6666666666666643,-5,0,0
0.9097080787508486,-32.0,-7,0,0
0.8443782576321668,-20.000000000000007,-3,0,1
0.8837300039016778,-20.499999999999993,-4,0,0
0.9437377690802349,-2.3333333333333357,-3,0,1
1.2005265467310224,20.333333333333336,-5,0,1
0.8556485355648535,-12.333333333333336,-6,0,0
1.1906122448979592,-8.166666666666671,-1,0,1
1.1215351812366738,-2.6666666666666714,2,0,1
1.0148902821316614,-17.5,-11,0,0
1.0094185094185095,-2.5,2,0,0
1.0942307692307693,-28.333333333333343,-1,0,1
1.0928270042194093,-11.5,1,0,1
1.1636668061950608,5.333333333333329,2,0,1
0.7044827586206897,-55.49999999999999,-4,0,0
0.9536964980544748,-26.83333333333333,-3,0,0
0.9522955523672884,-18.999999999999993,4,0,0
0.8534545454545455,-10.166666666666671,0,0,0
0.9587835134053622,-0.8333333333333286,-3,0,0
1.4223421926910298,4.0,-5,0,1
0.9942833809718252,-0.6666666666666572,1,0,0
1.0371819960861057,4.5,-2,0,0
1.3471337579617835,11.5,1,0,1
1.0573588261449534,-6.500000000000007,-6,0,1
1.200153668843642,2.3333333333333286,-5,0,1
1.2618257261410788,8.833333333333336,-1,0,0
1.1280695126558369,16.16666666666667,-1,0,0
0.9623574144486692,-1.6666666666666714,4,0,0
0.792722547108512,-25.833333333333336,1,0,1
1.0411942554799698,17.999999999999993,-2,0,1
0.955824863174355,1.3333333333333286,6,0,0
0.9980806142034548,7.833333333333329,-3,0,1
0.7867564534231201,-34.33333333333333,1,0,0
0.7734270414993306,-30.999999999999993,-1,0,0
0.950640542577242,-14.666666666666664,3,0,0
0.979182156133829,-16.833333333333336,0,0,0
1.0372157133011717,3.8333333333333286,4,0,1
0.7775947281713345,-4.5,1,0,0
1.126596980255517,16.0,-3,0,1
0.9220825852782765,-17.83333333333333,-4,0,0
1.5416890801506187,24.0,3,0,1
0.9813374805598756,-15.500000000000007,-3,0,0
1.0918367346938775,-41.0,4,0,0
1.0686507936507936,5.833333333333329,6,0,1
1.6345624656026416,3.8333333333333357,-4,0,0
1.2195121951219512,-6.166666666666657,4,0,1
0.8652849740932642,7.666666666666671,-8,0,1
0.8953488372093024,-2.5,4,0,0
1.213373083475298,21.833333333333336,-7,0,1
1.2502396931927133,4.833333333333329,-4,0,1
1.0478243825950608,7.666666666666671,2,0,0
1.0720887245841035,17.666666666666664,-4,0,0
0.840134780980906,10.166666666666664,0,0,1
0.9908759124087592,-33.833333333333336,-2,0,0
0.9846977811782709,-7.5,6,0,0
1.1227336122733613,4.666666666666664,7,0,1
0.7013533834586466,-18.33333333333333,-7,0,0
1.09125,-6.166666666666671,-6,0,1
1.1101353823637028,2.5,0,0,1
1.2238568588469185,-3.1666666666666714,-2,0,1
0.9479508196721311,-6.833333333333336,-3,0,0
1.080338266384778,9.0,17,0,1
1.0416161616161617,34.50000000000001,1,0,1
0.952962962962963,-5.5,-4,0,0
1.1750867720786733,39.5,-12,0,0
1.25655698617072,7.166666666666671,-2,0,1
1.0119331742243436,8.5,2,0,1
1.0552865213882163,9.999999999999993,-1,0,1
0.8357522123893806,9.5,5,0,0
0.9069767441860465,-6.5,-4,0,0
0.9900662251655629,9.666666666666664,5,0,1
1.0603873908089632,1.6666666666666714,-6,0,0
0.9844780752813349,3.6666666666666714,3,0,1
0.9349338900487126,15.833333333333329,8,0,1
1.0552584670231728,2.833333333333343,-3,0,1
1.0906332954114524,27.999999999999993,-3,0,1
0.7796990073647134,-25.333333333333336,0,0,1
0.6820678513731826,-40.5,4,0,0
1.1967213114754098,-12.833333333333329,3,0,1
1.0769822940723635,34.833333333333336,-3,0,1
1.0209846650524617,1.0,-7,0,0
0.8203743700503959,-8.833333333333329,-3,0,0
0.7678740157480315,-11.333333333333329,7,0,1
1.3978201634877385,3.6666666666666643,-1,0,1
1.1129220023282886,41.166666666666664,2,0,1
0.7675675675675676,-42.833333333333336,6,0,1
1.2184100418410042,-1.5,-1,0,1
1.2991939307728781,27.166666666666664,-2,0,1
0.64,-41.0,3,0,1
0.9968868903493601,15.0,-1,0,0
1.0996044588277598,-7.333333333333343,3,0,1
0.9721240675304279,-7.333333333333329,-2,0,0
1.2264074524098825,-1.5,-1,0,1
1.3478051133622768,1.1666666666666643,-6,0,0
0.8673469387755102,-31.33333333333333,-2,0,0
1.0301016419077405,5.5,2,0,0
0.8149908592321755,-2.5,3,0,1
1.0674796747967479,19.500000000000007,-3,0,0
1.0205533596837946,1.1666666666666572,-3,0,1
0.8436845778087927,-1.0,-1,0,1
0.7983333333333333,-4.666666666666664,2,0,1
0.9525056095736724,13.666666666666664,3,0,0
0.895449808961445,-23.16666666666667,17,0,1
1.0778061224489797,-3.333333333333343,-8,0,0
0.8717637540453075,-16.83333333333333,-1,0,0
1.0106827682303763,16.666666666666664,2,0,1
1.0601028074337684,4.833333333333329,-3,0,1
0.7594033722438391,-11.333333333333329,7,0,0
0.6793125810635539,-19.333333333333336,3,0,0
1.0837301587301587,-0.8333333333333286,8,0,1
1.2443336355394379,4.666666666666671,3,0,0
0.8430100551410963,-2.3333333333333286,7,0,0
0.9863325740318907,20.16666666666667,0,0,0
0.7988929889298892,-5.5,-3,0,1
1.056659619450317,21.166666666666664,2,0,1
0.9035440263061747,-24.999999999999993,2,0,1
0.8467267738141905,4.666666666666664,-1,0,0
1.0986492018010643,-1.1666666666666714,3,0,1
1.2590034533793784,-0.8333333333333357,6,0,1
0.923725565350709,-10.499999999999993,9,0,1
1.1093418259023355,17.0,-3,0,1
0.95578231292517,-12.166666666666664,4,0,0
0.988477366255144,5.000000000000007,2,0,1
1.252851711026616,16.666666666666657,-4,0,1
1.1219512195121952,16.83333333333333,-1,0,0
0.93375,-39.166666666666664,-4,0,0
0.8850771869639794,-15.333333333333336,-1,0,0
0.9569323762750284,-8.833333333333329,-1,0,1
1.0215453194650816,1.3333333333333286,8,0,1
0.9737373737373738,-17.166666666666664,-3,0,0
1.0077922077922077,0.0,8,0,1
0.9798058252427184,-5.333333333333329,3,0,1
0.8516902944383861,2.500000000000007,-2,0,0
1.1209527353926312,19.66666666666667,-7,0,0
0.8556818181818182,-3.333333333333343,-7,0,0
0.7080152671755725,-15.666666666666664,2,0,1
0.9685701637892873,42.33333333333333,-1,0,1
1.215130023640662,-2.8333333333333357,2,0,0
0.9427823485415109,-15.333333333333329,7,0,0
1.4846347607052897,37.99999999999999,-1,0,1
0.9300546448087431,12.333333333333343,0,0,1
1.2468382032272132,6.333333333333336,-2,0,0
0.9215757137694254,-12.999999999999993,1,0,1
0.9252707581227437,-4.0,-6,0,0
0.9165467625899281,-5.166666666666671,6,0,1
1.0053859964093357,-13.833333333333343,-7,0,1
0.8677685950413223,3.1666666666666714,3,0,0
0.9548436896950984,13.666666666666671,0,0,0
0.8791390728476821,-10.333333333333343,7,0,0
1.0454935622317596,-11.666666666666671,4,0,1
1.2150395778364116,26.66666666666667,4,0,1
0.9410503751339764,-2.0,4,0,0
1.878370281605752,52.83333333333333,1,0,1
0.9844901124466847,-6.666666666666671,-2,0,0
1.036212749905696,0.1666666666666572,-1,0,1
1.1192323397305022,14.999999999999993,1,0,0
1.1946280991735536,13.0,2,0,1
0.929520295202952,-10.666666666666671,-1,0,1
0.9758454106280193,4.333333333333336,-5,0,1
0.9435392194012884,17.166666666666664,3,0,1
1.0249828884325805,-7.5,-2,0,1
1.0313531353135315,-5.833333333333336,-4,0,0
0.9752151462994837,-24.33333333333333,2,0,1
1.0935497650576678,-5.0,5,0,1
0.9977072984333206,-19.666666666666657,0,0,0
0.9266461958375981,-22.500000000000007,4,0,1
0.8481880509304603,16.0,6,0,1
1.208578637510513,-23.0,-13,0,0
0.7340501792114695,-34.66666666666667,7,0,0
0.8676084099868594,-9.833333333333343,-1,0,0
1.0565832426550599,-5.0,2,0,1
1.1755119097367321,13.333333333333336,9,0,1
0.9242016160061562,10.333333333333336,1,0,0
0.9611378205128205,-12.333333333333329,-5,0,0
1.134233853946813,12.333333333333343,-1,0,1
0.8084341288002616,-7.833333333333336,-2,0,0
1.0626131017010496,-19.5,0,0,1
1.0119718309859156,-22.5,-5,0,0
0.9597741707833451,-19.166666666666664,-1,0,1
0.777367360644728,-23.0,-1,0,0
0.9295659295659295,-5.333333333333329,2,0,1
0.7821122740247384,-7.5,9,0,0
0.9580838323353293,-15.333333333333329,5,0,1
1.0927672955974843,-14.833333333333336,5,0,1
1.3322565759113982,24.833333333333336,0,0,1
0.8636843959140542,-32.833333333333336,8,0,0
1.2366863905325445,20.666666666666664,-2,0,0
0.9919663351185922,16.833333333333336,3,0,0
1.1231854002488595,28.333333333333336,-4,0,1
1.0905263157894738,-7.0,0,0,1
0.9996275605214152,5.333333333333329,-6,0,0
0.9804511278195489,0.0,-3,0,1
1.0470204841713222,22.66666666666667,7,0,0
0.959743498396865,-2.6666666666666714,0,0,1
1.0679336837848767,-23.500000000000007,1,0,0
0.8565891472868217,-38.00000000000001,-2,0,0
0.9835538076510547,4.5,1,0,0
0.864329268292683,-19.16666666666667,2,0,1
1.1404796867351934,6.666666666666664,7,0,1
1.2017728999577881,28.5,-3,0,1
0.8358381502890173,-13.666666666666671,3,0,0
1.040514956455888,-13.333333333333329,-6,0,0
1.1601769911504425,0.5,7,0,1
1.0096120837624443,6.666666666666671,-11,0,0
0.7842880523731588,-8.333333333333336,4,0,0
1.1857277882797732,0.1666666666666714,8,0,1
0.9652251448952296,19.5,-1,0,0
1.080373831775701,9.666666666666671,4,0,1
1.241674595623216,17.16666666666667,0,0,1
0.8755612572161642,-4.166666666666671,6,0,1
1.0194211728865195,0.1666666666666714,-3,0,0
0.8666666666666667,-10.000000000000007,7,0,0
1.0200151057401812,-13.333333333333336,-1,0,1
1.018842530282638,-5.666666666666664,1,0,0
0.9922409858512095,14.500000000000007,0,0,1
0.7499138821908371,-13.5,-3,0,0
0.9131326949384405,-4.5,2,0,0
1.455737704918033,19.66666666666667,-8,0,1
1.068840579710145,9.166666666666671,3,0,1
1.2147859922178987,1.0,-6,0,0
1.0568096313017306,12.833333333333336,3,0,0
0.7421929215822346,-39.333333333333336,5,0,1
0.8522427440633246,-22.166666666666664,3,0,0
0.9073842302878599,-0.1666666666666643,-4,0,1
1.0725838264299803,6.666666666666671,-1,0,1
0.8627368421052631,7.833333333333329,13,0,1
1.0690526315789475,-7.166666666666671,0,0,1
0.8545454545454545,-17.833333333333343,-1,0,1
1.067223382045929,0.3333333333333286,4,0,1
1.3287671232876712,30.33333333333333,5,0,1
0.7940950920245399,-0.3333333333333357,0,0,0
0.9761805265357292,17.166666666666664,-4,0,0
1.289622641509434,11.499999999999993,6,0,0
0.9779586300440828,1.8333333333333286,-5,0,0
0.9237154150197628,14.999999999999993,-8,0,0
1.0341463414634147,1.8333333333333357,-1,0,0
1.3376429636996519,-6.333333333333336,-1,0,1
0.9389055472263869,6.166666666666671,-1,0,1
1.0314253647586982,30.833333333333336,-4,0,1
0.8327219369038885,13.333333333333329,1,0,0
0.8314216197427876,-18.66666666666667,1,0,0
1.5701708959088556,22.666666666666664,1,0,1
1.2670243499793645,19.66666666666667,-3,0,0
1.1252813203300824,2.5,3,0,1
0.9736942432329394,-8.333333333333343,2,0,0
1.7046342825237297,14.833333333333329,-6,0,1
0.9052010328292143,-18.333333333333343,1,0,0
1.0693446088794927,13.166666666666664,-2,0,0
1.0047543581616483,15.833333333333329,3,0,1
1.1052417716375458,6.0,3,0,0
0.9051383399209486,-6.5,2,0,1
1.0518796992481203,-2.833333333333343,-6,0,0
0.9753766997427417,13.000000000000007,-4,0,1
1.0174691095014912,-6.166666666666671,-6,0,1
0.8264617691154422,-31.333333333333336,0,0,0
1.017901017901018,23.16666666666667,-1,0,0
0.9900703351261895,6.666666666666664,-3,0,1
0.8210186513629842,-0.6666666666666643,4,0,0
0.8765942778352293,-26.166666666666657,2,0,0
1.0469029717150018,-0.3333333333333286,0,0,0
1.1156043956043955,10.0,1,0,1
0.9758389261744966,-4.5,7,0,0
1.22233554309026,21.66666666666667,2,0,0
1.2348195329087048,-1.5,1,0,1
0.9855633802816901,-33.166666666666664,-3,0,0
1.3270469181232751,24.166666666666664,-1,0,0
1.4991472427515633,33.833333333333336,-2,0,1
1.0666175929333823,17.83333333333333,-6,0,1
0.8687310669808146,0.8333333333333286,-5,0,1
0.8178867652362063,1.5,-3,0,1
1.0913419913419913,25.16666666666667,-3,0,0
1.1110112359550561,14.499999999999993,-3,0,0
1.0437956204379562,-2.0,1,0,0
1.2827469266638407,19.33333333333333,1,0,1
0.9055944055944056,-31.0,-1,0,0
1.0652093367914042,-2.0,-3,0,0
0.8762599930483143,-13.166666666666671,-1,0,0
0.856192236598891,10.999999999999993,-2,0,1
0.828016134946828,-24.33333333333333,-2,0,1
1.0833333333333333,45.666666666666664,-1,0,1
0.8911898911898912,-22.0,5,0,1
1.3489707994255624,13.666666666666664,-3,0,0
0.9213126323218066,-27.333333333333336,-3,0,0
1.0255661066471877,23.166666666666664,0,0,1
0.8370526315789474,-14.0,-2,0,1
1.0918407567993693,-10.333333333333329,-6,0,0
0.8012991975544517,-8.999999999999993,4,0,0
1.3738522081329252,17.833333333333343,0,0,0
1.0148908007941762,40.166666666666664,0,0,1
0.9203187250996016,7.5,-3,0,1
1.2160385626643295,8.5,-15,0,1
1.1216653193209378,14.333333333333329,-10,0,1
0.8388907230108947,-8.666666666666657,-2,0,0
0.931062124248497,-7.166666666666671,-1,0,1
1.0859835100117785,12.833333333333336,-4,0,1
1.1308333333333334,11.833333333333329,-4,0,0
0.7801879971077368,-25.666666666666664,0,0,1
0.9565857247976454,-1.5,-6,0,1
0.8688090737240075,1.8333333333333286,1,0,1
1.286493860845839,23.500000000000007,4,0,1
0.7824503311258278,-8.166666666666664,4,0,0
0.9492,6.499999999999993,-1,0,1
0.7605371130175308,-20.333333333333336,-2,0,0
1.0462267878308968,2.6666666666666643,3,0,1
0.9687275341480949,30.000000000000007,1,0,1
0.9218691588785046,-41.833333333333336,-1,0,0
0.9965451055662188,-15.166666666666664,2,0,1
0.802221426012182,-3.8333333333333357,2,0,0
0.8563218390804598,9.166666666666664,-4,0,0
0.9646133682830931,-5.5,0,0,1
0.9652875175315568,-20.33333333333333,0,0,1
0.9895752895752896,-8.333333333333336,-3,0,0
1.1427810335641981,-4.166666666666671,-1,0,0
0.8155588020452885,-22.166666666666664,-2,0,0
0.9917184265010351,-3.1666666666666714,0,0,0
1.133308984660336,24.0,-9,0,1
0.6167746334810774,-12.500000000000007,7,0,0
0.9182046979865772,4.5,0,0,0
1.0120365912373617,12.5,4,0,0
0.9670765569218565,-22.999999999999993,-3,0,0
1.1330998248686515,17.5,-1,0,1
0.9890333062550771,-4.499999999999993,9,0,0
0.9038607115821348,14.166666666666664,7,0,0
1.0338983050847457,-0.8333333333333286,0,0,1
0.8468634686346863,-2.0,7,0,0
0.8570006635700066,-13.666666666666664,3,0,0
1.1435832274459974,40.5,-2,0,0
1.1118116855821774,27.333333333333336,-8,0,0
1.0826564739608218,-12.333333333333336,-7,0,1
0.8836140888208269,-12.833333333333336,4,0,0
0.8088515833651279,-32.83333333333333,1,0,0
1.1528822055137844,-11.833333333333336,1,0,0
1.2615092548647366,10.166666666666671,1,0,0
0.8575129533678757,1.0,-4,0,1
1.0068742418115648,-12.999999999999993,-2,0,0
1.2129767211490836,5.0,-3,0,1
1.210432456531431,-2.5,-2,0,0
0.9819037278320666,0.0,5,0,1
1.139189731247493,8.5,-3,0,0
1.0658833403273185,-11.166666666666664,-6,0,0
0.9495472186287193,-3.8333333333333286,-9,0,0
0.8895456224602881,-19.833333333333336,1,0,1
0.806049822064057,-16.5,-3,0,0
1.03718048024787,1.0,4,0,0
1.0958381061473845,48.666666666666664,10,0,1
1.0337922403003754,8.666666666666664,3,0,0
0.9629025682837342,-7.166666666666671,4,0,0
1.0253943824547902,-1.1666666666666714,3,0,1
0.7451338199513382,-10.666666666666664,2,0,1
1.0995065789473684,9.666666666666664,-2,0,1
1.2086697832554185,-2.3333333333333357,-4,0,0
0.9705380017079419,-3.0,3,0,0
0.85,-1.3333333333333286,-3,0,1
1.2046783625730995,24.83333333333333,5,0,1
0.8729641693811075,-2.6666666666666714,0,0,0
0.6599204915070473,-29.16666666666667,4,0,0
1.0006745362563239,-16.0,-1,0,1
1.0368837034249154,-23.166666666666664,-5,0,0
1.1956087824351298,-11.833333333333336,5,0,1
1.0653930933137399,8.166666666666671,8,0,1
1.1682552838789888,17.0,5,0,1
1.0223334616865614,-2.3333333333333286,-3,0,0
0.8949494949494949,14.500000000000007,-2,0,1
1.089271417133707,-7.833333333333329,-4,0,0
1.0600667408231368,4.333333333333336,-5,0,0
1.0499400719137035,0.5,5,0,1
1.5753991720875222,15.833333333333336,2,0,1
1.1953316953316953,12.333333333333343,-4,0,1
0.9213258785942492,-9.333333333333336,-4,0,1
0.9898621248986212,2.000000000000007,0,0,1
0.8620952380952381,-8.833333333333336,0,0,0
1.0349705304518664,-5.0,-1,0,1
0.8400892525102268,9.166666666666671,3,0,0
1.025090909090909,5.5,2,0,1
0.8585055643879174,-31.333333333333336,-4,0,0
0.9339622641509434,-9.0,6,0,1
1.1231244483671667,-6.166666666666671,0,0,1
1.3360135421074906,27.333333333333336,-2,0,0
1.0620390455531454,9.0,1,0,1
1.2440570522979397,-4.333333333333329,3,0,0
1.0433104631217838,-3.0,0,0,0
0.6915619389587073,-14.166666666666664,5,0,0
1.101510067114094,-17.0,-4,0,1
0.8804554079696395,-6.833333333333329,-2,0,1
0.8848508033664881,-9.166666666666657,3,0,0
1.0247058823529411,-0.6666666666666643,5,0,1
1.0055115397864278,7.833333333333329,-3,0,0
0.9235915492957747,-1.1666666666666572,1,0,0
0.9012299664554603,-11.333333333333336,-1,0,0
0.99,-7.833333333333329,-1,0,0
0.9257510729613734,-7.666666666666664,1,0,1
1.0155693950177935,24.166666666666664,0,0,0
0.8155540261527874,-24.833333333333343,-2,0,1
1.182509505703422,-11.5,-3,0,1
1.1649436090225564,10.166666666666671,-1,0,1
0.7590197413206263,-21.5,-3,0,0
1.0898976412995105,-4.0,5,0,1
0.9536679536679536,-14.666666666666664,4,0,1
1.6944899072558648,42.166666666666664,0,0,1
0.8462083628632175,-7.166666666666671,0,0,1
0.9048156508653122,-7.666666666666657,-4,0,0
0.9596801066311229,3.500000000000007,2,0,1
1.2196969696969697,17.166666666666657,-1,0,0
0.8044509303174024,-18.166666666666664,1,0,0
1.0968807339449542,24.833333333333336,2,0,0
1.104257859132511,22.999999999999993,5,0,1
1.0078095946448493,-18.833333333333343,-3,0,1
0.9088689991863304,-4.5,4,0,1
0.9316134316134316,-4.166666666666657,-2,0,1
0.8841423948220065,0.5,4,0,0
0.7411323328785812,-16.333333333333336,0,0,1
1.1898148148148149,13.166666666666671,-7,0,1
1.0048,1.3333333333333286,1,0,0
0.9553148273527421,-4.0,-3,0,0
0.7455803228285934,-4.333333333333329,-6,0,0
1.005311077389985,-9.333333333333329,-2,0,0
1.0993024210094378,-2.1666666666666714,8,0,0
1.0088932806324111,-5.333333333333336,10,0,0
1.0993684210526316,-0.5,-3,0,0
1.1753574432296048,0.1666666666666714,-7,0,0
1.1993685160126297,-9.666666666666664,-2,0,0
1.11968434896975,9.166666666666664,0,0,1
0.8422258592471359,-5.499999999999993,1,0,0
1.4137931034482758,18.333333333333336,-2,0,0
0.8373000390167772,-8.833333333333329,0,0,0
0.933630109267503,-0.3333333333333428,-4,0,1
1.503844182470528,9.499999999999993,1,0,1
0.9726131608976797,-9.5,1,0,1
1.011166253101737,-3.5,-3,0,0
1.1296147672552166,-2.3333333333333357,-2,0,1
0.7141447368421052,-37.666666666666664,1,0,1
1.0994255413168361,-16.333333333333336,0,0,0
1.0295058656238891,-3.333333333333343,5,0,0
0.8118010026995758,-18.5,-3,0,0
0.9843220338983051,34.50000000000001,-2,0,1
0.9616588419405321,-12.333333333333329,3,0,0
1.066069906223359,-2.8333333333333357,5,0,1
0.9721692718261533,8.333333333333329,1,0,1
0.8670541227751544,-17.5,0,0,0
0.8327868852459016,-15.0,-7,0,0
0.99597747385358,4.5,-1,0,0
1.4077277970011535,34.666666666666664,17,0,1
0.9613168724279836,-20.166666666666664,-2,0,1
0.9553571428571429,-12.833333333333329,-7,0,0
1.1070645019745502,21.33333333333333,2,0,1
0.8143646408839779,-9.333333333333329,-2,0,0
0.9162033359809373,-12.333333333333336,0,0,0
0.8851851851851852,-7.833333333333336,-1,0,0
0.8677285318559557,4.5,1,0,0
0.9834955564959796,9.0,-5,0,0
1.5807077072224915,36.0,-4,0,1
1.0453815261044177,14.999999999999993,-6,0,1
0.828003120124805,-10.333333333333329,1,0,0
1.0914239482200647,4.0,1,0,1
0.975258493353028,7.833333333333329,-2,0,0
1.0448598130841122,-6.333333333333329,-7,0,0
0.6462480857580398,-18.166666666666664,5,0,0
0.8075253256150506,-27.333333333333336,-1,0,1
0.6928778601353529,-16.666666666666664,-2,0,0
1.3126696832579186,12.166666666666671,-2,0,1
0.9733666250520183,10.333333333333343,5,0,0
0.7525940337224384,-17.000000000000007,1,0,0
1.1859213250517597,25.833333333333336,-4,0,1
1.1707724425887265,17.33333333333333,-1,0,0
0.7550805886475123,-9.333333333333329,-1,0,0
1.0497826945871198,24.33333333333333,-1,0,1
1.04553264604811,-7.5,2,0,1
0.9675076452599388,-17.5,-7,0,0
1.1359034267912773,30.833333333333336,-4,0,1
0.8125423728813559,0.1666666666666643,-8,0,0
0.8612040133779264,-27.500000000000007,-5,0,1
0.9269769201664775,10.166666666666671,5,0,0
0.9383346425765907,8.5,-1,0,0
1.0100401606425702,3.8333333333333357,8,0,0
0.9549485633203264,-9.833333333333336,7,0,1
0.8136724960254372,-9.333333333333329,0,0,0
0.8240837696335078,-10.333333333333329,1,0,0
1.0113207547169811,-28.666666666666664,3,0,1
1.2,19.0,5,0,1
0.9469240048250904,3.0,-4,0,1
1.170731707317073,0.0,3,0,0
1.1134956665290963,12.333333333333336,2,0,1
1.0070671378091873,-8.0,6,0,1
0.8413793103448276,-39.16666666666667,-3,0,1
0.863091037402964,-32.5,-2,0,0
1.0816239316239316,24.33333333333333,-6,0,0
1.0565410199556542,-7.0,6,0,1
0.7181969949916528,-36.833333333333336,3,0,0
1.01156271899089,-1.3333333333333286,7,0,1
0.8947185545517721,-8.0,-5,0,1
0.8546059933407325,-8.333333333333329,6,0,0
1.1182572614107884,6.5,2,0,1
0.8714168714168714,-27.499999999999993,3,0,0
1.16414686825054,19.999999999999993,-6,0,1
1.1426116838487972,-10.999999999999993,-2,0,1
0.9446656050955414,-0.1666666666666643,10,0,1
1.1635873749037722,25.499999999999993,3,0,1
0.8692985818321196,-11.5,-5,0,0
1.0741158765989465,7.0,-7,0,1
1.1336515513126493,-10.0,2,0,1
0.8686949559647719,-27.5,7,0,1
1.0267993874425727,-17.666666666666664,0,0,0
0.9441233140655106,6.666666666666657,0,0,1
1.0622568093385214,3.5,1,0,1
0.7765734265734265,-7.333333333333336,-1,0,0
1.069022869022869,-8.333333333333336,0,0,1
1.2495201535508638,-19.16666666666667,-5,0,1
1.1731160896130346,11.499999999999993,-7,0,0
1.1346153846153846,13.666666666666671,-1,0,0
0.9316473000683527,11.333333333333329,-4,0,0
1.3258928571428572,-21.333333333333343,-3,0,1
1.1253993610223643,26.000000000000007,5,0,0
1.1832590391282813,20.833333333333336,1,0,1
0.7902277736958119,-22.500000000000007,-5,0,0
1.0250707642539425,21.833333333333336,-1,0,1
0.8376865671641791,-8.166666666666671,-2,0,1
1.0426784400294333,4.166666666666671,0,0,1
1.4270833333333333,20.333333333333336,5,0,0
1.1614406779661017,-14.666666666666664,-1,0,1
0.8386029411764706,-29.16666666666667,0,0,0
1.1167489896722047,7.833333333333329,0,0,1
1.0,8.333333333333329,0,0,0
1.2679355783308932,30.499999999999993,4,0,1
1.26385336743393,27.666666666666664,0,0,0
0.9891808346213292,23.66666666666667,-2,0,0
0.92875,-14.333333333333336,1,0,0
1.1557739557739557,11.333333333333329,1,0,0
0.8067924528301886,-9.5,0,0,0
1.1490196078431372,25.33333333333333,9,0,1
1.3519553072625698,11.166666666666664,1,0,0
0.9225251076040172,-2.3333333333333357,6,0,1
1.3891402714932126,23.500000000000007,3,0,1
0.9280163599182004,-17.0,4,0,0
1.1140008669267447,18.500000000000007,4,0,1
0.6933647428347075,-18.166666666666664,-3,0,0
1.06396255850234,35.66666666666667,0,0,1
1.071651090342679,-4.0,-1,0,1
1.1016666666666666,-11.5,-3,0,0
1.0841022001419447,27.333333333333343,5,0,1
1.0234561991383437,8.333333333333336,-4,0,1
0.9345618653629184,-22.0,-6,0,0
0.9117647058823529,-1.3333333333333286,2,0,1
0.8653225806451613,-5.166666666666664,-9,0,0
0.9842657342657343,-2.3333333333333286,-9,0,0
0.9588888888888889,2.8333333333333357,0,0,0
0.8179848320693391,-12.5,2,0,0
1.2101098901098901,31.333333333333336,-1,0,1
1.0388910281093569,-11.166666666666671,4,0,0
0.9729831144465291,6.499999999999993,4,0,1
1.1191791633780583,5.666666666666671,1,0,1
1.0655590480466997,0.1666666666666714,2,0,0
1.386067415730337,-7.666666666666671,1,0,1
1.0755860953920775,21.333333333333336,-1,0,1
1.210244648318043,21.500000000000007,2,0,1
0.861662739818243,7.833333333333336,-1,0,0
1.3075539568345325,13.500000000000007,-5,0,0
0.8895921237693389,-13.833333333333336,0,0,0
0.8213266761768901,-1.5,1,0,0
0.8458632414053646,4.0,2,0,1
1.0651769087523277,-2.6666666666666714,10,0,1
0.9358372456964006,-5.5,-7,0,1
1.1578947368421053,32.333333333333336,-4,0,0
1.077613104524181,-11.666666666666671,1,0,0
0.9120100083402836,-1.0,-2,0,0
0.9841386942087791,32.83333333333333,-6,0,1
0.9134125636672326,-17.16666666666667,2,0,0
0.9739687625150181,29.66666666666667,7,0,0
0.9738537324744221,-9.333333333333336,-2,0,0
1.0651846269781462,-12.500000000000007,-2,0,1
1.0258971513133555,22.333333333333336,2,0,1
0.9561965811965812,3.500000000000007,-8,0,0
1.0240793201133145,21.5,10,0,0
1.0296191819464033,-1.0,5,0,1
0.9216778025241277,4.666666666666671,-3,0,0
0.8054675118858954,-27.16666666666667,-8,0,0
0.9306426332288401,-9.0,1,0,0
0.9894613583138173,-1.6666666666666714,0,0,1
1.2849763237193284,22.999999999999993,0,0,1
1.0250323694432455,13.666666666666671,0,0,0
1.1566152407667134,-1.5,-1,0,1
1.1009337483325923,17.66666666666667,2,0,1
0.8459270180611869,2.1666666666666643,0,0,1
1.102644554011654,0.1666666666666714,3,0,1
1.1567010309278352,9.000000000000007,1,0,0
1.0755287009063443,3.0,4,0,0
1.1776765375854215,24.33333333333333,6,0,1
0.9833401056481105,-19.666666666666664,3,0,0
1.0790513833992095,22.999999999999993,3,0,1
1.3530370974317163,12.5,-3,0,1
0.7265877287405813,-11.5,0,0,0
1.0819793205317578,-1.0,3,0,0
1.1217699115044248,4.166666666666671,1,0,0
0.9465374955148905,-14.333333333333343,-1,0,1
1.087114337568058,5.833333333333329,5,0,1
0.9762906309751435,3.0,3,0,1
1.1731843575418994,3.8333333333333286,-1,0,1
1.0264875239923223,-17.500000000000007,-1,0,0
0.9759450171821306,-8.5,-6,0,0
1.3427689140504375,6.333333333333329,6,0,1
0.984504132231405,-9.5,-4,0,1
1.48371335504886,4.333333333333336,1,0,1
1.167439703153989,11.833333333333343,-2,0,1
0.7777031564808596,-37.50000000000001,-2,0,0
0.8505535055350554,-19.0,-4,0,0
1.4585314315900686,20.0,3,0,1
0.6826923076923077,-44.66666666666667,-2,0,0
1.0164641317130536,4.666666666666657,-1,0,1
0.8850124599501602,-1.6666666666666714,-11,0,0
1.000751879699248,6.166666666666657,4,0,0
1.2245419684703878,25.666666666666664,2,0,1
0.9330606173298625,16.166666666666664,-6,0,0
1.0495713753261275,9.833333333333343,2,0,0
0.8585526315789473,-22.5,4,0,1
0.7854471268276096,-40.50000000000001,-1,0,0
0.8670557717250325,-22.833333333333336,6,0,1
1.0471811275489804,0.1666666666666643,3,0,1
0.9134801081498648,-11.0,9,0,0
0.9589381999170469,1.6666666666666714,0,0,0
1.1115421920465567,-11.833333333333336,0,0,0
1.01778955336866,2.833333333333343,-2,0,0
0.9055090655509066,-2.0,-3,0,0
1.1284722222222223,26.83333333333333,1,0,0
1.0210270926000808,-9.833333333333336,-5,0,0
1.1752265861027191,25.66666666666667,-1,0,1
1.124634858812074,12.0,7,0,1
1.1851106639839035,-9.166666666666664,-1,0,1
1.0971677559912854,24.166666666666664,-3,0,0
0.7442958300550747,-33.666666666666664,2,0,0
0.9840243438569798,6.833333333333329,6,0,1
1.2108955839867932,11.166666666666664,3,0,0
1.093698175787728,8.666666666666657,1,0,0
0.880065493246009,-16.16666666666667,2,0,0
1.041106415674222,26.166666666666664,2,0,0
0.9721407624633431,3.6666666666666643,3,0,1
1.0797733217088057,-11.0,2,0,1
0.9265422077922078,9.833333333333336,-1,0,1
0.8587474472430224,-10.666666666666671,-6,0,0
1.261605415860735,29.16666666666667,7,0,1
1.1115181115181114,10.333333333333336,-3,0,0
0.9087656529516994,-7.333333333333329,1,0,0
1.19650067294751,25.333333333333336,2,0,0
1.1472466081404629,25.33333333333333,3,0,1
1.1720139157325087,33.83333333333333,-4,0,1
1.3970070422535212,39.166666666666664,8,0,1
1.1802656546489563,-7.333333333333329,0,0,0
0.834186284544524,20.5,8,0,1
0.8721428571428571,5.5,0,0,0
0.8360294117647059,-18.33333333333333,-6,0,0
0.9129656160458453,-5.833333333333336,6,0,0
1.0169558359621451,-17.83333333333333,10,0,1
1.225835189309577,10.166666666666664,2,0,1
1.0981432360742707,7.333333333333336,6,0,0
0.9691629955947136,-17.33333333333333,-1,0,0
0.8524133663366337,-28.83333333333333,1,0,1
0.8955954323001631,7.0,3,0,0
0.9449823943661971,-8.333333333333336,0,0,0
1.1112061591103508,-3.6666666666666714,1,0,0
1.2494289629968023,29.166666666666664,1,0,1
1.0462315462315461,13.333333333333329,7,0,0
1.2174101342572543,19.833333333333336,1,0,0
0.9116719242902208,-6.833333333333336,0,0,0
1.065208586472256,-1.5,0,0,0
0.7628158844765343,-9.999999999999993,0,0,0
1.013215859030837,-4.833333333333343,2,0,0
1.0032193158953722,8.999999999999993,-1,0,0
0.9688796680497925,-19.33333333333333,-3,0,0
1.065123010130246,6.5,10,0,0
0.7996389891696751,-7.0,4,0,1
1.0854166666666667,-11.333333333333329,2,0,0
1.0823216995447649,31.166666666666664,-6,0,1
1.2753560638757013,11.833333333333329,0,0,1
0.939522342064715,-8.833333333333336,-1,0,0
0.9404096834264432,-5.833333333333329,-2,0,0
1.0043134435657801,10.0,0,0,1
1.074751491053678,-27.83333333333333,-2,0,1
1.186553873552983,23.833333333333336,2,0,1
1.043813387423935,19.16666666666667,4,0,0
1.1652636242800176,-12.666666666666671,-1,0,1
1.034862385321101,-1.6666666666666572,4,0,1
1.3412887828162292,-4.500000000000007,1,0,1
0.8683565004088307,-2.5,-5,0,0
1.2572093023255815,29.500000000000007,-6,0,1
0.8300272267600156,16.666666666666664,-1,0,0
1.064207650273224,6.0,-6,0,0
0.8172147001934236,-5.833333333333329,4,0,0
1.029137529137529,3.3333333333333286,0,0,1
1.0774647887323943,7.666666666666664,-1,0,0
0.9133884297520661,-15.166666666666657,1,0,0
0.8014059753954306,12.333333333333343,9,0,0
1.1188640973630832,23.33333333333333,-5,0,1
0.8934817170111288,18.16666666666667,7,0,0
1.0689121176926055,-2.166666666666657,-2,0,0
1.1079239870921478,13.5,-4,0,0
1.0943539219401288,0.6666666666666714,-10,0,1
0.9934829833454019,-14.666666666666671,-3,0,0
1.1702932828760644,3.1666666666666714,1,0,0
0.8755238893545683,-6.833333333333329,-1,0,0
0.8093802345058626,-9.166666666666671,-7,0,0
0.9435770049680624,-11.666666666666664,-2,0,0
1.0655926352128884,10.333333333333343,-6,0,0
1.1570557899671823,15.999999999999993,-2,0,0
1.0354118552732872,-2.0,-5,0,0
1.3004860804242155,28.33333333333333,6,0,1
0.8199780461031834,-0.8333333333333428,-8,0,0
1.139563606422396,36.333333333333336,9,0,0
0.8975988700564972,3.1666666666666714,0,0,0
0.9391091131998366,-0.3333333333333357,1,0,0
0.790041782729805,-41.33333333333333,-4,0,0
0.9646278555637435,-1.1666666666666714,-11,0,1
1.1153039832285114,-17.0,3,0,0
0.9494327390599676,-33.16666666666667,-6,0,1
1.0361300682456844,4.666666666666664,0,0,1
1.120241236336223,7.5,-3,0,1
1.084931506849315,17.166666666666664,1,0,0
0.8759098786828423,-10.333333333333336,0,0,0
0.8551012306470822,0.8333333333333357,1,0,0
0.9123612705702258,-11.666666666666664,5,0,0
1.0249906751212234,-3.5,-2,0,0
1.028131868131868,-1.3333333333333357,3,0,0
1.3706739526411658,-8.333333333333336,1,0,1
1.2221737232649499,6.166666666666671,4,0,1
1.0318293109478838,10.666666666666657,0,0,1
1.0518867924528301,-1.0,4,0,0
0.8966575716234653,-28.66666666666667,0,0,0
0.9466437177280551,-13.333333333333329,-5,0,0
1.1301338255652977,17.000000000000007,-2,0,1
1.3183952198036706,-7.333333333333329,0,0,0
1.1109090909090908,-13.000000000000007,-9,0,0
1.044064748201439,-11.333333333333329,7,0,1
1.093303235515425,20.83333333333333,5,0,1
0.9336206896551724,-2.3333333333333357,1,0,1
0.9254057428214731,1.6666666666666714,-4,0,0
1.1722689075630253,15.333333333333336,5,0,1
1.1276252019386106,-6.5,7,0,0
1.2210216110019647,5.666666666666664,-2,0,1
0.8569468267581475,-6.166666666666671,-1,0,0
0.9484313018391634,12.333333333333343,-1,0,0
1.1312859884836852,1.6666666666666572,1,0,1
1.0314993700125998,12.333333333333336,1,0,1
1.0280269058295963,-21.833333333333343,-1,0,0
0.7944596443228454,-8.166666666666671,-1,0,0
1.1616915422885572,6.5,-2,0,0
0.8347958794353301,0.0,0,0,0
1.0058309037900874,3.8333333333333286,-3,0,0
0.9398576512455517,-15.833333333333329,-3,0,1
1.128990509059534,-1.3333333333333286,5,0,1
0.9640234948604993,-20.500000000000007,-5,0,0
0.9916301315265046,-1.8333333333333286,-3,0,0
1.1351572070232747,-20.166666666666664,4,0,1
1.4249621020717533,5.5,-3,0,0
0.8874052688560087,-14.333333333333336,1,0,1
1.344449975111996,37.50000000000001,5,0,1
0.9680277349768875,-5.666666666666671,-3,0,1
1.1861771058315336,19.5,-1,0,0
1.3975287601193012,26.5,5,0,0
1.1314308681672025,-20.5,1,0,1
1.1058519793459554,-1.8333333333333357,0,0,0
0.952604611443211,-7.0,1,0,0
0.7749751078659144,-29.833333333333336,3,0,0
0.8198757763975155,-10.333333333333336,2,0,1
0.9291698400609292,19.500000000000007,4,0,0
1.0057096247960848,-11.833333333333336,-5,0,1
1.1092664092664093,3.3333333333333286,-5,0,0
1.0735705717712916,6.5,-2,0,1
0.7092511013215859,-41.49999999999999,-5,0,0
1.0870279146141215,11.833333333333343,-6,0,1
1.0923142979819664,13.0,-4,0,0
1.1378600823045268,15.5,2,0,1
1.0068376068376068,7.5,6,0,1
1.0041169205434335,-13.0,0,0,0
0.8697478991596639,-0.8333333333333286,2,0,0
1.2751273737841593,20.16666666666667,-3,0,1
1.1756919374247894,-3.6666666666666714,4,0,1
1.0275056518462697,-0.1666666666666714,0,0,0
1.0103092783505154,5.0,2,0,1
0.7867867867867868,-28.166666666666664,0,0,0
0.7551642397561802,-10.833333333333329,-1,0,0
0.9379061371841155,-6.166666666666671,-3,0,0
1.1085665818490247,1.0,-4,0,0
0.9815705128205128,13.0,-1,0,0
0.8353293413173652,-8.833333333333336,5,0,1
1.1582039446076375,29.333333333333336,-5,0,0
0.9005080440304827,10.0,7,0,1
0.9819466248037677,11.833333333333336,4,0,0
0.8864244741873805,-8.666666666666671,-5,0,1
1.112882920688208,19.000000000000007,-3,0,0
1.0185454545454546,-11.166666666666664,-2,0,0
0.9582069430401079,-21.0,-3,0,1
0.9296382343179556,-15.333333333333329,-5,0,0
1.0352898811667266,6.833333333333329,-3,0,0
1.008750437521876,-14.166666666666671,0,0,0
1.1075644949715784,-6.166666666666671,-1,0,1
1.0153005464480875,19.66666666666667,2,0,1
0.8222514812376563,-8.666666666666671,-1,0,0
1.236308753773178,35.99999999999999,-2,0,1
1.2938368055555556,12.499999999999993,2,0,1
1.0486196950968274,1.3333333333333357,-9,0,0
0.7486983686220062,-33.00000000000001,0,0,0
0.8367346938775511,-11.166666666666671,2,0,0
1.000778816199377,0.5,1,0,1
1.1571061643835616,1.0,4,0,1
1.142529614061903,21.666666666666664,-4,0,1
0.8221273568125222,-4.833333333333336,-1,0,1
1.0644913627639156,-7.0,1,0,1
1.1272321428571428,-2.0,0,0,1
1.0057803468208093,11.833333333333329,-4,0,1
0.9419130434782609,-24.5,-2,0,1
0.9517932896259159,11.333333333333336,-4,0,1
0.8919348430671434,-2.3333333333333286,1,0,1
1.0103314679294015,11.833333333333336,-2,0,0
0.9484827099505999,24.0,-1,0,0
1.1128182616330113,0.1666666666666643,6,0,1
1.1569086651053864,45.833333333333336,-3,0,1
0.982421875,-10.333333333333329,4,0,1
0.9140289175459164,-10.166666666666671,-2,0,0
0.8819727891156462,-2.1666666666666714,4,0,1
1.1326959847036329,39.0,5,0,0
0.9656521739130435,-10.0,0,0,1
0.8874198717948718,-10.0,3,0,0
1.2416025900445165,17.666666666666664,-3,0,1
0.8584670231729056,-14.833333333333336,-5,0,1
0.6887966804979253,-1.1666666666666643,-1,0,1
0.8594470046082949,-1.8333333333333286,-4,0,1
1.03280032800328,23.833333333333336,5,0,1
1.0604206500956024,7.5,4,0,1
0.7623417721518987,-10.833333333333329,-1,0,0
0.7542372881355932,10.666666666666664,-1,0,0
1.0817490494296578,10.5,4,0,0
1.0183908045977013,10.999999999999993,-1,0,1
0.8311897106109325,-15.833333333333336,3,0,1
0.9400386847195358,-0.3333333333333357,-2,0,0
1.0395962732919255,-41.00000000000001,-2,0,0
0.833395038874491,-14.333333333333336,2,0,0
0.8797927461139896,-4.166666666666657,-7,0,1
1.089071856287425,15.666666666666664,-8,0,0
0.9612237637851299,-14.666666666666664,0,0,1
0.7540263543191801,-7.5,-1,0,0
0.9709864603481625,8.333333333333336,-3,0,0
0.991660623640319,-12.833333333333343,-1,0,0
1.117794486215539,-5.499999999999993,-1,0,1
0.9682665608885362,5.0,1,0,0
0.9703881552621049,12.833333333333336,9,0,1
0.8945902943516308,10.0,1,0,0
0.9965648854961832,-0.3333333333333357,1,0,0
1.0461847389558232,2.0,1,0,1
1.154679040989946,-8.0,3,0,0
0.9221347331583553,-27.500000000000007,-5,0,0
0.9693602693602693,10.666666666666657,0,0,0
0.8543145311916325,14.666666666666671,-5,0,0
0.9492627927146574,-3.1666666666666714,0,0,0
0.9028571428571428,-21.5,0,0,0
0.9371663244353182,-4.0,-4,0,0
0.7865786578657866,11.0,1,0,1
1.1284201235657547,19.5,3,0,1
0.8685446009389671,10.0,3,0,0
0.9548472775564409,2.0,-1,0,1
1.0089020771513353,11.000000000000007,-2,0,0
0.9905956112852664,-8.333333333333336,-1,0,1
1.151449275362319,10.333333333333329,2,0,1
0.6982208794897616,2.3333333333333357,-6,0,0
1.0721442885771544,9.333333333333329,0,0,1
1.2304295463669208,1.8333333333333286,-3,0,0
1.2894211576846308,-2.1666666666666643,8,0,1
1.1663934426229507,-10.5,-2,0,0
1.0629763337344564,-25.33333333333333,-4,0,1
0.9850230414746544,11.0,-2,0,1
1.1885688568856885,17.333333333333336,3,0,1
1.0814594823928723,5.666666666666664,-3,0,1
0.7483487450462352,-7.666666666666671,3,0,0
0.972972972972973,-1.0,-8,0,0
1.065109695682944,-9.666666666666671,2,0,0
1.0178805058874836,21.5,2,0,0
0.722554144884242,-8.166666666666671,1,0,0
0.9274650547789951,-5.166666666666671,3,0,0
1.1391891891891892,4.333333333333329,-6,0,0
0.7350705754614549,-26.16666666666667,3,0,0
0.783359497645212,-20.0,-2,0,0
0.8645116918844566,-5.666666666666671,-1,0,0
0.8830128205128205,7.333333333333336,4,0,1
1.0465020576131687,16.83333333333333,1,0,0
0.9039364391477067,5.666666666666671,2,0,0
1.2073170731707317,2.3333333333333286,-1,0,0
1.3172479694218824,28.999999999999993,-15,0,0
1.0225155279503106,-7.666666666666657,-2,0,0
1.0264847512038524,-4.333333333333336,0,0,0
0.9204293116210215,-4.499999999999993,-1,0,0
0.9193370165745857,-17.333333333333336,0,0,1
0.8958720714020082,-0.6666666666666714,2,0,0
1.0132860938883967,-2.6666666666666643,-5,0,0
1.0300230946882216,20.33333333333333,-2,0,1
1.2646288209606986,12.833333333333336,4,0,1
1.0,6.333333333333336,5,0,1
0.8810916179337231,-18.999999999999993,4,0,0
0.8892235609103079,-2.8333333333333286,2,0,0
1.065217391304348,8.333333333333329,-1,0,1
1.3476836686944313,9.833333333333336,-4,0,1
0.8731778425655977,-17.666666666666664,-5,0,0
1.0357426528991263,3.3333333333333286,0,0,1
0.9972386587771204,8.5,0,0,0
1.1285649615210502,22.499999999999993,4,0,1
1.280678268630076,11.0,0,0,0
1.0706817231283983,-3.3333333333333357,0,0,0
0.8514492753623188,-1.3333333333333286,-3,0,1
0.963179001093693,-13.0,-2,0,0
0.8936837975676736,2.6666666666666643,-5,0,0
0.7124183006535948,-3.0,-4,0,0
1.0707327403642524,4.166666666666671,-2,0,0
1.1394230769230769,-8.166666666666664,2,0,1
1.1656108597285069,-15.166666666666657,-11,0,1
0.8445648493057907,-8.333333333333329,5,0,0
1.053321283325802,9.333333333333329,-1,0,0
1.1023274478330658,21.666666666666664,6,0,1
0.8222554144884242,-21.666666666666664,7,0,0
1.042296072507553,-0.3333333333333357,-8,0,0
1.2003659652333027,-6.166666666666671,-7,0,0
1.1305695466873305,-26.333333333333336,5,0,0
1.1482582837723025,12.333333333333336,2,0,0
0.8717690500167842,-6.0,6,0,0
1.022918258212376,-7.333333333333343,-4,0,0
0.9641174338528452,-34.33333333333333,1,0,1
0.7874788494077835,-13.333333333333329,1,0,0
0.9441448382126348,12.166666666666664,-2,0,0
0.8555008210180624,-21.5,-1,0,0
1.1583301993230537,24.66666666666667,3,0,1
1.0748792270531402,-8.000000000000007,-1,0,0
1.0068912710566615,-25.333333333333336,9,0,0
1.1683835182250397,12.166666666666671,2,0,1
0.9608974358974359,24.666666666666657,-2,0,0
0.9816163718348943,-10.833333333333329,6,0,0
1.0580762250453721,-6.833333333333343,0,0,1
1.4154113557358052,20.0,2,0,1
0.902200488997555,-13.499999999999993,-11,0,0
1.1690507152145644,7.833333333333329,4,0,1
0.7102835667919372,-40.333333333333336,5,0,0
1.1988444872412134,13.166666666666671,0,0,0
1.2609117361784674,21.0,2,0,1
0.866180981595092,6.666666666666664,1,0,0
0.813761164406219,-7.333333333333343,-4,0,0
0.767417677642981,4.166666666666664,1,0,0
0.7113477781858245,-17.499999999999993,6,0,0
1.0330798479087453,14.000000000000007,3,0,1
0.8337760910815939,-15.333333333333329,1,0,0
0.9545094936708861,-21.999999999999993,-2,0,1
1.3896583564173592,19.000000000000007,0,0,1
0.9925897035881436,-22.333333333333336,3,0,0
1.1224839400428266,-5.833333333333336,-9,0,1
0.993453985367732,32.833333333333336,5,0,0
0.886624675805854,-6.0,5,0,1
1.0906580763920848,7.166666666666664,0,0,0
1.2233570159857905,10.5,-5,0,0
0.9939094023601066,-1.6666666666666714,-5,0,1
0.674850696748507,-33.16666666666667,-1,0,0
0.8719141323792486,-12.166666666666664,-3,0,0
1.0944259567387686,18.5,5,0,1
1.032245827010622,33.16666666666667,3,0,1
0.659567387687188,-24.000000000000007,-6,0,0
1.1627906976744187,32.666666666666664,-5,0,1
1.0631662060797473,-6.833333333333336,1,0,0
1.247589833479404,-22.166666666666664,7,0,1
1.052,14.833333333333329,-10,0,1
0.9948936170212765,0.6666666666666643,-3,0,0
0.9794385132463425,-10.666666666666671,5,0,1
0.9208,-19.33333333333333,-11,0,0
1.2014742014742015,9.499999999999993,8,0,1
1.2047679863771819,10.666666666666664,-1,0,1
1.116408422725467,-5.833333333333329,-2,0,1
1.109606432501058,0.5,-4,0,0
0.8869219653179191,-3.3333333333333286,6,0,1
1.2023968042609854,10.0,4,0,0
0.9425883879338307,-8.833333333333329,7,0,0
0.7921635434412265,1.6666666666666572,-3,0,0
1.0586138613861387,0.0,-3,0,0
1.092952380952381,-6.833333333333336,-1,0,1
1.0,10.166666666666671,1,0,1
1.1339622641509435,-0.6666666666666643,4,0,0
1.480824270177447,30.66666666666667,1,0,1
1.0899653979238755,-12.0,-4,0,1
1.0270052398226521,-0.3333333333333357,1,0,1
0.877175697865353,-9.666666666666671,-5,0,0
0.9189565217391304,9.166666666666671,4,0,0
0.9361619307123394,-5.166666666666671,-3,0,1
1.2394499762920816,29.166666666666664,4,0,1
0.8326359832635983,-1.3333333333333286,7,0,1
0.9297897659658866,9.166666666666664,7,0,1
0.9039132119333592,-5.833333333333329,-1,0,1
0.8740959894806049,-6.666666666666671,1,0,0
1.1882113821138212,-4.666666666666671,-4,0,1
1.0097856477166822,-17.499999999999993,1,0,1
0.9811046511627907,-22.5,12,0,0
1.2271604938271605,-0.8333333333333286,-1,0,1
1.1132242370632464,4.166666666666664,2,0,1
1.1816631130063966,2.3333333333333286,4,0,0
1.0102783725910065,-1.3333333333333428,0,0,1
0.8028974456728937,-9.0,-3,0,0
1.1270473660911908,12.499999999999993,0,0,1
1.2914485165794067,-12.499999999999993,-2,0,1
1.015575221238938,6.333333333333329,1,0,1
1.140156754264638,4.833333333333336,-2,0,0
1.2376760563380282,27.66666666666667,-3,0,1
1.2218818380743983,6.5,0,0,0
1.0395402298850576,-8.666666666666664,6,0,0
0.8308943089430895,-39.333333333333336,6,0,0
0.8593128390596745,16.333333333333336,-1,0,0
0.9611795446061964,11.833333333333343,4,0,0
0.9001739130434783,6.666666666666671,7,0,0
1.1060674157303372,-9.333333333333336,1,0,0
1.0732728541521284,30.000000000000007,1,0,1
0.8273882738827388,-7.333333333333336,2,0,0
1.0722199425523185,3.666666666666657,0,0,1
0.8408858603066439,-22.999999999999993,5,0,0
1.0814940577249577,-2.8333333333333286,4,0,0
1.2169260700389104,5.333333333333329,2,0,0
0.9359622514324233,5.833333333333329,-1,0,0
1.2226130653266332,1.8333333333333286,-1,0,1
0.8182784272051009,-21.0,-3,0,0
0.85383502170767,-3.0,-3,0,0
0.7485693848354793,3.8333333333333357,-3,0,1
0.8051859433640396,-1.1666666666666572,-4,0,0
1.2682926829268293,14.666666666666657,9,0,1
1.246728971962617,13.333333333333336,1,0,0
0.7987158908507224,-9.5,3,0,1
0.9177456207159177,-2.0,0,0,1
0.8715025906735752,-9.000000000000007,5,0,1
1.0041384499623778,-13.666666666666671,-5,0,0
0.9875776397515528,-13.333333333333329,4,0,1
1.0338672768878718,-1.5,3,0,1
1.0112123335669236,-3.5,2,0,1
1.0084670231729056,-11.999999999999993,6,0,1
0.965546218487395,-31.333333333333336,-3,0,0
1.041779497098646,-4.666666666666671,2,0,0
0.8666666666666667,-18.33333333333333,-4,0,1
0.8491902834008097,-6.0,7,0,0
0.8264075067024129,-2.5,3,0,0
0.9065666041275797,6.5,1,0,0
0.9286004056795132,-14.666666666666671,-4,0,1
1.06007669365147,8.666666666666671,4,0,0
1.03205381875742,18.16666666666667,-2,0,0
1.1303538175046555,8.666666666666664,3,0,1
0.9239904988123515,-4.0,-2,0,1
0.8215439856373429,-6.0,-4,0,0
1.5329052969502408,36.666666666666664,6,0,1
1.0625485625485624,-17.999999999999993,-2,0,1
1.1149825783972125,17.0,-6,0,0
0.7729668674698795,-29.666666666666664,-4,0,0
0.9798488664987406,-18.16666666666667,0,0,0
1.031163708086785,-1.6666666666666643,0,0,1
0.8474758324382384,-14.666666666666664,0,0,0
1.0358075345020514,12.333333333333336,-5,0,0
0.7677742050732405,-13.5,-9,0,0
0.8894269572235673,-22.000000000000007,-8,0,0
1.3018781493357765,17.16666666666667,-1,0,0
0.7819420783645656,-28.499999999999993,9,0,0
1.0554307116104868,-16.333333333333336,-1,0,0
0.7901581722319859,-7.5,-1,0,0
1.0998708566508826,25.833333333333336,1,0,1
1.132851333032083,21.166666666666664,2,0,1
0.864963503649635,-15.833333333333336,-6,0,0
1.0830055074744296,-12.166666666666671,9,0,1
1.8183391003460208,15.333333333333336,-2,0,1
1.0104208416833667,-4.166666666666671,-9,0,0
1.244299674267101,21.999999999999993,-2,0,1
0.8292319164802386,-15.833333333333336,-3,0,0
1.4288681204569056,38.833333333333336,-9,0,0
0.7240418118466899,-15.833333333333329,12,0,1
1.2538461538461538,-6.5,1,0,1
1.0098559514783927,-2.166666666666657,-1,0,0
1.243801652892562,10.333333333333329,0,0,1
0.957977207977208,-1.6666666666666714,-1,0,1
1.1181619256017505,-4.5,6,0,1
1.0179166666666666,21.000000000000007,3,0,1
0.8735282947208507,-17.5,-9,0,0
1.0703476482617587,18.833333333333336,-6,0,0
1.235595390524968,23.500000000000007,2,0,1
1.0972477064220183,25.33333333333333,1,0,0
1.0090694006309149,-30.5,-2,0,1
0.8823733518390007,-26.66666666666667,-5,0,1
1.040241448692153,-15.833333333333329,-3,0,1
1.0265410958904109,8.000000000000007,-2,0,0
1.0222052067381318,0.8333333333333286,4,0,0
0.9162112932604736,-9.333333333333329,0,0,1
0.9975678962302391,-4.666666666666671,-1,0,0
0.9642411642411642,-10.5,5,0,1
1.3499267935578332,9.5,-2,0,1
1.1203779786359902,23.33333333333333,1,0,1
0.9156577885391445,8.666666666666664,1,0,1
1.1891768985902682,20.333333333333336,6,0,0
0.9269340974212035,9.833333333333336,0,0,0
0.9653979238754326,-20.666666666666664,-4,0,1
0.9051355206847361,-6.5,1,0,1
0.9064349112426036,-15.166666666666664,-3,0,1
1.0017863522686674,2.5,-1,0,0
1.0908691834942932,8.5,2,0,0
0.8092125739184562,-26.83333333333333,4,0,0
1.0642978003384094,-0.1666666666666643,-1,0,0
0.8140760255927738,24.666666666666664,0,0,0
0.7789655172413793,-24.833333333333336,-5,0,0
1.1390134529147982,23.999999999999993,4,0,1
1.1202209005947323,0.1666666666666643,0,0,1
1.1540084388185654,9.666666666666671,-1,0,1
1.2005785920925747,9.333333333333336,-9,0,1
0.8924302788844621,-3.8333333333333357,0,0,0
0.9655419956927495,-28.0,-1,0,0
1.1804195804195805,30.33333333333333,-3,0,1
1.1592997811816192,0.6666666666666572,-5,0,0
0.8835470085470085,-20.16666666666667,2,0,1
1.1998345055854365,-10.666666666666671,-3,0,1
1.2216613125286828,11.166666666666664,1,0,1
1.3634507401735578,29.500000000000007,1,0,0
1.1167945439045184,16.0,-1,0,0
0.9574074074074074,-14.666666666666657,3,0,0
0.743421052631579,-13.666666666666657,-2,0,1
0.9918957011980267,-9.166666666666671,-2,0,0
0.8501571777855397,-14.5,-2,0,0
1.1451155249290637,11.499999999999993,0,0,1
1.0154972018941024,8.5,3,0,1
1.152542372881356,18.833333333333336,4,0,0
0.8964646464646465,1.0,4,0,1
0.9202551834130781,-18.999999999999993,-4,0,1
0.8643490115882754,6.833333333333329,-4,0,0
0.8635514018691589,12.666666666666657,7,0,0
1.1043659043659044,4.833333333333329,-5,0,1
1.2990574121679521,41.5,-5,0,1
0.7159420289855073,-7.333333333333329,6,0,1
1.0561020036429873,7.333333333333343,-11,0,1
1.1947318908748825,-13.666666666666657,-5,0,0
0.8156133828996283,-5.833333333333336,-1,0,1
0.9665862900447812,5.000000000000007,1,0,0
1.0387883265607685,-21.333333333333336,-5,0,1
0.9292210359826019,17.666666666666664,4,0,0
0.7326515704894083,-0.3333333333333286,-4,0,1
1.0077007700770078,-29.833333333333336,5,0,1
0.9669064748201439,-7.5,8,0,0
1.1311407160699418,-7.666666666666671,2,0,1
0.886066763425254,6.166666666666664,3,0,0
1.3572695035460993,19.5,-4,0,0
1.2228047182175623,29.666666666666664,-2,0,1
0.916826923076923,-14.333333333333329,7,0,1
0.7740569668976135,0.0,1,0,0
1.0051875498802874,-1.8333333333333357,-1,0,1
1.1215445370776655,-6.333333333333329,-1,0,0
1.000395256916996,-6.499999999999993,-9,0,0
0.9606850914752822,-7.166666666666671,-5,0,0
0.9947848761408083,12.0,-2,0,1
1.2766439909297052,43.333333333333336,-2,0,1
0.920863309352518,8.666666666666671,2,0,0
1.0404645934807044,4.0,-7,0,1
1.2435129740518962,-3.166666666666657,-8,0,0
0.9518434913468774,0.1666666666666572,6,0,1
0.9583673469387755,33.0,3,0,0
0.7700296735905044,-38.33333333333333,1,0,0
1.0759966777408638,-4.666666666666671,2,0,0
0.8661684782608695,14.166666666666664,-4,0,1
1.0738936256597644,-2.3333333333333357,4,0,1
0.7414134742404227,8.333333333333336,0,0,0
1.0179497407259672,-16.333333333333336,-6,0,1
1.0031971580817052,-5.333333333333329,-1,0,1
0.9495581737849779,14.833333333333329,0,0,1
1.1651295564339044,2.000000000000007,-2,0,1
1.0240793201133145,-7.833333333333329,-5,0,0
1.092170818505338,-6.166666666666671,4,0,0
1.1452914798206277,20.000000000000007,2,0,1
0.8096049046321526,-47.00000000000001,0,0,1
0.803030303030303,-7.333333333333343,5,0,0
0.8195089581950896,-28.833333333333336,6,0,1
1.0517864311521476,-1.5,-3,0,1
1.1734693877551021,10.0,3,0,1
1.080707148347425,28.833333333333336,-2,0,1
0.7468267581475129,-7.333333333333336,2,0,0
1.0084835630965006,-16.66666666666667,-5,0,1
0.8231932773109244,-38.666666666666664,-1,0,0
0.8627388535031847,-4.833333333333329,-3,0,1
0.9948635634028893,10.5,-2,0,0
1.1214405360134003,-4.166666666666657,1,0,0
1.0350740452065472,-4.833333333333329,5,0,0
0.9594594594594594,-14.5,-8,0,1
1.1264822134387351,35.666666666666664,1,0,0
0.9178781925343812,-31.666666666666664,-7,0,0
1.3378248315688162,-5.666666666666671,3,0,1
1.149339207048458,11.166666666666671,-5,0,0
1.0891692040017398,-5.0,-2,0,1
1.12565445026178,14.166666666666671,3,0,1
1.0708215297450425,4.5,-6,0,1
1.3024861878453038,-7.5,1,0,1
1.0172287390029326,-14.833333333333336,-3,0,0
1.1417943107221007,33.50000000000001,6,0,1
0.9567796610169491,-2.3333333333333357,-5,0,1
1.1015936254980079,-3.6666666666666714,0,0,1
0.9300673148840688,3.0,-7,0,1
0.9731543624161074,-15.333333333333343,-1,0,0
1.1671361502347417,3.3333333333333286,2,0,0
0.8029309679907443,-9.166666666666671,4,0,1
1.3485276321097217,16.0,-9,0,1
0.9874416935773233,0.6666666666666714,2,0,1
1.0404734631538755,-0.3333333333333286,-5,0,0
1.153324287652646,30.666666666666664,3,0,0
1.0793650793650793,25.000000000000007,-1,0,0
1.0274647887323944,-6.166666666666671,-2,0,1
0.9913606911447084,-2.1666666666666714,2,0,1
0.854121973643886,-18.0,2,0,0
0.8598242811501597,0.1666666666666572,6,0,1
1.0070175438596491,17.5,3,0,1
0.8256590509666081,-8.333333333333329,-2,0,0
1.1071107110711071,-1.6666666666666714,-2,0,1
1.1142974190905366,37.666666666666664,9,0,1
1.0447957839262187,8.166666666666671,7,0,1
1.3586521987435751,-4.666666666666664,2,0,1
0.999208547685002,-10.833333333333336,1,0,0
0.8590998043052838,-23.999999999999993,-1,0,1
1.0732004880032533,4.666666666666671,4,0,1
1.0681362725450902,6.833333333333336,-6,0,0
1.11038678835289,12.5,-7,0,0
1.0983543819364714,-12.0,-3,0,1
1.1119936457505957,-0.3333333333333286,-7,0,1
1.3581460674157304,15.500000000000007,4,0,0
1.1617711530030688,-21.166666666666664,-3,0,0
1.0533582089552238,-6.5,-5,0,1
0.9381977671451356,-4.0,-6,0,0
1.0688550840672537,15.333333333333329,-3,0,1
0.9369521240728254,-26.33333333333333,-3,0,0
0.9952700039416634,-10.833333333333329,2,0,0
0.9764822789002982,-31.166666666666664,-6,0,1
0.8741818181818182,30.833333333333336,3,0,0
1.0803088803088803,-0.3333333333333286,-1,0,0
1.2444641275465014,-8.166666666666664,-17,0,0
0.9353783231083844,-0.1666666666666572,1,0,0
0.9508134695421869,-6.5,1,0,1
1.0670593565926598,19.833333333333336,4,0,0
1.2949800088849401,-7.666666666666671,-6,0,1
1.3340807174887892,13.500000000000007,2,0,0
1.18900675024108,-3.5,-2,0,1
0.8749511527940602,-17.83333333333333,-7,0,1
1.1878934624697337,15.666666666666671,0,0,0
0.8809362279511533,-2.6666666666666714,-1,0,1
0.7814060699193238,0.8333333333333428,4,0,0
0.8231511254019293,-20.833333333333336,-2,0,1
0.8658580092757759,-17.16666666666667,6,0,1
0.8711864406779661,-0.3333333333333286,7,0,1
1.0550943396226415,-2.1666666666666643,-3,0,0
0.9519071310116086,-7.666666666666664,-4,0,0
0.9489671931956257,8.333333333333336,2,0,1
0.8087056128293242,17.0,10,0,0
0.7760690172543135,8.500000000000007,-1,0,0
1.15375854214123,15.166666666666664,3,0,1
1.122334004024145,22.333333333333336,-2,0,1
0.9777594728171335,-14.499999999999993,-1,0,1
1.1963058419243986,8.166666666666671,2,0,1
0.8224719101123595,-21.83333333333333,0,0,0
1.097515236755743,2.1666666666666643,0,0,1
0.8945880452342488,-13.499999999999993,-3,0,0
0.9468464894882983,-21.0,4,0,1
1.071711394632644,-3.1666666666666643,6,0,1
1.015228426395939,-6.833333333333336,-1,0,1
0.9184451219512195,7.166666666666671,-2,0,1
1.065672701455449,6.833333333333329,1,0,0
1.31815907953977,19.166666666666664,5,0,1
1.0454545454545454,-12.833333333333329,2,0,0
0.9354440789473685,-15.0,0,0,0
1.0090019569471624,-8.333333333333329,10,0,1
1.2187357889949977,24.333333333333336,1,0,0
1.301334702258727,9.166666666666664,1,0,1
1.1189964157706094,17.5,-9,0,0
1.177739430543572,34.666666666666664,-4,0,0
1.042933130699088,10.833333333333329,8,0,1
1.3043478260869565,51.833333333333336,1,0,1
0.9841105354058722,8.166666666666664,-6,0,0
0.7029360967184801,-26.500000000000007,-1,0,1
0.9528261793455164,1.8333333333333286,-5,0,1
0.9278307756117793,-4.333333333333336,-5,0,0
0.6900758325090669,-29.666666666666664,-3,0,0
1.1414229594063727,35.66666666666667,6,0,1
1.003779924401512,17.0,-6,0,1
1.1005331302361006,-38.666666666666664,0,0,1
0.7976190476190477,-16.16666666666667,1,0,0
1.355140186915888,35.16666666666667,5,0,1
0.9764581869290232,-24.0,5,0,1
0.9115009746588694,-25.833333333333336,0,0,0
0.7515370705244123,-12.666666666666671,7,0,1
1.0930531732418525,-10.5,-2,0,1
1.4726394849785407,13.333333333333336,-1,0,0
1.120109546165884,19.0,3,0,1
1.0393046107331823,-5.833333333333343,3,0,0
1.0385795703638756,0.0,2,0,1
0.9541008276899925,38.5,2,0,0
1.2845597618034879,16.666666666666657,4,0,1
1.182555780933063,11.0,-1,0,0
0.7643362136684996,-32.0,-3,0,0
1.1610337972166997,3.5,1,0,0
0.7295016077170418,-26.666666666666664,8,0,1
0.9165106701609884,-6.166666666666664,0,0,0
1.3914014517029591,19.333333333333336,8,0,0
0.8855575868372944,-4.666666666666671,1,0,0
1.3306603773584906,20.66666666666667,-1,0,1
0.8025152957171992,-2.1666666666666714,-2,0,0
0.9125954198473283,-21.5,1,0,1
1.0487168334058286,-12.5,0,0,1
0.8738738738738738,-0.8333333333333286,-1,0,1
0.7706355003652301,-25.5,0,0,0
1.037158469945355,8.666666666666664,-8,0,1
0.603656647040595,-49.333333333333336,2,0,0
0.8901711102268205,0.3333333333333357,0,0,0
0.9851973684210527,3.833333333333343,-2,0,0
1.0171385991058122,17.83333333333333,-5,0,1
1.1957379636937648,24.333333333333343,-1,0,0
0.9133779264214047,11.0,-2,0,0
1.1544715447154472,0.6666666666666714,-3,0,1
0.9944200876843364,-23.500000000000007,0,0,0
0.9867411025819958,21.833333333333336,0,0,0
0.9712258573117856,-16.666666666666664,4,0,1
1.1130952380952381,5.666666666666664,-6,0,1
1.364066193853428,27.166666666666664,4,0,1
0.83778552071235,-13.499999999999993,-5,0,0
1.2652214022140222,21.833333333333336,2,0,1
0.9479580773400795,6.166666666666671,-11,0,0
1.584295612009238,17.999999999999993,2,0,1
0.9513667021654242,-13.0,2,0,1
0.9426056338028169,-12.5,-2,0,1
1.1268939393939394,17.0,1,0,1
0.9046483909415971,-18.499999999999993,-4,0,0
1.0028583095140873,15.166666666666664,-3,0,1
1.0991489361702127,0.1666666666666643,4,0,1
1.0265242852221839,-2.833333333333343,0,0,1
1.078870900788709,-26.66666666666667,-5,0,0
1.084935181046044,-1.3333333333333357,-1,0,0
1.2460779919318692,19.500000000000007,-4,0,0
0.9233409610983981,3.8333333333333357,1,0,0
1.1172566371681416,13.333333333333329,-1,0,1
1.0949047063399455,15.0,1,0,0
0.9266335498662591,-16.83333333333333,-4,0,0
0.8792372881355932,-7.5,-9,0,0
1.0495238095238095,2.5,6,0,0
0.9484126984126984,-3.3333333333333286,2,0,1
1.1510695187165776,3.0,0,0,1
1.150959488272921,9.5,-3,0,1
1.1780487804878048,-19.166666666666664,-5,0,1
0.872289972899729,3.5,5,0,1
0.9770937723693629,-3.3333333333333286,0,0,1
1.0339573356552025,5.833333333333329,2,0,0
0.8806970509383378,-2.0,1,0,1
0.8561746987951807,-17.666666666666664,7,0,0
1.1506908462867012,17.16666666666667,5,0,1
0.8890415664720027,22.333333333333336,-5,0,0
0.9356887653830885,-20.5,-6,0,0
0.7288666249217283,-42.333333333333336,1,0,0
1.1470019342359767,7.666666666666664,4,0,1
1.0919117647058822,1.0,-2,0,0
0.7405405405405405,-4.0,-2,0,1
0.9714573539288113,-0.3333333333333428,3,0,0
0.9286245353159851,17.66666666666667,-4,0,0
1.1206969825754356,25.333333333333336,0,0,1
1.102681721947777,13.666666666666664,6,0,1
1.3200329082682023,13.166666666666664,-2,0,0
0.987658937920718,7.166666666666664,-1,0,1
0.9500854700854701,10.166666666666657,3,0,1
0.7179016874541453,-2.6666666666666643,7,0,0
0.7888513513513513,-12.000000000000007,-3,0,0
0.798260287721646,-15.833333333333336,0,0,0
1.4119266055045872,6.166666666666671,7,0,1
1.053881602268699,15.0,-2,0,0
0.8994555353901996,17.5,0,0,1
0.9524490525563103,-2.0,-2,0,0
0.9647983595352017,2.6666666666666714,0,0,0
0.8493852459016393,-41.833333333333336,-4,0,0
0.9418713086726764,2.6666666666666714,1,0,0
0.9580858085808581,2.1666666666666714,-1,0,0
1.2424742268041238,27.16666666666667,-3,0,0
0.8635607321131448,24.166666666666664,8,0,0
1.0233212706071573,-7.0,-3,0,1
1.477039438141545,9.166666666666664,2,0,1
0.9331665475339528,0.1666666666666714,3,0,1
0.9834877164720097,5.833333333333343,-6,0,0
1.358974358974359,2.500000000000007,6,0,1
1.1024073366450133,18.33333333333333,2,0,0
1.278086287911149,26.333333333333336,-7,0,1
1.0003567606136283,16.5,5,0,0
0.8811810743507649,-27.333333333333336,1,0,1
0.8523002421307506,-16.16666666666667,-4,0,0
1.0623734305386796,0.6666666666666643,0,0,0
0.9316074188562596,-19.166666666666664,3,0,1
1.1081200353045013,-20.16666666666667,1,0,1
1.2061224489795919,26.499999999999993,1,0,1
1.3569444444444445,34.666666666666664,-10,0,1
1.2364956876985929,-3.1666666666666643,3,0,0
0.8493262556145366,-13.333333333333336,0,0,0
0.7574007220216606,-6.833333333333329,5,0,1
1.036112349531877,2.6666666666666643,3,0,1
1.2609721566776781,16.833333333333336,-3,0,0
1.0168388825105243,-2.833333333333343,4,0,1
1.1633093525179856,19.166666666666664,1,0,1
1.0255671588044653,5.166666666666671,3,0,0
1.137093454096336,-4.333333333333336,1,0,1
1.0061753808151503,-10.0,-2,0,0
0.9928601427971441,-17.66666666666667,-6,0,0
1.2636039250669044,32.666666666666664,0,0,1
0.7766633233032431,-21.0,1,0,0
1.2593648208469055,14.166666666666671,-5,0,1
1.1817791147400085,13.166666666666657,-4,0,1
0.9182948490230906,-7.166666666666671,-5,0,1
0.9011164274322169,-25.166666666666664,2,0,0
0.9273996509598604,-1.3333333333333428,0,0,0
0.7031196434693178,-26.0,0,0,0
0.9207180254300673,-16.666666666666664,3,0,1
1.2406576980568012,10.166666666666671,-7,0,1
0.8540901502504173,-15.166666666666664,-7,0,1
0.949685534591195,1.0,5,0,1
0.8928571428571429,-13.333333333333329,4,0,0
1.0759307040176926,7.833333333333336,1,0,0
1.0981519507186859,24.000000000000007,0,0,1
1.2386096759041805,22.666666666666664,2,0,1
1.095996732026144,3.5,-2,0,1
0.8548744460856721,-36.833333333333336,-1,0,0
0.7967532467532468,-9.166666666666671,3,0,1
0.8777738640366326,-43.00000000000001,-6,0,0
0.9718503261242705,7.5,0,0,0
0.8830134009416878,-6.333333333333336,-3,0,0
0.8218050065876152,-28.000000000000007,0,0,0
0.8485299590621511,-1.8333333333333428,-3,0,1
0.8851851851851852,-15.166666666666664,-2,0,1
0.9808823529411764,-15.5,0,0,1
0.9233812949640288,-6.0,6,0,1
0.8165438165438166,-30.66666666666667,1,0,1
0.9820747520976354,7.5,2,0,1
1.1962853524693964,32.833333333333336,5,0,1
0.9882352941176471,15.0,10,0,1
0.8798435833629576,-9.666666666666664,-2,0,1
1.123954925481643,12.0,-7,0,0
1.0869252873563218,22.833333333333343,1,0,1
0.9562264150943396,-13.999999999999993,1,0,0
1.2012779552715656,35.49999999999999,5,0,0
0.9928143712574851,13.833333333333336,4,0,0
1.0378133990957665,9.166666666666664,2,0,0
0.944991789819376,-10.5,-4,0,0
1.2537601234091786,11.0,-1,0,1
1.2331261101243338,23.666666666666664,0,0,1
0.6511450381679389,-15.5,-3,0,0
1.0769825918762088,1.8333333333333286,-6,0,0
1.0,-4.833333333333343,-1,0,0
0.948643006263048,2.8333333333333286,-1,0,0
0.9207818930041153,6.666666666666671,3,0,1
1.1738197424892705,17.16666666666667,5,0,1
1.187409200968523,-7.5,-7,0,1
1.2,16.333333333333336,-9,0,0
1.256198347107438,35.33333333333333,-2,0,1
1.5223958333333334,24.16666666666667,3,0,0
1.0422757803239826,-3.0,1,0,0
1.1340160284951024,13.5,0,0,0
0.8321377331420373,-15.500000000000007,3,0,0
0.9138438880706922,-12.999999999999993,-3,0,0
1.087719298245614,3.0,-6,0,1
0.8176204199258954,2.0,-1,0,0
0.7724907063197026,-5.0,-4,0,0
0.9421921921921922,-8.499999999999993,5,0,1
0.8344039971448965,-38.333333333333336,-1,0,0
1.0610717100078801,4.833333333333336,-3,0,1
0.8322295805739515,-9.833333333333329,1,0,1
0.752455130375889,-24.0,1,0,0
0.973816355810617,9.0,-5,0,0
0.9153461217681401,-23.16666666666667,6,0,1
1.3946231397023523,44.333333333333336,4,0,1
0.9660211910851297,1.8333333333333428,-5,0,0
0.932287954383464,-44.666666666666664,2,0,0
0.7523510971786834,-16.500000000000007,0,0,0
1.0345845634753268,-4.000000000000007,5,0,0
0.9094650205761317,-9.166666666666671,2,0,0
1.01874349184311,-14.0,2,0,0
1.3233923578751166,4.333333333333336,-7,0,1
1.0757842791681353,-17.83333333333333,-1,0,1
1.3649289099526067,39.333333333333336,-2,0,1
0.9470958194598594,16.16666666666667,1,0,1
0.8790224032586558,-0.5,-4,0,0
1.3371537726838587,16.500000000000007,-1,0,1
1.053119429590018,22.166666666666657,-4,0,0
1.1539855072463767,29.666666666666664,7,0,1
0.9474877219493767,-19.5,3,0,0
0.9858551221603086,8.666666666666671,3,0,1
0.8509454949944383,-5.833333333333336,-7,0,0
0.8468829748450601,-12.333333333333329,-7,0,0
0.7787234042553192,-25.833333333333336,8,0,0
1.1004288777698357,12.166666666666664,0,0,0
1.102971102971103,21.83333333333333,4,0,1
0.9585513078470825,-18.500000000000007,-3,0,0
0.9584761904761905,18.5,4,0,1
0.8106486689163854,-4.333333333333336,1,0,0
0.7881016042780749,-36.00000000000001,-2,0,0
0.9988028731045491,24.666666666666664,-6,0,1
1.154081187254474,-8.833333333333336,4,0,1
0.8441558441558441,6.666666666666671,-3,0,1
0.8527272727272728,-6.0,-2,0,1
1.0431654676258992,2.166666666666657,4,0,1
1.0073402417962003,7.333333333333329,0,0,0
0.8490196078431372,-1.3333333333333286,-7,0,1
1.107229894394801,11.333333333333329,0,0,1
0.8856808427623878,-3.6666666666666714,0,0,0
1.3317214700193423,27.000000000000007,-1,0,1
1.0315297781237835,-21.333333333333336,1,0,0
0.9419743782969103,-20.666666666666664,8,0,0
0.9322695035460993,23.833333333333336,-2,0,0
1.1754247333069934,11.166666666666671,4,0,0
1.2256554307116105,11.666666666666664,3,0,0
1.1893907998342312,19.666666666666664,3,0,1
0.9996004794246903,7.166666666666657,1,0,1
1.3934588701684836,14.166666666666671,1,0,1
0.9217305151915456,18.33333333333333,-12,0,1
0.8465028355387524,-44.0,-3,0,0
0.8877096884628551,-17.66666666666667,-4,0,0
1.187389770723104,17.833333333333336,6,0,1
0.9704848910751932,8.666666666666664,4,0,1
1.0959692898272553,-2.3333333333333286,-10,0,1
1.0244881573665194,-4.5,-2,0,1
0.9183526011560693,-8.166666666666664,1,0,1
0.9240986717267552,18.833333333333336,-5,0,1
0.8172684458398745,-9.499999999999993,-2,0,1
0.8153310104529616,-8.666666666666664,1,0,0
1.232420091324201,19.16666666666667,6,0,1
1.0787055533359968,33.333333333333336,-9,0,0
0.9446107784431138,-13.999999999999993,1,0,0
1.0341951626355297,-8.0,1,0,1
1.0527408637873754,-18.16666666666667,-7,0,0
1.0222130810366103,-13.333333333333336,-1,0,0
1.1932432432432432,-2.3333333333333286,0,0,0
0.8182164634146342,-12.333333333333336,1,0,0
0.8691025186236254,14.333333333333329,2,0,1
0.9348725017229497,17.16666666666667,2,0,0
1.0897658282740676,-21.166666666666664,-1,0,0
0.8711180124223602,-2.5,3,0,0
1.1726398601398602,6.333333333333336,0,0,0
0.7611889306457124,-37.333333333333336,7,0,1
1.0341600374356574,-0.6666666666666643,4,0,1
1.1069408740359896,14.333333333333336,4,0,0
1.2957467853610287,13.666666666666671,0,0,1
1.0074534161490682,30.500000000000007,-4,0,1
0.8899763752953088,-0.3333333333333428,-3,0,0
1.3838133068520357,2.1666666666666714,-1,0,1
1.0950080515297906,6.333333333333329,1,0,1
1.0584101888449715,11.666666666666664,-8,0,1
0.9761380323054332,3.6666666666666714,-3,0,0
1.2515592515592515,3.499999999999993,7,0,1
1.0884444444444445,3.8333333333333286,6,0,0
0.7990281152377646,-30.500000000000007,-9,0,0
1.3562300319488818,39.83333333333333,-7,0,1
0.8453002610966057,-14.166666666666671,-12,0,1
1.1543624161073827,-1.6666666666666714,6,0,0
1.2705882352941176,0.5,-5,0,1
1.0809732748304746,8.666666666666664,6,0,0
1.1922586133560187,21.16666666666667,8,0,1
1.022887323943662,-11.5,0,0,0
1.0021929824561404,3.3333333333333286,2,0,1
0.9944289693593314,0.8333333333333428,-1,0,0
0.7533967391304348,-30.16666666666667,2,0,0
0.6756191140565051,-27.000000000000007,4,0,0
0.9312207418077062,2.1666666666666714,-1,0,1
0.8940708604483008,-10.833333333333329,-1,0,0
0.8988190233003511,-23.666666666666664,1,0,0
0.8965174129353234,-8.5,-1,0,0
0.9530588687956907,-32.333333333333336,-3,0,0
1.2108108108108109,26.5,10,0,1
0.8982014388489209,-10.333333333333336,0,0,0
0.8801734331888057,-13.5,-6,0,0
0.8,-14.666666666666671,-3,0,0
0.9215456674473068,-3.666666666666657,-4,0,0
1.0704331450094162,21.333333333333336,2,0,1
1.2504464285714285,-1.8333333333333286,0,0,0
0.8433777154870358,14.333333333333329,1,0,1
0.8367686170212766,-19.333333333333336,-3,0,0
1.3632458233890214,17.166666666666657,-2,0,1
0.8245738636363636,5.333333333333329,4,0,1
0.667601246105919,-30.499999999999993,3,0,1
0.8443363446838082,-9.333333333333329,1,0,1
0.5812839348450974,-33.666666666666664,-3,0,0
1.2349192863211556,14.666666666666671,-3,0,1
0.9925233644859813,-21.499999999999993,-7,0,0
0.9075882794891059,-4.833333333333336,3,0,0
0.929360562437228,6.333333333333329,-2,0,0
1.052365474900686,28.500000000000007,3,0,0
0.9117647058823529,-8.333333333333329,4,0,1
1.0048183839881393,-0.8333333333333286,6,0,1
0.9598283931357254,22.166666666666664,-6,0,0
0.9496427356243621,-9.0,-5,0,0
0.9029709228824273,-11.666666666666671,4,0,1
0.9978776087725504,-11.833333333333343,0,0,1
0.8284504059301094,3.3333333333333286,0,0,0
1.1321622751986617,-7.166666666666671,-4,0,0
0.9853955375253549,20.166666666666664,-5,0,1
0.9525490196078431,6.0,0,0,0
0.764186204553177,-14.333333333333336,-3,0,0
0.8706613080014615,-15.666666666666671,-2,0,1
1.0330147697654213,-12.166666666666664,3,0,1
0.9470468431771895,22.0,-1,0,1
0.9429824561403509,-1.6666666666666714,0,0,0
1.0513213328226734,2.166666666666657,0,0,0
0.9214772319827895,7.666666666666664,0,0,0
1.1398467432950192,17.833333333333343,-3,0,1
1.176958143389971,-19.000000000000007,-10,0,0
1.3014634146341464,19.16666666666667,4,0,1
0.8023648648648649,-1.1666666666666714,1,0,0
0.8975088967971531,5.5,3,0,0
0.9906651108518086,-9.333333333333336,2,0,1
0.8578563196311948,-1.3333333333333286,1,0,0
1.0297462817147855,-30.333333333333336,-10,0,0
1.1438820247110402,-5.0,-1,0,1
0.8291163876994939,-21.66666666666667,2,0,1
0.853897375636506,4.166666666666671,1,0,0
1.0205338809034907,-22.333333333333336,-2,0,1
1.0063409175680715,0.8333333333333286,-2,0,1
0.8444295751087321,-2.5,0,0,0
0.9845864661654136,2.6666666666666714,2,0,1
1.1424947145877378,15.166666666666664,-1,0,1
0.9405705229793978,-23.499999999999993,9,0,1
0.9435007385524372,-17.5,5,0,0
1.0313708637730985,-5.0,2,0,1
1.3052455357142858,10.500000000000007,11,0,1
0.9138632162661737,16.166666666666664,-3,0,1
1.194619588062211,35.666666666666664,3,0,1
1.2860880941997384,15.166666666666664,-1,0,1
1.0577985550361242,6.666666666666664,2,0,0
0.9219512195121952,21.0,4,0,0
0.8704119850187266,-10.666666666666671,3,0,0
1.0932971014492754,-5.833333333333336,4,0,1
1.3699029126213593,9.166666666666664,3,0,0
1.1972290138549306,28.166666666666657,0,0,0
1.00625,-10.333333333333329,3,0,1
0.8387650085763293,-10.833333333333336,7,0,0
0.7903329065300896,9.5,-2,0,0
0.9995505617977528,6.833333333333329,3,0,1
0.9085714285714286,-14.666666666666664,-6,0,1
1.2040326452232357,-10.0,2,0,0
1.2771037181996086,24.499999999999993,4,0,0
1.053274139844617,20.83333333333333,3,0,0
1.120274914089347,2.3333333333333286,-4,0,1
0.9015561569688768,-10.0,1,0,1
0.8905861456483126,-12.166666666666664,-2,0,0
1.0008517887563884,27.333333333333336,-1,0,0
1.0854202401372213,8.666666666666657,5,0,1
0.7704219899341851,12.166666666666664,2,0,1
0.8362552594670407,-5.666666666666671,2,0,0
0.9497907949790795,1.1666666666666643,5,0,0
1.1182751540041067,9.5,1,0,1
1.128500823723229,-5.833333333333329,-4,0,0
0.9841656516443362,-17.5,3,0,1
0.9637389202256245,2.3333333333333286,-11,0,0
1.4198792382721783,38.83333333333333,-1,0,0
0.9013035381750466,-18.66666666666667,0,0,0
1.0232558139534884,3.5,-1,0,0
1.0782540306724342,-1.1666666666666572,-1,0,1
0.9379751900760304,0.6666666666666714,1,0,1
1.2427184466019416,5.666666666666671,5,0,1
0.8039017827110663,12.5,-2,0,1
0.967304625199362,-1.0,0,0,0
1.170124481327801,16.83333333333333,-3,0,1
1.036907536907537,-40.5,-6,0,0
0.9405504587155963,-30.166666666666664,-4,0,0
0.9242137173171656,-7.5,-1,0,0
1.0601178781925344,9.333333333333329,-9,0,1
1.0180790960451978,-7.666666666666671,4,0,1
0.7681003584229391,-13.499999999999993,-1,0,0
1.0120622568093385,6.0,-2,0,0
0.9536527886881383,-22.500000000000007,2,0,1
1.2980926430517712,1.0,-3,0,1
1.0279667422524565,16.5,-4,0,0
1.1648089171974523,0.0,-5,0,0
1.0701947813303931,7.833333333333329,-5,0,0
1.293733681462141,12.0,4,0,0
1.0213121604680317,15.666666666666664,8,0,0
0.9723127035830619,0.0,8,0,1
1.1683736173699304,25.833333333333336,6,0,1
1.0823575331772053,-9.166666666666671,5,0,0
1.1933520599250935,23.83333333333333,1,0,1
1.1457840819542948,-8.833333333333343,-3,0,1
0.8452898550724638,-25.0,3,0,0
1.2548849326964828,-4.333333333333329,7,0,1
1.1970377019748653,40.5,-8,0,1
0.7641434262948207,-1.3333333333333357,-7,0,0
0.8263862332695985,-20.333333333333336,0,0,0
0.9716484406642365,-3.5,-6,0,1
0.8810035842293907,-31.000000000000007,-5,0,0
0.8495344506517691,10.833333333333336,5,0,0
0.8368243243243243,-18.666666666666664,-1,0,0
1.2167868177136971,2.6666666666666643,1,0,0
1.1166538756715272,19.33333333333333,-2,0,1
0.8713804713804714,-23.33333333333333,0,0,0
0.9438247011952191,-0.3333333333333286,0,0,1
1.527791441219872,34.33333333333333,1,0,1
0.8847972972972973,-27.0,1,0,0
0.7823240589198036,-10.833333333333336,-5,0,1
0.8839024390243903,3.5,7,0,0
1.0838709677419356,9.333333333333329,6,0,1
0.8587064676616916,-2.166666666666657,-2,0,1
0.7780756627941614,-46.66666666666667,-6,0,0
0.7821917808219178,-19.833333333333343,2,0,1
0.75139146567718,-16.499999999999993,-4,0,0
0.9363514119229045,5.833333333333336,-3,0,0
0.9521492295214923,-8.166666666666657,-3,0,1
1.1812045690550363,32.33333333333333,10,0,0
1.1103351955307263,-19.5,-8,0,0
1.096514745308311,-14.833333333333329,4,0,1
1.0633855331841908,-0.8333333333333286,3,0,1
1.0651252408477843,-3.6666666666666714,-7,0,0
1.0225882352941176,15.666666666666664,7,0,0
1.036708350141186,-7.166666666666671,1,0,1
1.2029520295202951,8.166666666666671,0,0,1
1.037307380373074,-13.166666666666664,2,0,0
1.068260701889703,-4.666666666666664,0,0,1
1.213215859030837,1.5,-6,0,1
0.920951976200595,6.833333333333329,-3,0,0
1.1143942591810891,-5.833333333333329,6,0,1
1.1221804511278195,-15.0,0,0,0
1.0098159509202453,10.5,5,0,1
1.4285714285714286,33.49999999999999,-1,0,1
1.3910640257945648,10.333333333333329,-5,0,0
0.8446886446886447,-1.1666666666666714,3,0,1
0.9143822756289899,9.666666666666671,6,0,0
1.0264150943396226,21.66666666666667,-1,0,1
1.09375,-1.3333333333333286,-9,0,0
1.0391429748660899,-14.166666666666671,3,0,1
0.5669374779229954,-19.833333333333336,-4,0,0
0.8202376389421234,-25.166666666666664,0,0,1
0.9895798319327731,-11.833333333333329,5,0,1
0.8623613829093281,-4.166666666666657,3,0,1
1.0110056925996205,6.166666666666657,7,0,1
1.2607888631090487,26.166666666666664,1,0,1
0.9260168302945302,-18.33333333333333,0,0,0
0.5877358490566038,-40.16666666666667,12,0,0
0.6761401189689359,-21.16666666666667,-5,0,0
1.155668975574189,37.83333333333333,3,0,1
1.0307346326836582,-5.666666666666664,3,0,0
0.9833333333333333,19.166666666666664,-3,0,0
1.0247619047619048,-1.8333333333333286,1,0,1
1.0963035019455254,12.5,-4,0,0
1.1164300202839756,-0.5,3,0,0
1.0427509293680297,13.833333333333329,0,0,0
0.990748528174937,-6.166666666666664,-6,0,0
1.020671834625323,-2.0,-6,0,1
0.9894833104709648,-17.333333333333336,-3,0,1
1.0322834645669292,4.5,0,0,0
1.073161897863093,2.333333333333343,2,0,1
0.952,4.833333333333343,7,0,0
0.8368298368298368,15.666666666666671,-2,0,1
0.9968454258675079,6.833333333333329,3,0,0
0.8983050847457628,5.666666666666671,5,0,1
1.0008061265618702,4.666666666666664,-2,0,0
1.0376383763837638,16.83333333333333,3,0,0
1.003697617091208,-11.666666666666664,-4,0,1
0.8495222929936306,-33.83333333333333,0,0,1
1.1138838475499093,32.833333333333336,2,0,1
0.9222836095764273,-7.500000000000007,-5,0,0
1.4262378764675856,35.166666666666664,3,0,1
0.9056468906361687,-4.833333333333343,3,0,0
1.1615738802846378,4.333333333333336,-8,0,0
1.4725040042712227,22.166666666666664,2,0,1
0.897613282601176,-6.833333333333336,3,0,1
0.8955223880597015,-19.166666666666664,2,0,1
1.1527317880794703,2.8333333333333286,-2,0,1
1.1167618059159314,3.1666666666666643,1,0,1
0.7209136331192005,-18.999999999999993,-2,0,1
1.030347349177331,-3.5,-3,0,0
1.0421906693711969,-0.5,3,0,0
0.904930966469428,-16.16666666666667,-3,0,1
1.0930797248077702,-8.999999999999993,0,0,0
1.294253938832252,12.5,3,0,1
1.1518264840182648,13.166666666666664,5,0,1
0.766887417218543,-4.333333333333343,10,0,1
1.2284444444444444,15.499999999999993,-3,0,1
0.83266291230893,-2.1666666666666714,5,0,0
0.9457831325301205,23.5,1,0,1
0.8580037664783428,-26.5,-2,0,1
1.2336283185840708,41.50000000000001,1,0,1
0.8967851099830795,12.0,6,0,0
0.9030188679245283,17.500000000000007,5,0,1
0.9248244527054936,-1.1666666666666714,0,0,1
1.0965885737772298,11.333333333333336,0,0,1
0.9542015133412983,-3.3333333333333286,-8,0,0
0.9475083056478405,-9.333333333333329,2,0,0
0.9196862159133358,-17.33333333333333,1,0,1
1.0399141630901287,-6.166666666666671,-4,0,0
0.8955403776617116,2.5,-1,0,0
0.9666908037653874,5.5,3,0,1
0.8798999165971643,-11.000000000000007,-4,0,1
1.015568862275449,8.000000000000007,3,0,1
1.012624584717608,16.166666666666657,-4,0,0
1.075654704170708,19.000000000000007,9,0,1
1.1594202898550725,22.0,3,0,1
1.143211100099108,-11.666666666666664,3,0,1
0.9656669297553275,-17.0,2,0,0
0.6863886194633042,-17.999999999999993,6,0,0
0.9653353428786737,40.83333333333333,0,0,1
1.3282804358124112,26.16666666666667,6,0,1
1.1047210300429184,18.5,-2,0,0
0.6875757575757576,-40.666666666666664,-2,0,0
0.8454935622317596,-2.5,1,0,0
1.1657534246575343,4.166666666666664,3,0,1
0.96845694799659,-7.333333333333329,0,0,0
0.9572649572649573,-19.0,-5,0,1
1.2312625250501001,37.66666666666667,2,0,1
0.7957219251336899,-14.166666666666671,5,0,0
0.9245830311820159,-0.8333333333333286,-4,0,1
1.1766666666666667,37.5,3,0,1
0.7684663795958927,9.333333333333343,7,0,0
1.0761316872427984,16.0,0,0,1
0.9661219609406138,23.0,3,0,1
1.1799901912702304,24.5,-2,0,1
0.8294854881266491,-9.333333333333336,2,0,1
0.8332759214605581,6.000000000000007,3,0,1
0.8809261300992283,-46.0,-4,0,0
0.9920767306088407,7.833333333333329,6,0,0
1.32464846980976,23.5,2,0,1
0.9144295302013423,-17.0,-2,0,0
0.9016949152542373,30.33333333333333,-2,0,0
1.157172557172557,25.166666666666664,-1,0,0
1.0519852640196479,-17.166666666666657,-5,0,0
1.2507851054284433,7.333333333333336,-6,0,0
0.7951846965699209,-22.5,3,0,0
1.009442060085837,-6.833333333333336,-2,0,0
0.923785891527827,-19.5,6,0,0
0.9773887673231219,-25.333333333333336,3,0,1
0.8747697974217311,-5.666666666666657,-4,0,0
0.8673288400141894,0.0,0,0,0
1.0867924528301887,2.0,6,0,1
0.9594031922276197,12.166666666666671,0,0,1
0.8294515401953418,-7.833333333333329,-6,0,0
1.0782645682688219,38.0,6,0,1
0.9068019541525743,-5.166666666666671,-5,0,0
1.1915742793791575,13.0,-6,0,0
0.9584905660377359,-35.166666666666664,5,0,0
1.3173400673400673,12.166666666666657,-2,0,1
1.047104580812446,-17.33333333333333,-5,0,1
0.9515542995559144,-24.0,-9,0,0
1.0061633281972264,17.0,1,0,0
0.9255236617532971,-11.166666666666664,2,0,1
1.188034188034188,7.5,1,0,1
0.9452054794520548,-4.666666666666657,3,0,0
1.1018826135105204,4.000000000000007,2,0,1
0.9636479591836735,-13.5,-7,0,0
1.048910411622276,-0.3333333333333286,-3,0,1
1.0925925925925926,8.166666666666671,-1,0,1
0.9965505346671266,18.5,-6,0,1
0.9958592132505176,-13.499999999999993,1,0,1
1.321223709369025,28.166666666666664,3,0,0
0.8975812547241119,-5.0,-9,0,1
1.1124528301886794,-14.666666666666671,4,0,0
0.9565217391304348,9.333333333333336,-14,0,0
0.9643109540636042,33.66666666666667,0,0,1
0.9357720119098256,-22.16666666666667,-13,0,0
0.8569903948772679,-9.500000000000007,0,0,0
1.1448054552747693,54.66666666666667,-2,0,1
1.131600324939074,-3.6666666666666643,5,0,1
0.8712309329549486,16.66666666666667,3,0,1
0.8861528621682123,-21.000000000000007,-4,0,0
1.0444444444444445,0.6666666666666714,3,0,1
0.9482886904761905,3.6666666666666714,9,0,1
1.272146118721461,-20.166666666666664,4,0,1
0.8898608349900596,1.8333333333333286,-12,0,0
0.9138059701492537,-1.0,-11,0,0
1.1429741909053666,3.8333333333333286,-2,0,0
0.8311732605729877,-20.83333333333333,1,0,0
1.1565817409766455,-1.8333333333333357,3,0,1
0.8618444846292947,-2.8333333333333357,-1,0,0
0.9944690265486725,-12.833333333333329,-3,0,1
1.0220700152207,4.5,-7,0,1
0.9957165109034268,-5.666666666666671,4,0,0
0.950920245398773,-14.166666666666664,1,0,0
1.2783216783216784,19.5,-3,0,0
0.8323903818953324,-2.8333333333333286,9,0,1
0.7125867195242814,-43.833333333333336,2,0,0
0.9379788398394746,10.666666666666664,2,0,0
0.9951528709917972,-21.000000000000007,-3,0,0
0.7153846153846154,-16.166666666666664,-3,0,0
0.905829596412556,-0.1666666666666714,2,0,0
0.9024208566108007,-8.666666666666664,0,0,0
1.0226597325408617,15.333333333333329,4,0,0
1.0559416261292565,-1.8333333333333286,-5,0,1
1.3612313612313611,15.666666666666671,1,0,1
1.1755868544600938,12.166666666666664,-5,0,0
0.8933552091878589,-5.333333333333329,1,0,1
1.0247807853602744,-1.6666666666666572,-3,0,1
0.8841911764705882,-4.333333333333329,3,0,1
0.7579260237780714,-7.5,5,0,0
0.8626297577854671,-1.1666666666666572,6,0,1
0.7917091403329936,-8.666666666666657,6,0,0
1.0209059233449478,-20.0,-7,0,0
0.9750623441396509,10.166666666666671,-3,0,0
0.7912087912087912,-2.3333333333333286,3,0,0
1.1197535618020793,21.0,3,0,1
1.0861283643892339,7.833333333333336,2,0,1
1.1625043967639817,10.333333333333329,0,0,1
0.9318600368324125,-19.166666666666664,3,0,0
0.9449438202247191,-11.666666666666671,4,0,1
0.9510576524263791,6.5,6,0,0
0.8281081081081081,2.8333333333333357,2,0,0
1.1552619159981123,4.666666666666671,0,0,1
0.933965844402277,-2.3333333333333357,11,0,1
1.1017488076311606,-24.5,-5,0,0
0.9650478292862399,16.666666666666664,6,0,0
1.04106463878327,24.666666666666664,0,0,1
1.0841944125526215,-14.333333333333329,1,0,0
1.0664523043944265,-5.166666666666657,2,0,1
1.1506746626686657,37.16666666666666,-3,0,1
0.8180410375532327,-26.16666666666667,-3,0,0
1.307105580088318,12.5,-1,0,1
1.0143278550358197,-6.833333333333329,3,0,1
0.917470525187567,-6.833333333333336,0,0,0
0.8723008190618019,-42.166666666666664,-1,0,0
1.009470512268618,-6.166666666666664,-1,0,1
0.9445628997867804,25.499999999999993,-2,0,1
1.150959488272921,5.666666666666664,-3,0,1
0.9209659714599341,-4.833333333333336,3,0,1
1.128632682229633,-6.000000000000007,-3,0,1
1.0743731406714832,13.833333333333336,5,0,1
0.7463497453310696,15.0,-2,0,0
0.8582346197936569,-26.000000000000007,0,0,0
1.2085769980506822,1.5,-2,0,1
1.1354501607717042,2.666666666666657,-2,0,1
1.0498993963782697,-4.333333333333336,-3,0,0
1.0655867246147768,-10.666666666666664,2,0,1
0.9511482254697285,-8.666666666666671,2,0,0
1.0560832202623247,-13.666666666666664,2,0,1
0.8364079359554473,1.1666666666666714,-1,0,0
0.8913125235050771,5.166666666666657,-6,0,1
1.1410569105691057,15.0,-1,0,1
1.1479289940828403,-13.333333333333336,3,0,1
1.2106194690265486,23.33333333333333,-4,0,1
1.280943025540275,26.666666666666657,5,0,0
0.9205440229062276,8.000000000000007,-2,0,0
1.0318344608038201,-16.83333333333333,-1,0,1
0.9047450424929179,-7.166666666666657,-5,0,0
0.8599115946956818,-15.333333333333329,-5,0,1
0.96045197740113,-18.16666666666667,1,0,0
0.8043400924937745,-7.833333333333329,-3,0,1
1.1744075829383887,32.666666666666664,1,0,1
0.8818474758324383,21.16666666666667,7,0,1
0.7561904761904762,-20.833333333333336,-4,0,0
1.111028592647605,13.166666666666671,-3,0,0
1.1799466260007625,13.333333333333343,-4,0,1
1.5968797181680927,37.66666666666667,-2,0,1
0.9645515774548032,0.0,3,0,1
0.9725920125293657,8.833333333333336,7,0,0
1.0187027457222444,20.66666666666667,0,0,0
0.8917782026768643,-13.166666666666671,2,0,0
1.2081881533101044,32.00000000000001,1,0,1
0.9503287070854638,8.999999999999993,-5,0,1
1.3731404958677687,-4.166666666666657,4,0,1
0.863697705802969,-12.000000000000007,3,0,1
1.0316852367688023,22.66666666666667,-1,0,1
1.111392405063291,12.0,3,0,0
0.900305576776165,-30.166666666666664,7,0,0
1.2429426860564585,5.833333333333343,-1,0,1
0.7952178943308909,0.5,0,0,0
0.9914807302231238,21.166666666666664,2,0,1
1.3063973063973064,10.666666666666664,3,0,1
1.162440911044263,1.5,-3,0,1
1.0385852090032155,10.333333333333329,-3,0,0
0.9658333333333333,-8.333333333333336,2,0,0
0.9945945945945946,14.666666666666671,2,0,0
1.2692660550458716,9.0,4,0,1
0.9162195625257945,8.333333333333329,-2,0,1
0.6779716825814949,-4.333333333333329,2,0,1
1.0825410544511669,13.5,-4,0,1
1.1059230436662344,-4.833333333333329,-3,0,1
0.8998895841001104,-1.0,0,0,0
1.5040189125295509,57.0,3,0,1
1.144488188976378,21.66666666666667,0,0,1
1.1738578680203047,-2.0,4,0,0
0.9414462081128748,-10.000000000000007,4,0,0
1.2736339982653946,11.166666666666671,0,0,1
1.038637307852098,-20.0,-3,0,1
0.9728952772073922,-18.16666666666667,3,0,0
0.9098847362906043,-11.166666666666664,-3,0,0
0.8498168498168498,-24.0,6,0,0
1.0681219420398946,14.666666666666664,-2,0,0
1.0972951150585386,13.333333333333329,6,0,1
1.0672131147540984,1.0,-2,0,1
0.9143742735373886,-10.0,-4,0,0
0.881508078994614,0.8333333333333286,-1,0,0
0.8832142857142857,-28.000000000000007,-9,0,0
1.0864197530864197,-14.166666666666664,0,0,1
0.8753552578156719,-2.5,-4,0,0
0.7993019197207679,-9.333333333333329,7,0,1
0.8797121315969842,-5.5,-2,0,0
0.9268547544409613,2.0,0,0,1
1.103305785123967,19.333333333333336,7,0,1
1.4641638225255973,8.333333333333329,2,0,0
0.8679371447676363,-23.66666666666667,1,0,1
0.8994800693240901,-28.666666666666664,7,0,0
0.8421253822629969,-12.333333333333343,4,0,1
0.8846834099752388,-5.166666666666671,9,0,1
1.0606319385140905,6.5,-1,0,0
1.0029838022165387,6.166666666666671,-4,0,0
1.3295652173913044,30.333333333333336,-5,0,1
1.0535858178887993,21.0,2,0,1
1.0349978659837815,3.999999999999993,-6,0,1
1.011439466158246,12.166666666666664,9,0,1
1.0984848484848484,-7.0,-1,0,1
0.9489392304926285,8.5,-1,0,1
0.8775137111517367,-6.833333333333329,-4,0,0
1.051768137076194,-16.0,-1,0,1
0.8946360153256705,3.5,5,0,0
1.2456221198156683,-30.166666666666664,-5,0,0
1.397778899545684,32.666666666666664,-6,0,1
0.7479514913143231,-27.83333333333333,-4,0,0
0.9188804554079696,-19.166666666666664,-7,0,0
0.9260249554367201,1.8333333333333357,4,0,0
1.0711077844311376,19.83333333333333,5,0,1
1.1230509903076276,15.166666666666657,0,0,0
1.3563424473330346,9.666666666666664,4,0,1
1.0753896339253353,-10.999999999999993,-1,0,0
1.1107424305267524,0.3333333333333286,0,0,0
0.9949725776965265,-14.666666666666664,-4,0,0
0.8811475409836066,16.83333333333333,1,0,1
1.2565217391304349,18.66666666666667,-2,0,1
1.0627583615182263,0.6666666666666714,5,0,0
0.9158249158249159,10.999999999999993,0,0,1
0.900431344356578,1.0,7,0,0
1.0256924929747089,-1.6666666666666714,2,0,0
1.0376823338735819,7.166666666666657,3,0,0
0.942060872753942,3.6666666666666714,-1,0,1
0.851213782302271,-10.666666666666664,1,0,0
0.9789702683103698,1.3333333333333286,-1,0,1
1.1313088109495295,12.333333333333329,3,0,0
0.864,4.833333333333329,-1,0,0
0.8563084112149533,-1.1666666666666643,-6,0,0
0.8158607350096712,1.8333333333333286,2,0,1
1.0783857198292588,3.333333333333343,3,0,0
1.093484419263456,-1.5,1,0,1
1.0723221266614542,17.0,3,0,0
0.8832144198272625,-14.333333333333336,-2,0,1
1.0379266750948166,0.8333333333333357,-3,0,1
1.0109664153529816,-11.833333333333329,4,0,0
1.2383233532934133,36.83333333333333,-2,0,1
0.775524981897176,-36.166666666666664,-3,0,1
1.1125799573560768,11.833333333333329,-3,0,1
0.9585921325051759,3.6666666666666714,9,0,0
0.8663793103448276,-15.166666666666657,2,0,1
1.0520446096654275,8.000000000000007,-2,0,0
1.2040557667934093,-2.0,2,0,1
1.4237837837837837,31.83333333333333,-2,0,1
1.2224191404519273,16.000000000000007,3,0,1
1.0862134447398404,9.0,2,0,1
1.0381625441696114,6.5,0,0,0
0.822265625,-15.5,0,0,0
0.78125,1.3333333333333286,-2,0,1
1.0061795710650672,14.0,0,0,0
1.0808646917534028,9.666666666666664,4,0,0
0.777891156462585,-20.000000000000007,-8,0,1
0.95929203539823,2.6666666666666643,5,0,0
0.9113535629048756,-0.6666666666666714,1,0,0
1.0037962670041127,-2.5,-5,0,1
0.9452282157676348,-29.83333333333333,1,0,1
0.7745019920318725,-14.666666666666664,-3,0,0
1.347915806851011,18.83333333333333,1,0,1
1.2155782848151062,9.5,-1,0,1
1.1377319587628867,24.16666666666667,7,0,1
1.062135922330097,-8.5,7,0,1
0.9846345514950167,3.0,3,0,0
0.9840788476118272,-1.1666666666666714,1,0,0
0.8278622898318655,-8.666666666666664,3,0,1
1.0321361058601135,48.83333333333333,4,0,0
1.303619665045921,24.333333333333336,0,0,0
0.8492553577915002,-17.5,-1,0,0
0.7993197278911565,-4.333333333333336,4,0,0
0.9450808625336927,-35.333333333333336,-2,0,1
0.8306480486931614,-13.666666666666671,3,0,0
0.9380817482800485,18.166666666666664,-7,0,0
0.9011420413990007,5.166666666666671,0,0,1
1.3452661328308997,7.5,0,0,1
1.3193812556869882,27.666666666666664,-8,0,1
1.1244121419410005,18.833333333333336,-6,0,0
0.8501501501501502,-18.166666666666664,7,0,1
0.9817351598173516,5.0,0,0,0
0.7100360576923077,-34.666666666666664,0,0,1
0.8980441115272576,-3.3333333333333357,2,0,1
1.2940340909090908,4.666666666666671,-3,0,1
0.9029878273699742,-18.666666666666664,1,0,0
1.0012594458438286,1.8333333333333428,-1,0,1
0.8431100312391531,-21.500000000000007,2,0,0
0.9315315315315316,4.0,3,0,1
1.0161169415292355,8.833333333333336,4,0,0
0.9813419447434517,-2.0,2,0,0
0.7457203994293866,9.166666666666671,1,0,0
0.8430913348946136,-17.833333333333336,-8,0,0
1.2612372051624388,-6.666666666666664,3,0,1
0.8474810213940649,-15.666666666666671,-8,0,0
1.0659801678108314,-10.666666666666657,0,0,0
1.1269689737470168,9.333333333333336,-2,0,0
1.3385909568874867,14.166666666666671,0,0,0
0.8861896838602329,10.5,-6,0,0
1.1189979123173277,5.833333333333329,-1,0,1
1.0515463917525774,32.666666666666664,-4,0,1
1.2433862433862435,28.999999999999996,-4,0,0
1.0095623390952555,9.0,5,0,0
0.8115671641791045,-31.33333333333333,-5,0,0
0.9395109395109396,-11.833333333333329,-2,0,0
0.81809177946517,-30.16666666666667,-6,0,0
1.1830340084065725,16.83333333333333,1,0,1
1.0031531531531532,1.6666666666666714,1,0,1
1.0216883550216884,-16.16666666666667,-1,0,0
0.7571964956195244,-26.66666666666667,-1,0,1
0.7869309383710127,-7.166666666666671,-8,0,1
0.7641221374045801,-21.83333333333333,3,0,0
1.0237547892720307,36.5,0,0,1
0.9209109730848861,13.666666666666664,1,0,0
0.9879275653923542,-16.499999999999993,-1,0,0
1.0214888718342288,-10.166666666666657,1,0,1
0.8078125,-11.166666666666664,-6,0,0
1.4628297362110312,28.5,-4,0,1
1.0508695652173914,0.3333333333333286,-2,0,1
0.9312416555407209,-26.0,9,0,0
1.1103334705640182,-7.166666666666671,-1,0,1
1.2670299727520435,55.16666666666667,0,0,1
1.036311709506324,1.3333333333333428,0,0,1
1.1097027972027973,16.500000000000007,7,0,1
0.9594989561586639,18.0,5,0,0
0.8709454796411318,-10.166666666666664,6,0,1
1.0299625468164795,19.500000000000007,-14,0,1
1.0051100628930818,13.833333333333336,3,0,0
0.9094812164579607,-19.5,-3,0,0
1.1401197604790418,24.999999999999993,-9,0,1
0.7898773006134969,-19.66666666666667,4,0,0
1.3289473684210527,33.666666666666664,3,0,1
1.2028388278388278,35.333333333333336,-4,0,1
1.0754017305315204,18.66666666666667,-2,0,1
1.1275964391691395,10.833333333333329,-2,0,1
0.8311688311688312,1.5,2,0,0
1.0375325157933855,24.33333333333333,-1,0,0
1.2420587052673904,0.6666666666666643,-1,0,1
0.8006908462867012,-4.0,-4,0,0
0.7806050325134295,-30.833333333333343,0,0,0
0.7832786885245901,-21.666666666666657,1,0,0
0.7707401032702238,-16.16666666666667,5,0,0
1.05981703026038,-13.833333333333329,-1,0,1
0.8539603960396039,17.66666666666667,-1,0,0
1.094927873429502,-14.666666666666664,-2,0,0
0.8450079239302695,-32.66666666666667,0,0,0
1.0917818740399385,-5.166666666666671,-1,0,0
0.9177239523260284,3.3333333333333357,-5,0,1
1.1412053258584443,-12.333333333333329,-7,0,1
0.986671469740634,-16.999999999999993,-1,0,1
0.8105042016806723,-2.5,3,0,1
0.8613826815642458,-10.666666666666671,-2,0,0
0.8506883162725026,-25.166666666666664,-5,0,0
0.6839137645107795,-44.00000000000001,-3,0,0
1.105446623093682,12.500000000000007,-3,0,1
1.005740057400574,-2.1666666666666643,-4,0,0
1.2242299794661191,11.833333333333329,4,0,0
1.0741350906095553,8.5,2,0,1
1.28698224852071,-17.166666666666664,3,0,1
0.805793991416309,-24.0,-7,0,0
0.9679029957203994,-11.166666666666657,-4,0,1
0.9378600823045268,17.0,2,0,1
1.0692152917505031,0.1666666666666643,-2,0,1
0.8503058654192155,-23.000000000000007,2,0,1
1.0245871559633029,16.666666666666664,7,0,1
0.9604436229205175,2.3333333333333286,-6,0,0
0.9123595505617977,-33.166666666666664,0,0,0
0.8613659531090724,-1.1666666666666714,5,0,1
1.135168961201502,18.33333333333333,-3,0,1
0.9853383458646616,-21.000000000000007,-3,0,0
0.8693986978169284,3.0,-4,0,0
0.9627089584226318,0.5,7,0,1
1.0777450257921886,5.666666666666671,3,0,0
0.784953395472703,-4.833333333333329,3,0,0
0.8667876588021779,-28.166666666666664,0,0,0
0.9707581227436823,4.333333333333343,1,0,1
1.1476190476190475,24.16666666666667,6,0,1
1.0314748201438848,-4.333333333333336,4,0,1
0.9079659706109822,-15.666666666666664,-6,0,0
1.2727272727272727,-1.6666666666666714,2,0,0
1.0734484024972457,2.5,-10,0,1
1.1282051282051282,-6.666666666666664,-2,0,1
1.2078774617067833,-3.666666666666657,-5,0,1
1.0206185567010309,-13.5,-3,0,0
1.0633466135458167,-0.1666666666666572,-2,0,0
1.0039385584875935,-12.166666666666664,-2,0,1
1.0073555166374781,18.16666666666667,4,0,1
0.9857853589196873,-3.0,3,0,0
0.8439716312056738,-3.8333333333333286,7,0,0
1.0961844197138315,3.0,2,0,1
1.1030279197797876,7.999999999999993,-2,0,1
1.1329958582604693,-9.333333333333329,0,0,1
0.9855938158819396,-0.8333333333333286,-9,0,0
0.8467741935483871,-5.5,0,0,0
0.8977358490566038,-8.833333333333336,3,0,1
0.855808285946385,-4.666666666666671,0,0,0
0.8667152221412965,-13.0,0,0,1
0.8077197998570408,-36.16666666666667,5,0,0
0.824390243902439,-19.166666666666664,2,0,1
0.9677536231884057,-40.833333333333336,-10,0,1
0.9760609357997824,-15.5,2,0,0
0.9285195936139332,-8.5,-2,0,0
1.0405405405405406,5.666666666666664,-3,0,0
1.162290142057684,16.66666666666667,3,0,1
1.0717761557177616,-16.333333333333336,-4,0,0
1.4590952839268527,53.99999999999999,-1,0,1
0.899932157394844,1.0,0,0,1
0.8827238335435057,-3.8333333333333357,4,0,1
1.0553606237816764,2.0,8,0,1
0.8896825396825396,-1.5,3,0,0
0.7939019683519877,-22.83333333333333,1,0,1
1.3196125907990315,0.5,-2,0,1
1.1071553228621291,-4.166666666666671,5,0,1
0.9681170292573144,1.1666666666666643,6,0,1
1.21307727480567,27.33333333333333,-2,0,0
1.2757534862798021,23.666666666666664,-5,0,1
1.13399209486166,-1.5,4,0,1
0.8445580276608539,-27.66666666666667,-6,0,0
1.074564723694171,8.666666666666664,5,0,1
0.8338078291814947,14.5,-2,0,0
1.159034433794817,28.83333333333333,2,0,1
0.829954954954955,-29.499999999999993,-1,0,1
1.141779189833201,0.6666666666666714,3,0,1
1.2306122448979593,20.83333333333333,-5,0,0
0.7915142648134601,-14.833333333333329,-3,0,0
0.8348942074228235,-12.500000000000007,3,0,0
0.9341825902335457,-9.5,-3,0,0
1.1206193969030154,12.5,2,0,0
0.9230769230769231,24.66666666666667,8,0,1
1.0329985652797704,29.0,2,0,1
0.9723337795626952,2.0,-1,0,1
0.8610026041666666,-9.999999999999993,1,0,0
1.1344043887147335,2.666666666666657,1,0,0
0.8140364789849326,-12.5,-2,0,0
0.6864881693648817,-22.333333333333336,-2,0,0
0.7693554925010134,-34.00000000000001,3,0,0
0.7878787878787878,-29.333333333333336,1,0,0
1.1903083700440529,-0.3333333333333286,-1,0,1
0.8856088560885609,4.0,1,0,0
1.3718510405257394,18.666666666666664,-1,0,1
0.8335755813953488,6.999999999999993,-2,0,0
1.073306182895224,-12.833333333333336,7,0,1
0.8064635958395245,-25.66666666666667,3,0,1
0.871447455386649,0.8333333333333428,0,0,0
0.9971830985915493,-21.83333333333333,1,0,0
0.7300454250486696,-18.83333333333333,1,0,0
0.9896661367249603,-8.333333333333336,-4,0,1
0.8529850746268657,-29.500000000000007,1,0,0
0.8361027190332326,-22.666666666666664,4,0,1
1.0714002380007934,23.833333333333343,-4,0,0
1.026448362720403,1.6666666666666714,6,0,1
1.1628691983122363,5.666666666666671,4,0,1
0.670096463022508,-8.166666666666657,-2,0,1
0.8904259191845649,-13.5,-2,0,0
1.1753246753246753,26.000000000000007,3,0,1
1.0974137931034482,10.833333333333336,4,0,1
0.8792387543252596,4.0,2,0,1
1.113112693757855,-7.666666666666657,-1,0,1
0.865045806906272,1.5,2,0,1
1.0277662660588478,19.833333333333336,-2,0,0
0.8661596958174905,8.500000000000007,-3,0,1
1.1470253884046988,33.333333333333336,-1,0,1
1.292188174363401,25.999999999999993,1,0,1
0.9233016800584368,7.333333333333329,0,0,0
1.34433347807208,7.333333333333336,2,0,1
1.076797385620915,1.3333333333333286,6,0,1
0.8983050847457628,-9.0,6,0,0
1.0063432835820896,0.0,1,0,0
1.2187139006546015,5.5,8,0,1
0.7777777777777778,-22.166666666666664,3,0,0
1.0354330708661417,15.833333333333329,-3,0,0
0.8083599008147361,-5.333333333333329,-3,0,0
1.0383631713554988,29.666666666666664,-2,0,1
0.9393428812131424,8.666666666666664,-1,0,0
0.9646544876886418,-5.833333333333336,8,0,1
1.0377358490566038,-7.666666666666671,-1,0,0
1.16328125,-2.8333333333333357,-4,0,1
1.0604651162790697,4.333333333333336,-1,0,0
0.9382848941514172,-5.333333333333336,-1,0,1
0.7725381414701803,-32.333333333333336,0,0,0
1.0643510054844607,21.5,-2,0,0
0.9501845018450185,-8.666666666666657,4,0,0
1.1835905767668562,-7.166666666666657,5,0,0
0.7567134268537075,-12.833333333333336,-2,0,0
1.214845550945136,24.66666666666667,2,0,1
0.9567901234567902,8.166666666666671,-6,0,1
0.8022162525184687,-11.666666666666657,7,0,0
0.9168036829990135,1.1666666666666714,5,0,0
0.9386341141537446,-15.5,1,0,0
1.6305443548387097,3.0,-11,0,1
0.8759744861800142,-5.166666666666664,-11,0,0
1.1605284227381905,9.166666666666671,3,0,1
0.9535256410256411,-20.83333333333333,-8,0,0
0.9645579268292683,-4.0,0,0,0
1.37699203187251,16.666666666666664,-1,0,1
1.0198675496688743,15.999999999999993,-4,0,0
0.9862865391555395,4.166666666666671,-2,0,1
1.2271398747390396,6.833333333333329,-4,0,1
1.0260127931769722,1.5,0,0,0
0.852754590984975,-21.166666666666664,2,0,0
0.6607017543859649,-26.166666666666664,1,0,0
1.0029314767314035,10.833333333333329,-5,0,1
0.9831499312242091,-11.666666666666664,2,0,0
0.8947019867549669,-0.3333333333333286,-2,0,0
1.324157570004746,25.83333333333333,-4,0,1
0.9554263565891473,-15.000000000000007,3,0,1
1.0719803370786516,8.5,1,0,0
0.946343256155825,7.333333333333336,-1,0,0
1.1063829787234043,6.333333333333329,-3,0,0
0.9361702127659575,-17.5,-5,0,0
0.8522058823529411,-29.333333333333336,-5,0,0
1.1668691778047793,0.3333333333333428,-7,0,1
1.0959880014998125,-28.333333333333336,-4,0,0
0.8562185478073329,-13.833333333333329,3,0,0
1.0263157894736843,-32.666666666666664,2,0,0
0.6680977542932629,-13.500000000000007,-3,0,0
1.0830957230142566,24.666666666666664,0,0,1
0.6518079800498753,-32.83333333333333,-3,0,0
0.8244897959183674,-27.666666666666664,0,0,0
0.9078341013824884,-18.83333333333333,-4,0,1
0.9045830202854996,12.999999999999993,1,0,0
1.0278113663845223,-13.166666666666657,5,0,1
0.841439304072756,-9.833333333333329,0,0,0
1.0381147540983606,12.166666666666664,7,0,1
1.045897644191714,-17.499999999999993,3,0,0
0.9727102803738318,6.333333333333336,0,0,1
0.921980495123781,4.666666666666664,2,0,0
1.1426032874278098,11.000000000000007,7,0,0
0.9247311827956989,-7.000000000000007,-4,0,1
1.322072072072072,1.8333333333333357,0,0,1
0.9742228961334344,-21.33333333333333,3,0,1
1.2075306479859895,0.5,2,0,0
1.013853904282116,36.666666666666664,-3,0,1
1.0722243565117173,29.0,-1,0,0
1.112954186413902,16.16666666666667,2,0,0
0.8264462809917356,1.1666666666666714,-4,0,0
1.0147630147630147,-10.999999999999993,3,0,1
1.0696227148969273,-3.5,-3,0,1
1.1792799412196915,-1.8333333333333428,1,0,1
1.2530425963488845,16.833333333333336,6,0,1
0.9824561403508771,0.8333333333333428,-4,0,1
0.7463469464218808,-13.666666666666664,-1,0,0
1.1465329262974269,-4.0,6,0,1
1.1614100185528757,10.5,-3,0,1
1.0859180035650624,-15.0,2,0,1
0.9140239605355884,0.3333333333333428,-5,0,1
0.8618042226487524,-17.500000000000007,-3,0,0
0.8817097415506958,-2.6666666666666714,-5,0,1
1.396098003629764,18.333333333333336,-6,0,0
0.9393008067614291,-9.833333333333329,1,0,0
0.7385435168738899,-20.83333333333333,-5,0,0
1.3207171314741035,42.5,-4,0,1
1.0693798449612404,-2.0,-2,0,0
1.1437751004016063,4.166666666666664,1,0,1
0.938061938061938,-5.333333333333329,-1,0,1
0.8632326820603907,-9.500000000000007,-1,0,1
0.9808868501529052,13.5,-2,0,0
1.0669642857142858,-7.833333333333336,8,0,1
1.1269058295964125,-7.666666666666664,5,0,1
0.9047619047619048,7.833333333333336,-9,0,0
1.101863354037267,-2.333333333333343,-1,0,0
1.1040416166466587,-7.833333333333343,-3,0,0
1.116734693877551,5.0,2,0,1
1.1300350262697023,-2.3333333333333357,0,0,1
0.7684391080617495,8.000000000000007,-2,0,0
0.9540448157994683,-2.1666666666666714,5,0,1
1.1791954490044698,1.0,4,0,0
0.9188102893890675,3.8333333333333286,3,0,1
1.2136121361213612,36.833333333333336,5,0,1
1.0261544748671843,6.833333333333336,4,0,0
0.778175313059034,0.5,2,0,1
1.298335467349552,12.666666666666664,-3,0,1
0.990576295759333,0.0,1,0,1
0.7664106145251397,-16.333333333333336,-1,0,0
1.1814499797488862,33.5,4,0,1
1.079449961802903,-17.66666666666667,6,0,0
0.9194164640500173,14.166666666666671,-2,0,0
1.0622935346861728,-4.833333333333336,-2,0,1
0.8818334735071489,-19.0,0,0,0
0.9560848529959062,14.5,2,0,0
1.1041816870944485,21.666666666666664,-3,0,1
1.1417525773195876,-10.166666666666664,-2,0,1
0.9991051454138703,-12.333333333333336,-2,0,0
1.0987300286767718,-1.6666666666666714,5,0,1
1.2711234911792015,24.833333333333336,2,0,1
1.210738255033557,22.666666666666664,3,0,0
1.0083969465648854,-8.166666666666671,2,0,0
1.1132947976878613,1.3333333333333286,1,0,0
0.891965678627145,-5.999999999999993,5,0,1
0.960127591706539,0.1666666666666643,5,0,1
0.8959478021978022,17.166666666666664,0,0,0
0.8779585798816568,-2.5,4,0,0
1.0799561883899234,7.666666666666657,3,0,0
1.2517193947730398,38.0,-3,0,0
1.263754724905502,28.000000000000007,2,0,0
1.1621983914209115,12.666666666666671,3,0,1
0.7315753887762001,-26.333333333333336,-5,0,0
1.2809545249887437,21.333333333333336,-1,0,1
0.9108061749571184,13.166666666666671,2,0,1
1.026327336551119,24.16666666666667,-3,0,0
1.1249484536082475,-11.833333333333329,0,0,1
0.9481534090909091,-22.5,1,0,0
0.8737285163100666,-16.33333333333333,1,0,1
1.049906191369606,-3.6666666666666643,-6,0,1
1.0229308491580078,-21.500000000000007,2,0,1
1.1790904828879512,2.8333333333333286,3,0,0
0.8345762711864407,-8.5,1,0,0
0.8066498012287676,-15.666666666666664,-6,0,0
0.8917222440172616,-4.833333333333336,-2,0,1
0.982532751091703,-4.333333333333329,-1,0,0
0.9961977186311787,4.833333333333343,-1,0,0
1.3247524752475248,15.499999999999993,-8,0,0
0.8025613660618997,-18.16666666666667,-1,0,1
0.81953125,-7.000000000000007,0,0,0
1.1143576826196473,2.5,-4,0,1
1.0885623510722795,2.166666666666657,-3,0,1
1.0427553444180522,-1.8333333333333286,-2,0,0
1.0265297389816004,10.666666666666671,-7,0,0
1.0215550423402617,9.666666666666671,4,0,1
0.9025875190258752,15.833333333333329,-1,0,1
1.0029695619896066,15.666666666666671,1,0,0
1.1507936507936507,0.5,4,0,1
1.1749469214437367,2.666666666666657,0,0,1
1.1276955602536998,-3.833333333333343,-1,0,1
1.0388590326581233,4.000000000000007,1,0,0
0.9881756756756757,-3.0,-1,0,1
0.7764298093587522,-24.33333333333333,-1,0,0
0.926510067114094,-0.3333333333333286,1,0,0
1.0626984126984127,-4.333333333333329,3,0,1
0.8785292186474064,-49.83333333333333,0,0,0
1.0519742143432715,2.8333333333333357,-8,0,0
0.7761499148211244,0.1666666666666643,7,0,0
0.8973451327433628,-13.833333333333336,3,0,0
1.1630276564774382,14.0,0,0,1
0.8347245409015025,-20.16666666666667,2,0,0
0.9029492455418381,-25.0,0,0,1
1.2822222222222222,-0.8333333333333286,5,0,1
1.2251685393258427,-16.500000000000007,1,0,1
1.2465397923875432,21.833333333333336,-5,0,1
1.0132425274309498,18.33333333333333,-2,0,0
0.7521951219512195,-41.166666666666664,3,0,0
0.9026717557251909,-8.0,-4,0,0
0.9905845429580228,13.5,-4,0,0
1.0261359067149176,-5.999999999999993,3,0,1
0.8025355359200922,-18.666666666666664,-1,0,1
0.9563841013014421,11.5,-6,0,1
1.0959441779328392,18.33333333333333,9,0,1
0.8627787307032591,-5.166666666666671,5,0,0
0.923653715064758,-6.333333333333329,-4,0,1
0.9696092619392185,0.3333333333333286,0,0,0
1.0372960372960374,-3.8333333333333286,-5,0,0
1.1291629162916292,-6.833333333333329,-3,0,1
1.0071016422547714,16.833333333333336,7,0,0
0.8810792804796802,-15.166666666666671,0,0,0
1.1977715877437325,10.0,7,0,1
0.9880112834978844,-11.666666666666671,-2,0,1
1.099239864864865,-0.3333333333333286,-1,0,1
0.9511868940153795,18.66666666666667,-4,0,1
0.9019082691663877,-12.0,-3,0,0
1.1063457330415756,23.499999999999993,-4,0,0
0.9655797101449275,3.3333333333333286,-1,0,1
0.9837301587301587,14.333333333333336,1,0,1
0.8664959765910754,-2.6666666666666714,-5,0,0
0.8671209540034072,-4.166666666666671,12,0,0
0.9534436321662177,3.6666666666666643,-5,0,1
0.9191229331416247,-14.166666666666657,-11,0,0
0.94750656167979,1.0,-6,0,0
1.2100248550124275,19.666666666666664,1,0,1
1.174074074074074,16.833333333333336,-1,0,1
1.1338912133891212,9.666666666666664,-3,0,1
1.3956148713060057,44.49999999999999,1,0,1
1.0671672924488944,7.5,-2,0,0
0.9776853252647504,-0.3333333333333428,3,0,0
0.7983050847457627,-10.666666666666671,6,0,0
0.9995709995709996,6.333333333333329,4,0,0
1.0550883095037846,19.166666666666664,5,0,1
1.1741884402216944,21.5,4,0,0
1.163890991672975,7.0,-1,0,0
0.9479326186830015,-4.333333333333336,6,0,1
1.0189661584232057,6.5,4,0,1
0.9663299663299664,5.0,11,0,0
1.0709298052186695,17.5,-1,0,1
1.0357815442561205,32.33333333333333,9,0,1
0.8719851576994434,-2.5,-9,0,0
0.8716654650324441,4.666666666666664,3,0,1
1.1732991014120668,17.333333333333336,-3,0,1
0.9438282647584973,8.166666666666657,11,0,0
1.6040663456393793,7.833333333333336,1,0,1
0.962756052141527,-21.000000000000007,5,0,0
1.1034013605442177,6.333333333333336,7,0,1
0.9236842105263158,8.833333333333336,-3,0,0
1.0678239806217198,25.833333333333336,3,0,0
1.0238636363636364,-22.833333333333336,-1,0,0
1.0101694915254238,-15.666666666666657,-10,0,1
1.1545871559633027,36.333333333333336,-1,0,1
0.9830188679245283,13.666666666666671,0,0,1
0.9016973125884017,1.1666666666666643,0,0,1
1.0816012317167052,6.166666666666664,1,0,1
0.8838504375497216,-8.999999999999993,5,0,0
1.1024844720496894,0.0,3,0,0
0.8241435562805873,-11.833333333333329,1,0,0
0.7867857142857143,-22.33333333333333,5,0,1
0.9642090193271295,0.5,7,0,0
1.0404427415921669,24.83333333333333,-2,0,0
1.0731608730800324,-21.166666666666664,-2,0,1
0.8190184049079755,8.166666666666664,4,0,0
1.1520241171403962,10.666666666666671,3,0,1
1.079437318990484,4.0,-2,0,1
1.0393140945211208,-7.833333333333329,-1,0,1
0.9004387445156935,-19.666666666666657,1,0,1
1.1049462365591398,-1.1666666666666572,1,0,1
0.8991331757289204,-0.3333333333333357,-3,0,0
0.9335907335907336,-6.166666666666664,-2,0,0
0.8883572567783095,-11.5,0,0,0
1.21868978805395,-1.6666666666666643,3,0,1
1.0672870436649964,10.999999999999993,2,0,0
0.9131274131274131,-9.0,-8,0,0
1.0667946257197696,9.333333333333336,0,0,0
1.62891046386192,29.499999999999993,-1,0,1
1.518140589569161,15.333333333333336,-3,0,1
0.8588557725248372,-15.333333333333329,-4,0,1
0.920447284345048,-16.33333333333333,-4,0,0
0.902339398440401,-9.166666666666671,-6,0,1
0.8958701023649841,0.1666666666666714,-4,0,0
1.076138147566719,-9.166666666666664,3,0,0
1.0844051446945338,-10.000000000000007,0,0,1
0.9053948397185301,-26.66666666666667,1,0,1
0.6740608228980322,-50.66666666666667,8,0,1
1.1733490566037736,44.00000000000001,2,0,1
0.9987799918666125,-6.500000000000007,-4,0,0
0.8061120543293718,-8.333333333333329,-7,0,0
1.056573705179283,-9.5,0,0,1
1.066006600660066,15.833333333333336,7,0,0
0.9440398620160981,2.5,2,0,0
1.0238816010763538,-3.3333333333333286,-4,0,1
0.9683275395905755,12.666666666666664,0,0,0
1.0680272108843538,-10.333333333333329,0,0,0
1.0533596837944663,8.166666666666671,0,0,0
1.0289682539682539,-2.6666666666666643,-5,0,0
1.005526897568165,-31.500000000000007,-3,0,0
0.9620455453455853,-21.333333333333336,-6,0,0
1.0271565495207668,4.166666666666671,-7,0,0
1.1070723034373766,2.0,-5,0,0
1.0527909995672868,-11.166666666666664,-2,0,1
0.9611336032388664,-7.0,3,0,1
0.8922108575924469,-2.166666666666657,6,0,1
1.145413870246085,18.833333333333336,-1,0,0
0.9834054834054834,-3.5,-4,0,0
0.7121111846459298,-38.666666666666664,4,0,0
0.9435421500386698,-3.5,1,0,0
1.013092029264536,11.833333333333336,2,0,0
1.149088025376685,5.833333333333329,-5,0,0
1.0369649805447472,19.999999999999993,0,0,0
0.8996865203761756,0.5,5,0,1
0.90600624024961,3.6666666666666714,7,0,0
0.9754677754677755,1.8333333333333357,0,0,0
0.9583690987124464,-1.3333333333333286,-5,0,1
1.0720323410510841,-6.666666666666671,1,0,0
1.1418945699564012,-3.833333333333343,-2,0,0
1.0068758057584872,-5.5,-2,0,1
1.095740008783487,-24.333333333333336,-7,0,0
1.2156153050672183,24.166666666666664,-1,0,1
0.8745158791634392,-27.66666666666667,-9,0,0
1.0574626865671641,16.166666666666657,-2,0,1
1.12991452991453,-15.666666666666664,-2,0,0
0.8887200911507785,-10.833333333333329,2,0,1
0.8294573643410853,-8.833333333333329,4,0,0
0.8573337788172403,24.333333333333336,5,0,0
1.006726457399103,43.33333333333333,-4,0,1
0.9624608967674662,-11.5,2,0,1
1.038594969644406,5.333333333333336,2,0,0
0.9223566133437378,-9.0,0,0,0
0.755700325732899,-33.666666666666664,0,0,0
0.9452005730659025,-13.0,1,0,1
0.8819633813790417,-34.0,0,0,0
0.9414591524683268,4.833333333333329,-4,0,0
1.0384892086330935,-7.333333333333343,-5,0,0
1.225916131469588,27.333333333333336,-5,0,1
1.1508840864440077,8.666666666666671,-2,0,0
1.130938123752495,0.0,4,0,1
1.1800274851122308,-3.1666666666666643,1,0,1
0.9568093385214008,-16.66666666666667,-6,0,0
0.9505515405096995,3.1666666666666643,-7,0,1
0.8789137380191693,-25.833333333333336,6,0,1
0.957680250783699,10.833333333333336,9,0,0
0.8506300963676797,-3.0,5,0,1
1.296816479400749,41.166666666666664,6,0,1
1.438508064516129,36.16666666666667,-1,0,0
0.7567042363000389,-20.666666666666664,-1,0,0
1.2258652094717668,16.333333333333336,2,0,1
1.2910008410428933,30.66666666666667,3,0,1
1.0100269957578094,-14.5,1,0,1
1.420328215987295,-8.5,0,0,1
0.9775641025641025,-24.833333333333336,2,0,1
0.820675105485232,-11.666666666666664,7,0,0
0.906368330464716,-3.8333333333333286,-3,0,0
1.000777302759425,12.0,5,0,1
0.910538286580743,-20.0,-1,0,0
0.9378676470588235,14.666666666666671,2,0,0
1.110143665650849,-16.833333333333336,-3,0,1
0.9670682730923694,4.5,-1,0,0
0.9474576271186441,16.833333333333336,9,0,1
1.208567719601904,22.000000000000007,1,0,0
1.045236188951161,-18.0,-2,0,1
1.0971877584780811,10.333333333333329,4,0,0
1.0494411006018916,6.333333333333329,0,0,1
0.8625389408099688,-1.6666666666666714,-2,0,0
1.2507537688442212,10.500000000000007,0,0,1
1.0863024544734758,28.166666666666664,10,0,1
1.0937373737373737,-2.166666666666657,5,0,0
0.9846577498033044,11.5,0,0,0
1.0476370510396975,14.166666666666664,1,0,1
0.8490752972258917,4.0,3,0,0
0.8799467908214167,-8.666666666666664,-2,0,0
0.9407620877361511,-15.666666666666671,0,0,1
1.1167048054919908,-11.666666666666671,-3,0,1
1.0364025695931478,14.000000000000007,3,0,1
1.0912714228776406,-4.833333333333329,1,0,1
1.028436018957346,1.8333333333333286,0,0,1
0.8278121587186021,0.0,5,0,0
1.1665194346289753,43.00000000000001,-4,0,0
0.6699266503667481,-30.833333333333336,-7,0,0
1.0073260073260073,2.1666666666666643,-3,0,0
1.3262910798122065,16.000000000000007,6,0,1
1.0473572938689217,-2.3333333333333286,10,0,1
1.0146699266503667,-3.5,-8,0,0
0.9056466302367941,10.999999999999993,-2,0,1
1.131317494600432,-12.833333333333336,-2,0,1
0.9502702702702702,-13.666666666666671,6,0,0
0.8719576719576719,-17.500000000000007,-2,0,1
0.8054968287526427,-20.33333333333333,-3,0,0
0.9618790912591452,-24.666666666666664,2,0,0
1.011082693947144,9.999999999999993,9,0,1
0.9152416356877323,-8.0,3,0,0
1.0235239852398523,-11.666666666666664,-4,0,1
1.1404272151898733,14.333333333333336,0,0,1
1.025221238938053,-12.166666666666664,-8,0,0
1.0891924467657694,-17.83333333333333,-1,0,0
1.099711578079934,43.66666666666667,1,0,1
1.0430528375733856,2.0,1,0,0
0.9901818181818182,29.666666666666664,4,0,1
0.9175665946724262,-14.166666666666657,0,0,1
0.950682056663169,-8.499999999999993,-4,0,1
0.9690641918020109,-12.5,2,0,0
1.0318047337278107,1.0,0,0,0
1.0023781212841856,10.166666666666671,-1,0,1
1.0192771084337349,15.333333333333329,4,0,1
1.380952380952381,28.5,-2,0,0
0.8464106844741235,-20.83333333333333,-7,0,1
0.8496978851963746,12.0,0,0,0
0.993747557639703,-7.833333333333329,4,0,1
0.991819244253993,8.833333333333336,-3,0,0
1.032719836400818,-15.000000000000007,2,0,0
0.9355932203389831,4.0,-7,0,0
0.9810760667903525,-16.33333333333333,-3,0,0
1.2077922077922079,33.833333333333336,0,0,0
1.0558261521168977,28.83333333333333,-2,0,1
1.0860510805500982,6.166666666666671,-3,0,0
1.0422535211267605,14.666666666666664,8,0,0
1.3748118414450576,16.666666666666664,-2,0,0
0.8916827852998066,6.166666666666671,-1,0,0
0.8752327746741154,-4.833333333333343,-3,0,0
0.9227831989817564,8.166666666666671,3,0,1
0.7850184749748068,-23.16666666666667,-7,0,0
0.9906542056074766,-5.833333333333336,5,0,1
1.070924619383587,-1.6666666666666714,-1,0,1
0.8964637258476121,-12.500000000000007,0,0,1
0.9473684210526315,-13.166666666666671,0,0,0
0.8087873462214411,-2.1666666666666643,2,0,0
0.7134851138353765,-21.16666666666667,5,0,0
0.8636067708333334,3.833333333333343,2,0,0
0.7568106312292359,-18.83333333333333,9,0,1
0.8523268596555514,-19.666666666666664,3,0,0
1.0138364779874214,-4.0,-1,0,1
0.8245283018867925,-26.33333333333333,-2,0,0
0.9995682210708118,1.0,-4,0,1
1.0218978102189782,-16.666666666666657,1,0,1
0.9357459379615952,-22.0,-4,0,1
0.8179261862917399,-38.0,-2,0,0
1.029673590504451,7.333333333333336,1,0,1
0.8917220990391722,0.5,-5,0,0
1.1834625322997416,10.5,0,0,0
0.8715630885122411,-21.33333333333333,1,0,0
1.0072614107883817,-8.833333333333343,12,0,1
0.9090909090909091,-25.333333333333336,-6,0,1
0.9217181854676837,-16.0,4,0,1
1.0831925675675675,-2.8333333333333357,6,0,1
1.1628635346756153,-5.333333333333336,-2,0,1
1.0376344086021505,-38.833333333333336,0,0,0
0.7967153284671533,13.5,2,0,0
1.0095162569389373,-22.666666666666664,-8,0,0
0.9751152073732718,-8.0,-1,0,0
0.8055762081784387,-37.833333333333336,0,0,0
1.0666666666666667,-18.833333333333336,-1,0,1
0.8827715355805243,-17.500000000000007,1,0,0
1.073939393939394,26.166666666666664,-1,0,1
1.1553013638363396,9.500000000000007,2,0,1
0.8973880597014925,5.166666666666671,8,0,1
1.125383435582822,17.0,4,0,0
0.9082608695652173,8.5,3,0,1
1.116554054054054,31.33333333333333,1,0,0
0.9973831775700934,7.5,-3,0,1
0.9836538461538461,-13.0,2,0,0
0.8677056904675607,-4.166666666666657,-5,0,0
1.0188019239177963,-1.8333333333333357,-2,0,0
0.9942481511914544,1.3333333333333428,7,0,1
1.032551627581379,7.0,-16,0,0
1.1653645833333333,8.833333333333329,5,0,1
1.086159844054581,35.33333333333333,-6,0,0
0.9841772151898734,25.0,3,0,0
0.9162934894936273,-24.83333333333333,2,0,1
0.9258582907231556,-19.166666666666664,-1,0,1
0.9824638316527838,7.833333333333336,2,0,1
0.9339897884755652,-15.833333333333329,-4,0,0
0.7617916525279945,-28.5,-4,0,0
0.9284697508896798,-1.1666666666666714,-1,0,1
1.0655951346655081,3.3333333333333286,-5,0,0
0.9706959706959707,-5.666666666666671,1,0,1
0.9943330427201394,-40.83333333333333,-8,0,0
0.7545927209705373,-28.83333333333333,1,0,0
0.6951530612244898,-14.833333333333343,-4,0,0
1.0143633540372672,3.8333333333333286,-1,0,1
0.8462507876496534,-5.833333333333343,-3,0,1
1.3923487544483986,59.166666666666664,-2,0,1
1.1713709677419355,18.500000000000007,0,0,1
1.1189300411522634,2.6666666666666714,6,0,0
1.0799396681749622,17.33333333333333,4,0,1
1.0599848139711465,11.666666666666657,-4,0,0
0.8001949317738791,2.833333333333343,-4,0,0
0.941015625,28.5,3,0,1
0.8517964071856288,3.1666666666666643,0,0,0
1.268046198267565,7.333333333333343,3,0,1
1.1992602866389275,28.000000000000007,-3,0,1
0.9320222317229585,13.333333333333336,-9,0,0
1.0796204620462047,11.500000000000007,3,0,1
1.1231507397041183,4.333333333333329,5,0,1
1.3246336996336996,31.33333333333333,0,0,1
0.7437819420783646,-13.166666666666664,4,0,1
0.9386026817219478,-14.166666666666664,0,0,0
1.1100309323906319,10.166666666666664,-3,0,1
1.0146341463414634,15.5,-3,0,0
0.8245336705659184,-16.5,0,0,1
0.7906306306306307,8.833333333333329,-1,0,0
0.9906296851574213,-18.166666666666664,5,0,0
1.1504653567735263,7.666666666666664,-4,0,0
0.9551160136934196,-15.499999999999993,8,0,1
0.96,-14.166666666666671,-1,0,1
0.9949367088607595,17.16666666666667,3,0,1
0.874405705229794,9.5,6,0,1
1.3317159241288046,33.166666666666664,-5,0,0
1.0934660320207703,-7.166666666666664,-6,0,1
1.153052805280528,-10.333333333333329,0,0,0
0.9724864130434783,14.666666666666671,0,0,0
1.0134228187919463,-28.333333333333336,0,0,0
0.9603288062902073,-7.166666666666657,-3,0,0
1.0576576576576577,-6.166666666666664,-1,0,0
1.193823648923202,20.0,1,0,1
1.0289416846652268,-3.5,-5,0,1
0.9019438444924406,7.0,1,0,1
0.9459912780945992,18.16666666666667,3,0,1
0.8423357664233576,-31.166666666666664,-7,0,0
0.9278984022941418,-25.333333333333336,4,0,1
0.9053014973694861,-1.5,-3,0,0
0.9663928304705004,-11.0,0,0,1
1.1176470588235294,-10.166666666666657,1,0,1
1.1996251171508903,-2.3333333333333357,-1,0,1
1.198728813559322,12.666666666666664,1,0,1
0.9737108190091001,-6.000000000000007,-5,0,1
0.9349749903809157,23.166666666666664,-3,0,0
0.8334767641996558,-2.8333333333333357,2,0,0
0.865797816132441,-27.500000000000007,-8,0,0
1.0160595377986683,6.666666666666664,2,0,1
0.987732342007435,8.166666666666671,3,0,0
0.7101777059773828,-7.833333333333329,1,0,1
1.1595900439238653,14.0,2,0,0
0.9280387770320656,-3.5,3,0,1
0.9433887569279493,-27.0,-1,0,1
0.8799313893653516,-20.333333333333336,-9,0,1
0.7035014455509155,-15.5,-5,0,0
1.2001845018450183,11.666666666666664,-4,0,0
0.9095840867992767,0.5,-1,0,0
0.7336417713152676,-35.99999999999999,-2,0,0
0.9883931809938339,-4.999999999999993,1,0,0
0.9543348775645268,-16.83333333333333,2,0,1
0.9761799735333039,-22.500000000000007,0,0,1
0.8174342105263158,-16.333333333333336,1,0,0
0.9283422459893048,6.833333333333329,-2,0,0
0.7573582196697775,-3.8333333333333357,-3,0,0
0.8572433192686357,-18.666666666666657,9,0,0
0.7820069204152249,-26.33333333333333,-4,0,0
0.9577259475218659,0.5,-3,0,1
0.943273284783442,-2.166666666666657,-1,0,0
0.9094269870609981,-0.3333333333333286,5,0,0
0.9063621533442088,-14.666666666666671,3,0,1
0.9495234733498059,-4.666666666666671,8,0,1
0.9455782312925171,3.5,2,0,1
0.8146647015475313,-20.333333333333336,-1,0,0
1.103921568627451,5.333333333333336,2,0,1
1.2275740167918692,10.833333333333336,-4,0,0
1.330945558739255,4.666666666666671,-10,0,0
1.277529095792301,31.0,-1,0,1
0.9161290322580645,1.5,-3,0,0
1.0425183973834833,12.166666666666671,7,0,1
0.9195619335347432,4.0,-4,0,0
1.0875850340136055,3.000000000000007,4,0,1
1.188270293242669,9.999999999999993,3,0,0
0.7866563227307991,-16.0,-4,0,0
1.324510322922181,11.666666666666664,-5,0,1
0.7861066235864297,14.5,0,0,0
0.9626787582839205,-10.333333333333343,4,0,1
0.9719183078045223,-11.333333333333329,6,0,1
0.896,-39.00000000000001,-3,0,0
0.9458544839255499,-3.8333333333333286,0,0,0
0.9962232480067142,-7.166666666666664,11,0,1
0.8449279803861477,8.166666666666657,-2,0,0
0.9568517778665602,18.5,2,0,0
0.9238794435857806,-41.00000000000001,-1,0,1
1.0471596998928188,-2.8333333333333286,7,0,0
0.8094435075885329,-5.0,3,0,0
1.0444915254237288,1.6666666666666714,-3,0,0
0.9182487407981402,-1.8333333333333428,1,0,1
0.7570332480818415,-4.833333333333329,4,0,0
0.9742631797426318,-1.1666666666666643,4,0,1
0.8122112211221122,-9.666666666666671,-5,0,0
1.3200740055504163,22.16666666666667,8,0,1
0.9059574468085106,-16.333333333333336,-8,0,0
1.1174968071519795,16.833333333333336,2,0,1
1.2889390519187358,-4.500000000000007,1,0,1
0.8168795973674022,-12.666666666666657,8,0,0
1.1849686847599166,13.499999999999993,-3,0,1
1.0807560137457044,5.5,0,0,1
1.0016413623307345,-12.5,1,0,0
0.8681359731042212,1.1666666666666714,5,0,1
1.2552036199095022,9.166666666666664,1,0,1
1.1940864291129645,6.333333333333329,-5,0,0
0.935958904109589,14.666666666666657,-1,0,0
1.0393974507531865,12.333333333333336,-2,0,0
1.06438127090301,-2.0,-2,0,0
1.0661410424879545,2.8333333333333357,-4,0,0
1.141396176078257,31.666666666666664,-2,0,1
0.8859232175502743,7.833333333333336,-5,0,1
1.0334645669291338,20.666666666666664,-4,0,0
1.0896487985212568,26.833333333333336,1,0,0
1.0793950850661627,11.333333333333343,-3,0,1
1.4500248632521133,5.833333333333329,1,0,1
0.9860557768924303,12.5,-1,0,1
0.9446612273855978,2.1666666666666643,0,0,1
0.9009103641456583,-8.833333333333329,-7,0,0
0.9991690901537184,-8.5,1,0,1
1.0410031847133758,0.8333333333333357,4,0,0
1.0073872472783827,-13.833333333333336,-1,0,1
0.8590277777777777,-3.333333333333343,3,0,1
0.9414654113794515,-1.8333333333333357,3,0,0
1.0481099656357389,-7.0,1,0,0
1.3041942604856511,38.0,0,0,1
1.2958651144118827,6.5,0,0,1
0.9688530597288384,-15.333333333333329,8,0,1
0.8303448275862069,-20.16666666666667,-8,0,0
1.0053147996729355,8.833333333333343,-7,0,0
0.8386491557223265,-8.833333333333336,4,0,0
0.8842914683266203,-12.333333333333336,-4,0,0
1.0241525423728814,-25.33333333333333,-1,0,0
0.8305882352941176,-12.5,3,0,0
0.7261985145172181,-32.833333333333336,2,0,0
1.5825688073394495,14.666666666666664,-4,0,0
0.6520346042934957,-4.5,4,0,1
0.9025700038358266,-22.833333333333336,7,0,0
1.1058549825513766,23.33333333333333,8,0,0
1.1257323118521856,-5.166666666666664,6,0,0
0.919526627218935,14.166666666666671,-6,0,0
1.0962282398452612,-1.0,2,0,1
1.0926076360682373,0.0,0,0,0
0.9939516129032258,-15.166666666666664,1,0,0
1.0543933054393306,4.833333333333336,1,0,1
0.7886855241264559,-11.833333333333343,5,0,0
0.9393382352941176,20.5,3,0,1
1.0204994409243384,-4.5,-3,0,1
0.8607510800930541,9.5,-9,0,0
0.8792079207920792,-5.666666666666671,-1,0,0
0.6297760210803689,-37.666666666666664,3,0,0
1.1499370012599748,15.0,-2,0,0
0.9113300492610837,-12.5,-5,0,0
1.030106707317073,-5.0,4,0,1
1.1271121351766513,14.666666666666671,0,0,1
1.0179166666666666,-10.833333333333329,-1,0,1
1.0405156537753222,-13.833333333333336,1,0,0
0.9978494623655914,-4.0,4,0,1
1.3627546071774976,0.5,-4,0,0
1.0201342281879195,10.500000000000007,-5,0,1
1.0560606060606061,15.833333333333343,0,0,0
1.0879765395894427,18.833333333333336,4,0,1
0.8344544095665172,-8.0,4,0,0
1.2933138116154221,11.666666666666664,-2,0,1
0.9125,-25.166666666666664,-4,0,1
0.9956663055254604,-12.333333333333336,12,0,1
0.9924174843889384,13.666666666666671,-1,0,1
1.0039138943248533,-12.833333333333336,1,0,1
0.8527433628318584,-5.0,7,0,1
0.9371492704826038,32.83333333333333,-1,0,0
0.8619765494137354,-12.5,0,0,0
1.171875,-9.5,-7,0,1
0.8828767123287671,7.0,-5,0,1
1.5675057208237986,39.50000000000001,1,0,1
0.9748566387295986,-15.666666666666664,10,0,1
1.031135531135531,4.166666666666671,7,0,0
0.8986591830371063,-9.166666666666657,-8,0,0
0.8335724533715926,1.0,1,0,1
0.9244617013766325,-7.666666666666657,2,0,1
1.4910798122065727,46.33333333333333,6,0,1
0.9357021996615905,-16.16666666666667,2,0,0
1.1306921675774135,8.5,-1,0,1
1.0194582220526516,-6.5,-2,0,0
0.8880397401604891,-21.999999999999993,0,0,0
0.8258928571428571,-16.83333333333333,0,0,0
0.9323220536756126,-4.0,-2,0,0
0.9635922330097088,5.333333333333329,5,0,1
0.8738891239949217,-15.666666666666671,-7,0,0
1.1178092986603625,5.166666666666671,1,0,1
0.9487084870848709,18.000000000000007,0,0,1
1.065,32.00000000000001,2,0,1
1.069767441860465,6.833333333333329,2,0,1
0.9872488408037094,-16.33333333333333,-2,0,0
1.2578059071729957,-4.333333333333336,-6,0,0
0.9170825335892514,-3.3333333333333286,-5,0,0
1.186266447368421,18.166666666666664,-5,0,1
0.8796428571428572,-19.500000000000007,-3,0,0
0.8789739884393064,-0.6666666666666714,0,0,0
0.9448131330771917,-11.5,-3,0,0
0.893817673768774,-3.1666666666666714,-3,0,1
1.1209644462607273,0.5,2,0,1
1.2300664451827243,-18.333333333333336,-1,0,1
0.9060041407867495,-16.666666666666664,-2,0,0
1.038913362701909,1.3333333333333357,-6,0,1
0.7842195540308747,-21.999999999999993,1,0,0
1.012173290368779,26.0,6,0,0
0.9362490733876946,-24.166666666666664,2,0,1
0.8614501076812635,-2.5,-2,0,0
1.1195652173913044,-3.6666666666666643,1,0,1
1.1600798403193613,-6.833333333333336,-2,0,1
1.0763422818791946,-6.833333333333329,-1,0,1
0.9155912103243808,-17.16666666666667,0,0,0
1.083126110124334,11.000000000000007,1,0,1
0.5356651060313963,-41.00000000000001,-2,0,0
1.612590799031477,26.166666666666664,-3,0,1
0.7456998313659359,10.0,7,0,0
0.9279383429672448,1.8333333333333286,-7,0,0
0.9021035598705501,10.999999999999993,-7,0,1
0.9505494505494505,-7.833333333333336,0,0,1
1.0374273255813953,22.83333333333333,-7,0,0
0.9692883895131086,29.500000000000007,6,0,1
0.9542570951585977,-5.0,0,0,0
1.0465483234714004,8.0,0,0,1
1.0741935483870968,4.5,-1,0,0
1.339863325740319,13.333333333333329,4,0,1
0.9290843806104129,5.166666666666664,-9,0,1
0.7418772563176895,-20.166666666666664,11,0,1
1.0756591517004204,-3.8333333333333286,1,0,1
0.8503580851865812,-9.666666666666657,-4,0,0
0.933854907539118,-13.166666666666671,-2,0,0
0.9418060200668896,-26.16666666666667,-3,0,0
0.7570705567133076,-12.166666666666664,2,0,0
0.891746641074856,22.833333333333336,10,0,1
1.251512532411409,18.499999999999993,-1,0,0
0.7769491525423728,-15.666666666666657,-1,0,0
1.2006269592476488,17.000000000000007,5,0,1
0.9046464646464647,0.0,-1,0,1
0.7566867989646247,-22.66666666666667,3,0,0
1.0466439135381116,6.833333333333343,-1,0,1
1.216822429906542,18.000000000000007,5,0,1
0.9202453987730062,-42.49999999999999,7,0,0
1.0205338809034907,-5.166666666666671,4,0,0
1.1032388663967612,8.166666666666664,-4,0,1
0.7699656094764998,-9.166666666666664,2,0,0
0.9958999589995899,-7.5,-1,0,1
0.9668615984405458,4.166666666666664,2,0,0
1.101364522417154,0.3333333333333428,-2,0,1
0.6086956521739131,-28.999999999999993,5,0,0
1.1956702747710242,2.1666666666666714,2,0,0
1.0634799235181644,-14.166666666666657,0,0,1
0.8196607822776047,-5.666666666666671,5,0,1
1.110925073252407,-16.0,-1,0,1
1.012272534913246,23.333333333333336,6,0,1
1.1737393909136296,7.5,0,0,1
1.2933080208827716,17.666666666666664,7,0,1
1.2058823529411764,-10.833333333333329,-3,0,0
0.9569816643159379,13.833333333333329,7,0,1
1.1508210890233361,-15.666666666666671,9,0,1
0.7747077577045696,6.0,-3,0,0
0.8426807760141094,-28.000000000000007,2,0,1
0.9547629404088734,-21.16666666666667,-2,0,0
0.7839410395655547,-13.333333333333336,2,0,1
0.832280701754386,-14.0,0,0,0
0.9526335733232285,-1.1666666666666572,2,0,1
0.9830704116968064,7.333333333333336,-4,0,0
1.0047683923705721,-13.333333333333329,2,0,0
0.9236111111111112,11.166666666666664,6,0,1
1.138396299151889,-7.666666666666671,9,0,1
1.1219096334185847,-7.5,-2,0,1
1.0110584518167456,14.0,0,0,0
0.7995578481945468,-21.666666666666664,2,0,0
0.9655172413793104,-22.499999999999993,5,0,1
1.0325960419091968,-9.333333333333336,0,0,0
1.2528841716658976,25.166666666666664,-1,0,1
1.0503685503685503,4.833333333333329,3,0,0
1.0335621662852783,10.5,-7,0,1
1.0392310710082384,7.000000000000007,-3,0,0
0.9782433521353747,-10.833333333333343,5,0,0
0.7442724458204334,-21.66666666666667,4,0,1
1.0614901256732496,-6.0,2,0,0
1.2785802723895996,30.33333333333333,-7,0,1
0.9836244541484717,9.166666666666664,1,0,0
0.9933481152993349,10.0,-1,0,1
0.7519403911828625,-18.333333333333343,-2,0,1
1.0052695581678153,38.833333333333336,-6,0,0
1.0865306122448979,8.833333333333343,4,0,1
0.9210526315789473,13.833333333333329,4,0,0
1.1142533936651584,0.1666666666666714,-5,0,0
0.7698529411764706,-15.666666666666671,-3,0,0
0.8544617563739377,16.333333333333336,11,0,1
0.8565989847715736,5.5,-3,0,0
0.8353858784893268,-7.833333333333336,-2,0,0
0.832195472511678,-12.5,0,0,1
1.1257376305038584,37.666666666666664,0,0,1
0.8289424860853433,6.666666666666664,1,0,1
1.1186094069529653,11.333333333333336,-4,0,1
0.8993161094224924,-14.166666666666664,-2,0,0
1.087719298245614,-12.0,-4,0,0
1.0273134936812067,7.666666666666664,2,0,0
0.7261006289308176,-13.666666666666664,1,0,0
1.1727078891257996,30.166666666666664,10,0,1
0.922931739540736,-18.66666666666667,1,0,0
1.0817963111467521,22.16666666666667,3,0,1
1.0921930168693605,22.5,5,0,1
0.9425287356321839,-22.5,-7,0,0
1.2709380234505863,13.833333333333336,-5,0,1
0.9205374280230326,-3.666666666666657,1,0,1
0.9127598858540562,-9.166666666666664,4,0,0
1.0962309542902968,13.0,-3,0,1
0.8892226811866316,-28.999999999999993,-3,0,0
0.9215091066782307,-5.666666666666664,-5,0,0
0.9460803059273423,-4.666666666666657,-2,0,0
0.8191790516631281,-10.0,-8,0,0
0.9947974730583427,4.666666666666671,-11,0,0
1.2314662273476111,7.666666666666657,0,0,0
0.9939418416801292,12.0,4,0,0
1.2295701464336326,37.666666666666664,-1,0,1
1.090566037735849,6.833333333333336,1,0,1
1.0684317718940937,17.166666666666664,1,0,1
1.0670947030497593,13.0,0,0,0
1.115706115266168,15.166666666666664,1,0,1
0.8278603525751814,-5.833333333333336,-3,0,0
0.9685212298682284,6.0,7,0,0
0.9904397705544933,6.166666666666671,-9,0,0
1.1031910484873602,13.333333333333343,5,0,1
0.8982791586998088,-6.833333333333336,1,0,1
1.0091240875912408,1.6666666666666714,13,0,1
0.9847732538894406,-8.333333333333343,3,0,1
0.8498054474708171,-15.166666666666664,1,0,1
0.9795262946607788,5.833333333333329,-6,0,1
0.7332585110362888,-43.50000000000001,5,0,0
1.1268758526603002,26.333333333333336,-2,0,1
0.7366901860166774,-21.16666666666667,1,0,0
1.1825273010920436,20.499999999999993,3,0,0
0.9746992948983824,3.333333333333343,4,0,1
0.7737588652482269,-24.333333333333336,-4,0,1
0.8269293924466338,-28.16666666666667,-8,0,1
1.1282984531392175,21.999999999999993,-4,0,1
0.9982480728801681,8.666666666666657,-3,0,0
0.8916334661354581,-8.666666666666671,2,0,0
0.7954545454545454,-18.166666666666664,-3,0,0
0.8907103825136612,-0.6666666666666572,-2,0,0
0.8990322580645161,-7.666666666666671,-2,0,0
1.1123986095017382,16.83333333333333,0,0,0
0.9795552367288379,1.0,-6,0,0
0.9390569395017794,30.333333333333336,7,0,1
1.0147633521493704,30.999999999999993,-1,0,0
1.0707116788321167,-11.166666666666671,0,0,1
1.0293706293706293,12.166666666666657,-2,0,1
0.8703326544467074,-3.6666666666666714,-1,0,0
1.01999149298171,7.333333333333336,-2,0,0
0.8579409417398244,3.3333333333333357,2,0,1
1.061795407098121,6.0,3,0,1
1.1797577178585386,6.5,1,0,0
0.7897068847989094,-8.999999999999993,0,0,1
1.3419301164725457,11.999999999999993,-1,0,1
0.9548443665059184,-3.0,-1,0,0
0.899833748960931,-1.0,-8,0,1
0.9367647058823529,5.833333333333329,-3,0,0
0.9502143092647544,12.0,-5,0,0
0.9650602409638555,4.5,3,0,0
1.1470037453183521,2.1666666666666714,1,0,1
1.0628230616302188,26.16666666666667,3,0,1
1.1093613298337708,-12.166666666666664,-2,0,1
0.8542314335060449,-24.83333333333333,1,0,0
0.928076923076923,-10.0,3,0,0
1.150152771715408,-12.5,4,0,0
1.273965691220989,6.833333333333336,2,0,1
0.9197904070939138,-17.499999999999993,1,0,1
0.822537370640092,-12.833333333333336,-3,0,0
1.0478741211918312,11.833333333333329,0,0,0
1.1180555555555556,-4.5,3,0,1
1.0984682713347922,6.166666666666671,0,0,1
1.1768802228412256,33.50000000000001,-1,0,0
1.0715705765407555,-24.33333333333333,-7,0,0
0.9108602569093033,5.0,-3,0,0
0.941613229834627,-15.666666666666664,2,0,0
1.0387596899224807,-17.333333333333336,-3,0,0
1.1219735038830516,10.333333333333336,0,0,1
0.9356014580801945,-7.166666666666664,0,0,0
0.9659173313995649,1.1666666666666714,-3,0,1
1.0011650485436894,-12.666666666666671,-3,0,0
1.3028071790151863,6.666666666666664,0,0,1
0.9446153846153846,-17.999999999999993,-4,0,0
1.0394004282655247,0.3333333333333357,-5,0,0
0.7473065621939275,-23.499999999999993,1,0,0
0.9634356674715419,-10.333333333333329,-7,0,0
0.7406052544063851,-0.6666666666666643,3,0,0
1.339116719242902,8.499999999999993,2,0,1
0.6054673069818988,-20.499999999999993,-2,0,0
1.1223839854413102,19.16666666666667,3,0,1
0.8684727129956812,-16.333333333333336,-2,0,0
0.9918872758326217,-2.8333333333333286,6,0,1
0.963302752293578,-2.5,-3,0,0
0.7927631578947368,-24.333333333333336,-2,0,0
0.9592592592592593,-9.0,1,0,0
0.9466338259441708,19.166666666666664,-3,0,0
0.8649967469095641,-2.1666666666666643,1,0,0
1.219056974459725,5.5,4,0,0
0.8099784416384355,-22.16666666666667,8,0,0
1.049335863377609,4.0,-6,0,1
1.315129811996419,-0.5,3,0,1
1.2131221719457013,27.666666666666664,1,0,1
1.4414634146341463,33.33333333333334,-3,0,1
1.3095564700502973,39.833333333333336,-4,0,0
1.4979195561719834,29.666666666666664,6,0,1
1.2516765285996054,6.0,-7,0,1
0.8606620477290223,-19.66666666666667,2,0,0
1.3041284403669724,-0.8333333333333428,-7,0,0
0.687001733102253,-28.499999999999993,1,0,1
0.8892543859649122,-14.666666666666664,1,0,1
0.8729508196721312,-8.0,3,0,1
0.8088531187122736,-32.333333333333336,-5,0,0
1.1927565392354125,18.16666666666667,2,0,1
0.867578125,6.333333333333336,1,0,0
1.2408026755852843,20.333333333333336,-6,0,1
1.0520113774888258,11.999999999999993,0,0,1
1.1103217718345173,28.0,-3,0,1
1.0808039376538146,6.5,1,0,1
0.8723842195540309,-4.0,-5,0,0
0.8737233054781801,-39.49999999999999,5,0,1
1.1504049363671423,2.6666666666666714,4,0,0
0.9872375463153561,-15.333333333333336,-1,0,1
0.7609936220208123,-23.333333333333336,-2,0,0
0.8433774834437087,9.666666666666657,-3,0,0
0.9357443820224719,-3.5,-9,0,0
1.1738317757009347,11.0,1,0,1
0.845531197301855,-8.333333333333343,-3,0,0
1.1603271983640082,-10.666666666666664,0,0,0
0.9572966951355366,7.0,3,0,0
1.3341176470588236,10.166666666666671,3,0,1
1.1232718894009217,8.0,3,0,1
1.078439259855189,-13.666666666666671,-1,0,1
0.9524772497472194,6.833333333333329,-1,0,1
0.9930883957802837,-16.66666666666667,-1,0,0
1.08529945553539,28.83333333333333,-4,0,0
1.0167278661770707,-8.666666666666671,-2,0,0
0.9417394923012901,-5.0,8,0,1
1.1450110864745011,13.333333333333336,1,0,1
0.9527027027027027,-11.666666666666657,-2,0,1
1.0469344608879492,-1.8333333333333428,1,0,1
1.2345679012345678,4.333333333333336,2,0,0
1.3048552754435108,13.333333333333336,-2,0,0
1.0447271235125153,23.66666666666667,5,0,0
1.0313710302091401,15.666666666666664,-2,0,1
0.7031203566121842,-23.83333333333333,-8,0,0
1.0,1.3333333333333428,5,0,1
1.0076154212279866,-8.166666666666664,-5,0,0
1.0562060889929743,5.333333333333336,1,0,1
1.2064007421150278,9.500000000000007,-5,0,1
1.2922649374710513,-8.833333333333336,4,0,1
0.9670095778644909,-13.166666666666671,2,0,1
1.2852112676056338,23.833333333333336,3,0,1
0.9957198443579767,2.3333333333333357,-2,0,1
1.0067689530685922,-19.833333333333336,-2,0,0
0.8898039215686274,-23.333333333333336,0,0,1
0.8839471855455178,17.666666666666664,0,0,1
0.6933144676335338,-10.166666666666664,-2,0,0
1.1069887834339949,-7.499999999999993,-6,0,1
1.0942028985507246,-4.666666666666671,7,0,1
1.0537366548042704,-25.66666666666667,-1,0,1
0.7820232896652111,-34.666666666666664,11,0,0
0.721875,-26.166666666666664,0,0,0
0.7990956072351422,-29.0,0,0,0
1.0631494804156674,12.666666666666671,5,0,0
0.9722222222222222,19.666666666666664,7,0,1
1.0958350181965224,-21.16666666666667,-6,0,0
0.9084641899655305,0.1666666666666643,6,0,0
1.1529411764705881,21.16666666666667,-2,0,1
0.929160419790105,-18.83333333333333,9,0,0
1.1648557512176845,-5.833333333333343,5,0,1
0.9200165768752591,-8.000000000000007,-2,0,0
1.0737018425460636,7.333333333333329,-7,0,0
1.3154560810810811,13.5,1,0,1
0.8487960339943342,-10.666666666666671,2,0,1
0.9970198675496689,-12.833333333333329,6,0,1
0.9086021505376344,2.5,-5,0,1
0.9508847959552185,-8.166666666666657,7,0,0
0.9929460580912863,-6.166666666666664,4,0,0
1.0646341463414635,-6.166666666666664,-8,0,0
0.7369891721969961,3.333333333333343,-4,0,0
0.9929328621908127,1.6666666666666714,6,0,1
0.7426443202979516,-4.833333333333329,3,0,0
1.0626904658249892,2.0,1,0,0
1.0041619371925843,5.333333333333329,5,0,0
0.9147175242893127,-7.666666666666671,0,0,0
0.7928436911487758,-22.666666666666664,-2,0,0
0.8094013955196474,-2.8333333333333286,-1,0,0
1.2318697582634435,7.666666666666664,-1,0,1
0.8316582914572864,3.6666666666666643,1,0,0
0.8347245409015025,-37.50000000000001,5,0,0
0.8229665071770335,10.499999999999993,-2,0,0
0.8466198979591837,-2.1666666666666714,3,0,0
1.0859106529209621,28.500000000000007,1,0,1
0.9572408229124647,9.5,-1,0,0
0.7247706422018348,6.666666666666664,-4,0,1
0.998551774076756,9.5,2,0,0
0.9608837377761681,-18.166666666666657,1,0,0
1.0792156862745097,-1.8333333333333286,-7,0,1
0.9008163265306123,-3.3333333333333286,-5,0,0
1.1332116788321167,-4.166666666666657,1,0,1
1.010507880910683,-19.33333333333333,-4,0,0
0.9126738794435858,-18.166666666666664,1,0,0
1.134093590247739,18.499999999999993,-5,0,0
1.25781910397295,21.166666666666664,9,0,1
1.123249299719888,-6.166666666666657,5,0,1
1.1070125658694772,19.33333333333333,4,0,1
1.0597345132743363,-9.666666666666664,3,0,1
0.8911064425770309,24.16666666666667,7,0,1
0.9072164948453608,-36.66666666666667,0,0,0
1.1260504201680672,1.5,1,0,1
1.1658986175115207,21.333333333333336,1,0,1
0.9670896114195083,11.166666666666664,0,0,1
1.3075083692013392,19.0,1,0,0
0.9532892175943947,18.5,3,0,0
1.2237911852802739,-14.0,-1,0,1
0.7884914463452566,13.833333333333336,-9,0,0
0.9963302752293578,4.5,-1,0,1
1.1273804485823107,6.666666666666671,5,0,1
1.0738255033557047,-3.0,1,0,1
1.0542729850141759,11.166666666666664,10,0,1
1.2308029837648091,10.5,5,0,1
1.2939711011459891,34.666666666666664,-3,0,0
1.0800291014914514,4.833333333333343,0,0,0
1.2375809935205184,5.833333333333329,-3,0,1
0.9493067590987868,18.333333333333336,0,0,1
0.9233461673083654,-4.333333333333329,4,0,0
1.0109501942776404,2.8333333333333286,0,0,0
0.8362690152121698,-15.333333333333336,-5,0,0
0.8201040988939493,-15.333333333333329,-3,0,1
1.0440881763527055,4.0,3,0,1
1.1373626373626373,27.666666666666664,3,0,0
0.9839302112029384,-7.833333333333336,-5,0,1
0.8048507462686567,-12.333333333333336,7,0,0
0.8615071283095723,-24.66666666666667,-2,0,0
1.1238622872971904,-1.1666666666666572,1,0,0
1.0293159609120521,9.333333333333329,-5,0,0
1.0281948004393995,-12.500000000000007,-2,0,1
0.9289079229122056,-23.333333333333336,0,0,0
1.0,-8.333333333333329,2,0,1
0.9166959578207381,-2.8333333333333286,2,0,0
0.8193801211257571,17.166666666666664,0,0,1
0.8594377510040161,-17.500000000000007,-1,0,1
0.9839550742077818,-5.333333333333329,-3,0,0
0.8130511463844797,-22.33333333333333,7,0,0
1.0606060606060606,-7.5,1,0,1
1.2763045337895638,15.333333333333329,-7,0,1
0.9948275862068966,-11.833333333333336,10,0,1
1.136290322580645,17.83333333333333,2,0,0
1.138752052545156,2.333333333333343,-1,0,0
0.8760330578512396,-2.5,-2,0,0
0.9926640926640926,-7.333333333333329,8,0,0
1.160919540229885,4.666666666666671,8,0,1
0.9466095089633672,15.833333333333336,8,0,0
0.9850746268656716,-15.833333333333336,3,0,0
1.034838250977604,-0.5,1,0,1
0.8068311195445921,-26.333333333333336,-1,0,0
1.2795180722891566,8.833333333333336,-1,0,1
1.2627646326276463,47.49999999999999,2,0,1
0.9426563078061413,-1.3333333333333286,2,0,0
0.8382594417077176,-34.5,-2,0,0
0.8191528545119705,-2.8333333333333357,-3,0,0
0.9311639549436797,8.999999999999993,0,0,1
0.9471466870930678,-15.499999999999993,3,0,0
0.9779488974448722,10.0,-2,0,0
1.2236987818383167,16.66666666666667,5,0,1
1.093051605038602,1.1666666666666714,-2,0,0
0.9151515151515152,9.500000000000007,1,0,0
1.1693051890941073,-10.666666666666671,5,0,1
1.116393442622951,5.833333333333336,2,0,1
0.9192118226600985,5.666666666666671,-5,0,0
0.9260850880962613,-19.333333333333336,-4,0,0
0.7832119320152618,-2.5,9,0,0
1.0139576767221972,2.5,-3,0,0
1.10595703125,-2.0,-5,0,0
1.0599662162162162,-13.499999999999993,-3,0,1
1.1635873749037722,14.333333333333336,13,0,1
0.7138707334785767,-10.333333333333329,7,0,1
1.0341405319571257,-3.666666666666657,1,0,0
1.25374531835206,-2.1666666666666643,-8,0,0
1.0249424405218726,5.0,2,0,1
0.9880281690140845,39.833333333333336,-3,0,0
1.0941597139451729,8.166666666666671,-1,0,1
1.110130468150422,-0.1666666666666714,-8,0,0
0.9440816326530612,-5.666666666666664,-1,0,0
1.219459922846121,30.833333333333336,3,0,0
1.0819277108433736,24.833333333333336,4,0,0
0.965258586656139,-36.00000000000001,4,0,0
1.1604761904761904,30.5,-1,0,0
0.8249641319942611,-5.333333333333329,-1,0,0
0.9273162939297125,-13.499999999999993,-1,0,1
0.9537885095753539,-2.1666666666666714,-2,0,0
0.7129597799931248,-32.166666666666664,2,0,0
1.2643818849449204,38.333333333333336,-3,0,1
0.9402423735896365,-9.833333333333329,3,0,1
0.9105374823196606,0.6666666666666572,-1,0,1
0.844639718804921,-13.666666666666671,-5,0,0
0.9426727410782081,0.6666666666666643,2,0,0
1.1911037891268534,6.166666666666671,1,0,1
1.0464708461201226,21.0,-3,0,0
0.9579381443298969,-9.333333333333336,5,0,0
0.8119601328903654,-13.0,6,0,1
1.0803118908382066,18.5,-5,0,1
1.1212775140267588,0.8333333333333428,-1,0,1
1.1941786283891547,28.666666666666664,0,0,1
1.0218642117376295,11.833333333333343,0,0,1
0.846095526914329,-19.83333333333333,-1,0,0
0.789873417721519,10.166666666666664,-5,0,0
0.979404192717911,2.6666666666666714,-1,0,1
1.1080723423026027,28.33333333333333,2,0,1
1.0852216748768473,-3.8333333333333286,3,0,1
0.9839865149599663,26.666666666666664,5,0,1
1.15390625,16.666666666666664,3,0,0
1.0937219730941703,0.1666666666666714,6,0,1
0.8665955176093917,20.833333333333336,5,0,0
1.2879318978467702,-0.5,-3,0,1
1.1200779727095516,-7.0,-1,0,1
0.9341850561362757,1.8333333333333286,4,0,1
1.0156819839533187,-11.333333333333336,5,0,1
0.8114602587800369,-1.3333333333333286,0,0,1
1.1409368635437882,-20.666666666666657,0,0,1
0.9124087591240876,-18.16666666666667,-1,0,1
1.1445952269536734,9.833333333333336,-6,0,1
0.8118315508021391,-13.833333333333343,-4,0,1
0.9049115913555992,-9.166666666666664,4,0,1
1.0611320754716982,4.666666666666657,3,0,1
1.0410544511668107,3.499999999999993,-3,0,0
0.9471858134155744,6.833333333333336,0,0,0
1.1352941176470588,24.16666666666667,1,0,1
0.7608978529603123,-47.16666666666667,5,0,1
0.8560402684563758,9.833333333333329,-2,0,1
1.0293279022403259,9.999999999999993,1,0,1
0.8828302499188575,-2.666666666666657,-3,0,1
1.0302534750613246,3.833333333333343,2,0,1
0.9774690199023658,9.166666666666671,9,0,1
0.9802405498281787,-2.0,4,0,0
1.4531914893617022,-2.1666666666666643,0,0,1
0.6623493975903615,-34.333333333333336,0,0,1
0.8417132216014898,-15.499999999999993,0,0,1
0.9577133907595928,5.666666666666657,-3,0,1
0.9496231654105514,-13.333333333333336,2,0,0
1.085869112130054,5.333333333333343,6,0,1
0.8441786844882166,-7.333333333333329,1,0,0
1.1821782178217821,-5.166666666666671,-3,0,1
1.11090573012939,-19.0,5,0,1
1.1369606003752346,21.833333333333336,-3,0,1
0.8456057007125891,-23.999999999999993,4,0,1
1.0021598272138228,12.499999999999993,1,0,1
0.7356780275562002,-10.666666666666671,0,0,0
0.9565751741089717,11.833333333333336,8,0,1
0.9618518518518518,-7.0,2,0,1
0.8657091561938959,-24.83333333333333,6,0,0
1.0256052141527001,10.0,-2,0,0
1.1286031042128604,13.333333333333336,7,0,1
1.1836158192090396,23.666666666666664,-3,0,1
1.3377777777777777,16.5,0,0,1
1.2103684661525278,3.5,-6,0,1
0.8727611940298508,-15.333333333333329,-5,0,0
0.8735440931780366,8.333333333333336,2,0,1
0.9900649598777226,-8.5,3,0,0
1.1821015138023152,10.833333333333329,2,0,1
1.1401532221721495,13.666666666666671,-12,0,0
1.0152703260420965,6.333333333333336,3,0,0
1.0053890198720108,8.0,-3,0,0
1.1255411255411256,29.0,5,0,1
1.0028865979381443,-27.999999999999993,2,0,1
0.9467140319715808,14.5,0,0,0
1.3152916447714136,4.0,-6,0,1
0.9504424778761061,22.666666666666664,6,0,0
0.9851449275362318,4.833333333333336,-5,0,1
0.8,-1.6666666666666572,9,0,0
0.7959927140255009,-26.166666666666664,3,0,1
1.0230288836846213,-5.0,3,0,0
0.8468937875751503,1.5,0,0,0
1.0766798418972332,15.833333333333329,-2,0,1
0.8337434094903339,-36.666666666666664,3,0,1
0.92008486562942,-12.833333333333329,0,0,0
0.8667808219178083,-37.666666666666664,-5,0,1
0.7996533795493934,0.3333333333333357,1,0,0
1.0296852646638055,-8.666666666666664,-1,0,0
1.0694033008887007,4.833333333333329,-2,0,1
0.9764035801464606,9.333333333333336,0,0,1
0.7613798008534851,-20.000000000000007,-2,0,0
1.1261925411968776,-29.83333333333333,-3,0,1
1.1466992665036675,20.0,-4,0,1
1.3291079812206572,19.83333333333333,6,0,1
1.2924003707136238,13.166666666666664,-3,0,1
0.9683590875643856,3.3333333333333286,10,0,1
0.8813417190775681,-11.166666666666671,5,0,0
1.0183361629881154,-5.0,-3,0,0
1.1889692585895117,8.333333333333336,-4,0,1
1.0190735694822888,14.666666666666671,-2,0,1
0.9382957884427032,-11.333333333333329,-6,0,0
1.073198627525734,-4.0,-2,0,1
1.1553356282271945,16.0,3,0,1
1.3110728134424816,-1.0,0,0,1
1.2085053674649051,17.499999999999993,-2,0,0
1.2171548117154811,9.5,1,0,0
0.9900725467735777,-2.833333333333343,-5,0,1
0.8543252595155709,-11.5,-4,0,0
0.9073873873873873,-18.000000000000007,2,0,0
0.7645914396887159,1.0,0,0,1
0.8587227970032109,-6.166666666666671,0,0,1
1.0172546012269938,4.333333333333329,4,0,1
0.9454760964045832,-20.666666666666664,8,0,1
1.0973797418850215,16.5,-4,0,0
1.0278372591006424,0.1666666666666572,1,0,1
1.1833937928254736,11.666666666666671,3,0,1
1.1989269500619066,10.666666666666664,-2,0,0
1.0229262192580242,16.166666666666664,4,0,0
0.9128856624319419,-8.0,-6,0,0
0.8488146132918772,-12.833333333333336,1,0,0
1.0039714058776807,25.33333333333333,3,0,1
0.8854864433811802,-1.3333333333333428,1,0,1
1.1557207765386204,22.16666666666667,-4,0,1
0.9409474367293965,-16.0,-12,0,0
0.8368400158793172,15.833333333333329,-1,0,0
0.7955246913580247,10.833333333333329,1,0,1
0.8693595342066958,4.333333333333343,-2,0,0
1.1609245529873529,24.166666666666664,-2,0,0
1.260082304526749,6.166666666666671,4,0,0
1.277534965034965,10.0,-5,0,1
1.5218030377266045,11.0,-5,0,1
1.078500986193294,-4.666666666666671,-4,0,0
1.2195661797255424,17.666666666666664,4,0,1
0.8215997051234796,-17.500000000000007,3,0,0
0.9277469003847798,-4.833333333333336,-4,0,0
0.9958419958419958,-15.666666666666664,-2,0,0
0.7447447447447447,-24.833333333333336,-1,0,0
0.9156492785793563,2.3333333333333357,-2,0,0
1.073745002221235,19.833333333333336,-1,0,0
1.146112600536193,-9.333333333333329,1,0,1
0.9547038327526133,-16.166666666666664,5,0,1
0.8361602309635511,13.666666666666664,1,0,0
1.1107871720116618,3.1666666666666643,-5,0,1
1.2541776605101143,47.99999999999999,-6,0,0
0.9557117750439368,22.833333333333336,-7,0,0
0.8786808009422851,-23.66666666666667,-16,0,0
1.0635294117647058,3.1666666666666714,-6,0,0
1.0904143993302637,-14.500000000000007,-7,0,0
1.2379394930498773,22.66666666666667,-2,0,0
0.9755186721991701,-1.0,3,0,1
0.8038643820634342,-5.666666666666664,1,0,1
0.963963963963964,-19.000000000000007,-7,0,0
0.8401606425702811,-4.999999999999993,7,0,0
0.7213991769547325,-20.0,5,0,1
0.7647479442259564,-14.666666666666664,5,0,0
0.9315948601662888,-5.5,1,0,0
0.8382300884955752,-14.333333333333336,2,0,1
0.9872142580395196,18.333333333333336,-1,0,0
1.2553556126820908,-6.000000000000007,2,0,1
0.9468208092485549,-15.666666666666664,-1,0,1
0.8469043151969982,10.500000000000007,-3,0,0
0.9203606311044328,-24.166666666666664,-5,0,0
0.8691860465116279,-5.0,0,0,1
1.187571483034693,-16.333333333333336,0,0,0
0.9539732494099135,-26.999999999999993,-7,0,0
0.7620020429009193,-10.0,-3,0,0
0.9229534510433387,-7.499999999999993,2,0,1
1.1682037768994291,-10.333333333333336,-2,0,1
1.4138576779026217,17.0,1,0,1
1.3781512605042017,35.49999999999999,-5,0,1
0.8544940289126336,-4.166666666666664,1,0,1
1.1458250099880143,20.833333333333336,-4,0,0
1.1180609851446444,-7.333333333333329,0,0,1
0.9909803921568627,1.3333333333333286,-8,0,0
1.374611628939192,26.0,-5,0,1
1.0279863481228668,4.5,2,0,1
0.909367602299628,1.8333333333333286,4,0,1
1.0085675119945168,19.5,6,0,1
1.1155873493975903,35.33333333333333,-9,0,1
1.1755573248407643,5.833333333333336,-2,0,1
1.0843111690569318,-16.666666666666664,2,0,1
0.9424511545293073,2.0,7,0,0
0.8222627737226277,-2.6666666666666714,0,0,0
1.0208777162334897,2.6666666666666714,7,0,1
1.0099696575639359,16.166666666666664,5,0,0
0.9093137254901961,41.00000000000001,-7,0,1
1.0200153964588146,0.5,1,0,1
1.108466640655482,16.0,3,0,0
0.9049536850583971,2.833333333333343,0,0,0
0.9905172413793103,-24.499999999999993,-1,0,1
0.6793440334961619,-44.666666666666664,-2,0,0
0.8614814814814815,-21.833333333333336,0,0,0
1.0921640276086073,14.333333333333336,2,0,1
1.0150771388499298,-2.0,1,0,0
0.8962333825701625,-11.166666666666664,2,0,0
0.9792091316754994,-8.166666666666664,0,0,0
0.9772804340454392,-0.1666666666666572,0,0,0
1.276944065484311,-9.999999999999993,1,0,1
0.6151898734177215,-26.833333333333336,3,0,0
1.1141516810007819,-3.166666666666657,1,0,1
1.2011661807580174,3.166666666666657,-4,0,1
1.01524500907441,9.5,4,0,1
0.9371859296482412,-13.5,-2,0,1
1.1724854530340814,8.833333333333343,-7,0,0
1.3436563436563436,28.83333333333333,3,0,1
0.8372488934286687,-14.500000000000007,-1,0,0
0.983787512935495,-9.5,0,0,0
0.786096256684492,-24.999999999999993,1,0,1
1.1134840871021776,33.666666666666664,-4,0,0
1.231377444860591,29.500000000000007,-6,0,1
1.0210444271239283,1.1666666666666714,3,0,1
0.8276899924755455,-22.333333333333336,1,0,1
0.9896313364055299,-8.833333333333336,3,0,1
1.188992310805342,10.000000000000007,-1,0,1
0.7608029942157196,-28.333333333333336,1,0,1
1.1289335664335665,-22.0,1,0,1
0.869579945799458,-11.166666666666671,-1,0,1
0.8893913043478261,15.5,-8,0,0
1.1531496062992126,4.666666666666671,-1,0,1
1.5427547363031233,-11.5,2,0,1
1.3,-2.8333333333333357,8,0,1
0.7200772200772201,-11.666666666666671,-4,0,0
0.7776914108045083,-19.666666666666664,-4,0,1
0.9778145695364239,-18.83333333333333,1,0,1
0.7629392971246006,-28.83333333333333,0,0,0
1.1642728904847397,19.166666666666664,1,0,1
0.9836934366082348,-12.0,-1,0,1
0.898854961832061,-27.333333333333336,0,0,1
1.2254286909242995,40.66666666666667,1,0,1
0.9811077715757835,-1.5,-1,0,0
1.1433135554541305,5.333333333333336,2,0,1
0.8524397413286302,-18.16666666666667,-7,0,1
0.7703519374333452,-17.666666666666664,2,0,1
1.1802735184417736,-14.833333333333329,-8,0,1
1.2019623875715453,3.8333333333333286,-2,0,0
1.1093549765057669,-2.6666666666666714,-9,0,0
0.9083469721767594,4.666666666666664,-1,0,1
1.3190436933223413,27.83333333333333,4,0,1
1.2141585040071239,33.666666666666664,-4,0,1
1.108902691511387,24.33333333333333,-1,0,0
1.2494586401039411,29.66666666666667,4,0,1
0.94531534815895,-12.166666666666664,2,0,1
0.9014481094127111,-9.166666666666671,2,0,0
1.0566336633663367,0.0,-5,0,0
1.0959933222036728,7.666666666666664,3,0,0
0.966015625,-12.666666666666664,0,0,1
0.9838827838827838,13.333333333333336,7,0,1
0.8566654288897141,-12.499999999999993,-2,0,0
0.9688763136620857,-22.833333333333336,0,0,0
0.8510084580351334,-15.5,0,0,0
1.4893827160493827,31.666666666666664,-3,0,1
1.1247508967716222,0.5,-2,0,1
0.7663652802893309,-11.833333333333336,5,0,0
1.0854209445585214,8.333333333333336,3,0,1
0.7609384908053266,-10.833333333333336,-1,0,1
0.8186979560938683,-8.333333333333329,0,0,1
0.9549780380673499,16.333333333333336,1,0,1
0.8221258134490239,-26.833333333333336,-2,0,0
1.08206106870229,-8.333333333333343,-1,0,1
1.0139266304347827,-4.0,3,0,0
0.9467199467199467,2.0,-1,0,1
1.2375714914210294,26.16666666666667,9,0,1
0.9936507936507937,-18.999999999999993,0,0,0
1.1019189765458421,-27.0,0,0,0
0.9809899569583931,10.833333333333343,1,0,0
1.121857690668939,39.166666666666664,0,0,0
0.9928622412562456,19.166666666666664,0,0,1
1.1525830997196636,18.166666666666664,7,0,1
1.6180790960451978,27.666666666666664,-3,0,1
0.6907659269863994,-33.00000000000001,7,0,1
0.8870673952641166,-18.500000000000007,5,0,1
1.3452285485164395,33.333333333333336,-3,0,1
0.9752586594691858,4.666666666666657,4,0,1
0.9095149253731343,-11.5,2,0,0
1.112791702679343,23.833333333333336,-4,0,0
0.9434869739478958,22.833333333333336,6,0,1
1.0979106923392052,12.166666666666657,1,0,1
1.0637876386687797,0.5,0,0,0
0.9105538922155688,-1.3333333333333286,3,0,0
0.7097288676236044,-2.6666666666666714,-2,0,0
0.849063670411985,-6.5,2,0,0
1.1781832298136645,8.833333333333343,-1,0,0
0.9528916124090386,-4.333333333333329,-5,0,1
1.4280373831775701,23.0,1,0,1
0.9488337095560572,4.833333333333329,0,0,1
1.2524068647969862,-3.6666666666666714,2,0,1
0.8970932175075176,-9.833333333333336,-2,0,0
0.8641843971631206,-19.833333333333336,4,0,1
1.0036443148688046,-6.166666666666671,2,0,0
0.871326164874552,-10.833333333333336,4,0,1
0.9756183745583039,5.666666666666671,-2,0,1
0.948892674616695,-26.333333333333336,-2,0,0
1.0743600162535554,-4.333333333333329,-4,0,0
1.0510585305105853,-26.333333333333336,-1,0,1
0.7982456140350878,-31.666666666666657,-9,0,0
0.7695804195804196,-14.166666666666664,0,0,0
1.1692495921696575,22.166666666666664,-2,0,1
0.8304696449026346,-11.333333333333336,4,0,0
1.3458715596330275,14.166666666666664,-6,0,1
0.881947261663286,-25.166666666666664,1,0,1
0.9360730593607306,-12.333333333333329,7,0,0
1.0850877192982455,-15.0,-4,0,0
0.9753255654557916,7.166666666666671,-5,0,0
0.9646685192536721,0.3333333333333286,-1,0,0
0.8902130733116649,-1.5,2,0,0
1.2879464285714286,6.333333333333336,-1,0,0
1.2450331125827814,17.166666666666657,-1,0,1
1.3042153377348908,3.6666666666666714,-12,0,0
0.8842577749278615,1.8333333333333286,-3,0,0
1.1612903225806452,-10.5,26,0,1
1.011333585190782,-8.166666666666671,-6,0,0
1.0711678832116789,22.83333333333333,-2,0,0
0.8780912574016022,-1.3333333333333286,-7,0,0
0.9531523642732049,-4.499999999999993,-5,0,1
1.1740654205607477,-10.0,2,0,1
0.9747223286097281,2.3333333333333286,-1,0,0
0.6816949152542373,-28.83333333333333,-4,0,0
0.7929097929097929,8.0,1,0,0
1.0227808326787118,-5.0,0,0,0
1.1722634103794156,13.166666666666671,-6,0,0
0.9783567134268537,-8.333333333333329,0,0,1
1.0705882352941176,2.8333333333333286,5,0,1
0.7745768815268275,23.500000000000007,3,0,0
0.9059233449477352,-29.16666666666667,-4,0,0
1.0738255033557047,-8.5,3,0,1
0.8886894075403949,-6.5,4,0,0
0.9321739130434783,7.0,-4,0,0
0.9729626808834729,-16.0,1,0,0
0.7749830047586675,-10.166666666666671,-3,0,0
1.0679573291189253,3.8333333333333286,-6,0,1
0.9084821428571429,-16.16666666666667,4,0,0
0.7663230240549829,-21.666666666666664,2,0,0
1.2377560106856633,29.83333333333333,5,0,1
1.1838989739542225,2.666666666666657,0,0,0
1.1162699960983222,14.166666666666671,-2,0,1
0.852589641434263,1.3333333333333286,1,0,0
0.8805524449421426,-15.666666666666664,-2,0,1
1.0617469879518073,9.166666666666671,-1,0,0
1.2994599901816397,36.16666666666667,4,0,1
0.886066492342174,7.166666666666671,4,0,0
0.9742326638878362,3.5,0,0,0
1.0880476393024245,6.666666666666664,10,0,1
1.016453382084095,-14.666666666666664,-4,0,0
0.947843137254902,10.333333333333329,2,0,1
1.05126151381658,-5.5,2,0,1
1.0125379939209727,-5.0,3,0,1
1.149609229624116,17.33333333333333,6,0,0
1.150860344137655,-6.5,0,0,0
1.0381913959613696,29.666666666666664,-7,0,1
1.1,5.666666666666671,-7,0,0
1.127016129032258,5.166666666666671,0,0,1
0.9491869918699187,-5.666666666666664,5,0,1
1.0454725187821272,8.166666666666664,4,0,0
1.3438368860055607,4.166666666666671,4,0,1
0.9033469945355191,3.1666666666666714,-6,0,0
1.0286028602860287,9.166666666666671,3,0,1
1.2063839090511588,2.3333333333333286,7,0,1
0.9183946488294314,-19.16666666666667,5,0,0
1.0358471423740276,-35.833333333333336,2,0,0
0.9611538461538461,-18.166666666666664,-3,0,1
0.8271692745376956,4.166666666666657,11,0,1
0.680028129395218,-9.833333333333336,-5,0,0
1.0591603053435115,7.666666666666671,1,0,0
1.0720647773279353,-2.5,9,0,1
1.2433210028771065,10.333333333333329,7,0,0
0.8017574692442883,-7.833333333333329,1,0,0
1.0287216828478964,4.166666666666664,-2,0,0
1.3508771929824561,33.50000000000001,1,0,0
0.8838056680161943,-18.833333333333336,7,0,1
1.101141924959217,-4.333333333333329,-2,0,1
1.1080873898045227,11.333333333333329,3,0,1
1.0816653322658127,21.83333333333333,4,0,1
1.271240526525728,23.16666666666667,0,0,1
0.8277456647398844,-27.5,-2,0,0
0.8359749354957612,-1.1666666666666643,5,0,0
0.9613508442776736,-30.66666666666667,0,0,0
0.7538261152718984,-4.833333333333329,3,0,0
0.9344624447717231,-16.5,1,0,0
1.1156405990016638,-16.333333333333336,3,0,1
0.9077669902912622,-3.5,-4,0,0
0.9837306091562619,6.833333333333336,0,0,1
1.2388489208633093,6.666666666666664,-3,0,0
1.1529880478087648,1.6666666666666714,-4,0,1
1.0227272727272727,6.5,-1,0,1
0.9638757596218771,-12.166666666666671,-10,0,0
1.040990990990991,2.1666666666666643,-8,0,1
0.9394157951676885,-0.8333333333333428,-10,0,0
0.9968968192397207,-10.5,-2,0,1
1.1405915130732962,5.333333333333336,7,0,1
1.0522648083623694,0.0,1,0,1
1.234931808183018,29.500000000000007,7,0,1
1.1831550802139037,7.666666666666671,-1,0,0
1.2636641888937472,6.666666666666671,3,0,1
1.098454027664768,2.6666666666666643,1,0,1
0.9207272727272727,-17.833333333333336,1,0,0
1.1257731958762887,23.500000000000007,-2,0,1
0.7427285318559557,-15.166666666666664,-1,0,0
1.234831951113051,36.0,1,0,1
1.44863523573201,26.66666666666667,-5,0,1
0.9610215053763441,-3.8333333333333286,2,0,0
0.8626854317230886,-10.666666666666664,3,0,0
0.9378109452736318,-15.999999999999993,2,0,0
1.174439461883408,4.999999999999993,5,0,1
0.98068669527897,-19.833333333333336,1,0,1
0.9360857483128225,14.0,3,0,0
0.9547228727556596,1.8333333333333357,1,0,0
0.9120924473792819,-19.333333333333336,5,0,0
0.9336910693752396,-9.666666666666664,4,0,1
0.787012987012987,-30.000000000000007,-4,0,0
0.8139147802929427,-2.6666666666666714,-3,0,0
1.5459317585301837,25.166666666666664,0,0,0
0.9601449275362319,8.166666666666664,0,0,0
1.0972338642078794,-1.0,-5,0,0
1.0626620570440795,-2.1666666666666643,1,0,1
0.9578125,-1.3333333333333286,5,0,0
1.1153081510934393,21.66666666666667,1,0,1
0.8546623794212219,-4.666666666666671,-2,0,1
0.7399673735725938,-24.83333333333333,-5,0,0
1.2491181657848325,1.8333333333333286,-2,0,1
0.93421498813157,-1.8333333333333286,-3,0,0
0.889179104477612,-13.833333333333329,-3,0,0
1.0929397686477862,16.499999999999993,0,0,1
0.6761363636363636,-18.833333333333336,2,0,0
0.9515151515151515,-6.500000000000007,-1,0,0
0.8174491941135249,2.3333333333333286,-1,0,0
1.0490230905861457,-2.1666666666666714,-1,0,1
1.1074626865671642,21.166666666666664,-2,0,1
0.9515274949083503,1.8333333333333286,1,0,0
1.0770596590909092,-2.8333333333333286,1,0,0
0.9260886935677187,-9.5,-6,0,0
1.2759090909090909,15.000000000000007,0,0,0
1.2389193752638243,25.0,1,0,1
0.9843363561417972,5.5,1,0,1
0.759207675642216,-30.666666666666664,5,0,1
0.7992982456140351,-23.5,-1,0,0
0.8968253968253969,13.333333333333329,-2,0,0
1.0004166666666667,-8.333333333333329,2,0,0
1.337083513630463,51.00000000000001,-1,0,1
1.4787535410764872,19.166666666666664,0,0,1
1.3224169741697418,22.33333333333333,-6,0,1
0.8917910447761194,-32.50000000000001,-6,0,1
0.9851506151887993,-3.3333333333333286,0,0,1
0.9149277688603531,-15.833333333333336,-4,0,0
0.9656518345042935,8.833333333333336,1,0,0
1.1687747035573122,16.16666666666667,-3,0,0
1.1702290076335877,14.166666666666671,1,0,1
1.016495764600981,0.6666666666666643,4,0,1
0.6979816513761468,-18.333333333333336,-2,0,0
1.0085836909871244,16.333333333333336,3,0,0
0.9562109025915997,-5.0,1,0,1
0.8521639218690157,-23.500000000000007,9,0,0
1.0672682526661197,16.333333333333336,1,0,1
0.7895840615169522,-32.166666666666664,-3,0,0
1.140971239981141,7.166666666666664,2,0,0
0.8781558726673985,-2.666666666666657,0,0,1
1.0987179487179488,16.166666666666664,-2,0,1
0.95618885580604,-10.000000000000007,-4,0,0
0.9103544127866574,-13.0,1,0,1
1.0031620553359684,5.0,-1,0,0
0.6957746478873239,-15.166666666666664,-3,0,0
0.9947812123645122,-3.666666666666657,-1,0,0
0.9700822737471952,-9.5,2,0,1
0.9253466050479915,-10.0,-1,0,1
1.0422378658762506,1.5,-2,0,0
1.0969718817591925,23.333333333333336,9,0,1
0.9483344663494222,-5.833333333333329,3,0,0
1.5295100222717148,32.16666666666667,4,0,1
0.954429456799125,19.000000000000007,-2,0,0
0.9016635859519408,-2.6666666666666714,0,0,1
1.0108695652173914,-17.666666666666664,-5,0,1
0.9816326530612245,-7.666666666666671,-2,0,1
1.163358147229115,-10.333333333333329,-3,0,1
1.1364789446981227,-24.33333333333333,5,0,1
0.6533333333333333,-37.49999999999999,2,0,0
1.2105492589363558,44.333333333333336,10,0,0
1.0868369351669942,23.000000000000007,4,0,1
1.4315129811996419,9.666666666666671,-1,0,1
0.9040650406504065,7.5,2,0,1
1.272370144041903,-5.333333333333329,4,0,1
0.9033898305084745,-12.666666666666664,0,0,0
1.1221621621621622,1.8333333333333286,-3,0,1
0.8246268656716418,-28.333333333333336,-1,0,0
0.7831558567279767,-16.83333333333333,7,0,0
1.2181818181818183,28.999999999999993,2,0,0
0.9056933286762138,-3.3333333333333286,0,0,0
0.8647714175950826,3.0,-2,0,0
1.181661644425312,15.0,0,0,1
1.0076923076923077,19.666666666666664,-4,0,1
1.0572824156305507,-0.8333333333333357,-3,0,1
0.8506986027944112,0.6666666666666643,-2,0,1
1.2352941176470589,26.333333333333336,5,0,1
1.0320384461353624,-6.666666666666664,5,0,1
0.9303040655961735,1.0,2,0,1
0.8374368686868687,-33.16666666666666,-1,0,1
0.9495605655330531,-16.833333333333343,2,0,1
0.7542949756888169,3.8333333333333286,-8,0,0
0.8342046303211351,-23.166666666666664,-2,0,0
1.043192812715964,1.0,-2,0,1
1.13610251878038,17.33333333333333,0,0,1
1.0013157894736842,-22.0,6,0,1
1.2401960784313726,8.333333333333343,-3,0,0
1.4151606425702812,1.1666666666666714,-2,0,1
0.927938808373591,-8.333333333333343,-5,0,1
0.8491803278688524,5.666666666666664,-4,0,1
1.1245210727969348,9.166666666666671,2,0,1
0.9083083832335329,-18.833333333333336,5,0,1
1.1833333333333333,5.666666666666664,-2,0,1
0.9476868327402135,-9.333333333333329,-3,0,0
0.8179357021996616,-23.666666666666664,0,0,1
1.1020318021201414,2.0,5,0,1
1.265771812080537,9.666666666666664,-3,0,1
0.8024179620034543,-12.5,1,0,1
0.9679104477611941,-4.0,-5,0,0
0.9141977683724509,5.666666666666671,-1,0,0
1.0599294947121034,14.5,-5,0,1
0.9552182163187856,0.6666666666666643,7,0,0
0.7905203844879019,-7.666666666666671,-3,0,1
1.1719148936170212,-9.166666666666657,-2,0,1
0.9103967168262654,10.166666666666657,0,0,0
0.6871354006754682,-26.166666666666664,1,0,0
0.8955901426718548,-5.833333333333329,-2,0,1
1.2303132938187977,29.5,1,0,0
0.9018003273322422,15.833333333333329,3,0,1
1.065943600867679,13.166666666666664,-1,0,0
0.9684721099434115,11.166666666666657,0,0,0
1.1521640091116172,9.5,-4,0,1
1.1231854002488595,9.5,-1,0,0
0.8404141378079257,-1.6666666666666572,2,0,0
0.8086142322097378,-13.999999999999993,2,0,1
0.895500725689405,-2.0,0,0,1
1.292843691148776,15.833333333333329,-9,0,1
1.0894153611004969,25.833333333333336,4,0,1
1.0275193798449613,0.1666666666666714,3,0,1
0.8470839260312945,-23.66666666666667,4,0,0
0.8362403100775194,-22.66666666666667,-2,0,0
0.7485955056179775,-10.0,4,0,0
1.1567099567099568,6.166666666666664,1,0,1
0.9679588607594937,-0.6666666666666643,0,0,1
1.0182232346241458,4.333333333333336,2,0,1
0.885480572597137,-7.666666666666657,3,0,0
0.8648275862068966,-6.833333333333329,2,0,0
0.861648016276704,0.0,-2,0,0
0.9675345548055287,-13.333333333333343,0,0,0
1.0722792607802876,-3.5,0,0,1
0.8212508884150675,-20.5,-2,0,0
1.0411537108688005,27.83333333333333,2,0,1
1.092156862745098,20.333333333333336,-4,0,1
1.2541019955654102,20.166666666666664,3,0,1
1.3397260273972602,6.0,5,0,1
1.163579030350808,25.0,5,0,1
1.2093352192362092,12.166666666666671,3,0,1
0.8673469387755102,-11.5,-4,0,0
1.1128048780487805,8.5,2,0,1
0.9525812619502868,6.499999999999993,0,0,0
0.7928104575163398,-20.833333333333343,-2,0,0
1.1593301435406698,-11.166666666666664,-14,0,1
1.1480530594779632,20.500000000000007,4,0,1
1.0078125,-4.166666666666671,-2,0,1
1.1930344572063727,-12.333333333333329,0,0,0
1.0545081967213115,3.1666666666666714,4,0,1
1.413074372335386,7.499999999999993,-2,0,0
1.2365339578454333,1.8333333333333357,-3,0,1
1.0114285714285713,16.499999999999993,-1,0,0
1.1694182389937107,11.0,5,0,1
1.067917783735478,-0.8333333333333357,0,0,1
0.8736608792020687,7.5,2,0,0
1.220815195884448,9.166666666666671,1,0,1
1.0383653044203502,-4.166666666666671,0,0,0
0.9940921622686096,22.500000000000007,-1,0,1
0.9070833333333334,-10.666666666666664,-3,0,1
1.059981684981685,0.5,-2,0,1
0.9268041237113402,-25.000000000000007,-2,0,1
0.9740518962075848,4.5,5,0,1
0.8642903858731197,-8.5,-10,0,0
0.949272165857962,-14.833333333333336,-3,0,0
1.1487204249154999,23.999999999999993,2,0,1
1.30549813972716,19.833333333333343,-12,0,1
1.178802240413615,22.16666666666667,-2,0,1
1.0714582467802243,7.5,6,0,1
0.9012259194395796,-14.5,-4,0,0
1.0107998650016874,-2.0,2,0,1
1.3543098889476468,21.166666666666664,3,0,1
0.838810641627543,1.1666666666666714,0,0,0
1.0268860353130016,-4.666666666666664,-1,0,0
1.2118924020764512,26.666666666666664,-1,0,1
0.8475073313782991,-31.666666666666664,3,0,0
0.7217241379310345,-26.999999999999993,-2,0,1
0.9395430579964851,3.1666666666666714,2,0,0
0.8738429893726432,-15.666666666666664,-4,0,1
0.8928571428571429,-8.0,-10,0,0
1.022530329289428,-8.333333333333343,-4,0,0
0.9227533460803059,-0.3333333333333286,-1,0,0
1.0242851547199374,-1.0,-4,0,0
1.389687654933069,19.999999999999993,2,0,1
0.9896722047597665,-3.8333333333333357,1,0,1
0.8136758321273516,-0.5,-6,0,0
0.9008835958509412,-14.0,3,0,1
0.9041292639138241,-28.833333333333336,-4,0,0
1.0677339901477831,5.0,4,0,0
0.9992141453831042,-4.333333333333343,1,0,1
1.1662259161314696,7.333333333333329,-1,0,1
1.012962962962963,10.666666666666664,-3,0,1
0.9574861367837338,16.66666666666667,0,0,1
1.0023529411764707,6.666666666666671,9,0,0
1.0016253555465258,26.333333333333336,-3,0,1
0.9903890160183066,4.5,5,0,1
0.7620033112582781,-29.833333333333336,-8,0,0
0.9105599398722285,-20.66666666666667,-1,0,0
0.8121546961325967,3.6666666666666643,-1,0,0
1.2110362257792755,12.999999999999993,8,0,1
0.7703897805437275,-1.8333333333333357,2,0,0
0.9528795811518325,-5.833333333333329,-1,0,1
0.9966996699669967,-7.166666666666664,-2,0,1
0.959830866807611,6.333333333333329,-7,0,0
1.0407619047619048,-7.999999999999993,1,0,0
1.0263255469039674,13.833333333333336,-2,0,0
1.5356004250797024,14.000000000000007,6,0,1
1.1470225872689939,27.333333333333336,4,0,1
1.0814940577249577,7.0,-5,0,1
0.9050387596899225,-11.333333333333336,0,0,0
0.9020749908991628,-21.833333333333336,5,0,1
1.1808006887645286,28.666666666666664,-5,0,0
0.9900303424360641,-4.0,-5,0,0
0.8863555397221232,1.1666666666666714,0,0,1
1.142165984369185,11.166666666666671,4,0,1
1.1156282998944034,-13.5,7,0,1
1.209242618741977,31.999999999999993,-1,0,1
1.119676945668135,36.49999999999999,3,0,0
1.0249307479224377,3.1666666666666714,-6,0,1
0.8044211315099288,10.666666666666671,3,0,0
1.0521367521367522,2.5,-7,0,0
1.2039660056657224,11.5,1,0,0
1.010392609699769,13.166666666666657,0,0,1
0.9901315789473685,3.3333333333333286,0,0,1
1.147905282331512,-19.333333333333343,4,0,0
0.8071643789755608,-25.0,0,0,0
1.0519774011299434,12.666666666666671,3,0,1
1.001814058956916,14.5,-4,0,1
0.9160679294578706,-3.8333333333333286,-1,0,0
0.9965570007651109,-1.5,1,0,0
0.7721003134796238,-2.6666666666666714,-5,0,0
0.9174536551241693,-2.8333333333333357,7,0,0
1.0774681152574397,17.66666666666667,1,0,1
1.024425811155669,0.1666666666666714,5,0,0
0.9048355899419729,-9.833333333333336,1,0,0
0.8326497128794094,-14.0,-2,0,0
0.9368913128165174,-18.16666666666667,16,0,1
1.177491103202847,-16.500000000000007,-4,0,1
0.8988962472406181,-8.833333333333336,-5,0,0
1.109272964736613,10.833333333333336,-4,0,1
0.9874237804878049,19.333333333333336,3,0,0
1.2159579550883899,31.999999999999993,-3,0,1
1.2024832855778413,12.0,1,0,1
1.1728952772073922,-4.0,-1,0,0
0.7780821917808219,-9.0,1,0,0
1.146062831497348,0.0,2,0,1
1.3739763421292084,-1.1666666666666714,4,0,1
1.21350861287398,-6.333333333333336,2,0,1
0.8515570934256055,7.166666666666664,-8,0,0
1.044030146767156,-3.6666666666666643,0,0,1
1.1392898946547014,-3.3333333333333286,0,0,0
1.1797603195739015,13.0,3,0,1
0.7390490453013853,-32.33333333333333,0,0,0
0.8398285268901013,-8.666666666666671,13,0,1
1.1561679790026247,5.333333333333329,2,0,1
0.9755804643714971,-18.166666666666664,4,0,0
1.3497346840328026,6.833333333333336,4,0,1
0.813777441332324,-2.6666666666666643,1,0,0
0.9686383485510123,4.666666666666671,1,0,1
0.6478076379066479,-16.5,-3,0,0
0.8596563011456628,-17.500000000000007,2,0,1
1.0715576436573906,17.833333333333336,2,0,1
0.9101626016260163,-4.833333333333336,4,0,0
0.9942487419122933,-10.333333333333343,0,0,1
0.8039867109634552,-26.333333333333336,-4,0,1
1.048751007252216,-8.333333333333336,0,0,1
1.162813575996065,32.0,-4,0,0
0.8732289336316182,-10.833333333333329,3,0,0
1.4479768786127167,15.5,1,0,0
1.4512872286723877,0.5,-4,0,1
1.0177725118483412,9.833333333333329,5,0,0
0.8122137404580153,-12.499999999999993,-1,0,1
1.0690041029466617,13.833333333333336,-4,0,1
0.9794254658385093,-6.0,0,0,0
1.0981067125645438,35.50000000000001,4,0,0
0.8408427876823339,-0.8333333333333286,3,0,0
1.0086318515321537,0.1666666666666643,3,0,0
0.9163568773234201,4.0,4,0,0
1.30745179781136,3.1666666666666714,3,0,1
0.9781481481481481,33.166666666666664,4,0,1
1.1699346405228759,-4.500000000000007,4,0,1
1.1176015473887815,7.166666666666657,2,0,1
0.9529015979814971,-7.166666666666671,3,0,1
0.7670642809807819,-24.833333333333336,-5,0,0
1.0039355992844365,30.166666666666664,-4,0,0
0.963074857334676,-13.166666666666671,-1,0,0
1.4002140181915463,-15.666666666666671,2,0,1
1.1962335216572504,22.833333333333336,-3,0,1
0.8376425855513308,6.833333333333329,-3,0,0
0.89536220774243,11.333333333333336,-5,0,1
1.0636112208613195,22.000000000000007,2,0,0
0.8635842567825754,-22.500000000000007,-1,0,0
1.1960332103321034,16.166666666666664,-4,0,1
1.0763478945297127,3.166666666666657,-4,0,0
0.997229916897507,-34.333333333333336,-5,0,0
0.98014440433213,-5.166666666666657,-4,0,0
0.8505622052956112,17.666666666666664,0,0,0
0.9740973312401884,3.6666666666666714,-3,0,0
1.1950805767599662,4.5,-2,0,1
1.0987606506584044,-13.499999999999993,-4,0,0
0.875686274509804,-3.8333333333333286,3,0,1
1.0327552986512525,7.333333333333336,0,0,1
1.1596009975062345,23.333333333333336,-1,0,1
1.0240062967335695,-12.499999999999993,3,0,1
1.1506143479984146,-22.166666666666664,0,0,1
1.0788743559254856,-2.1666666666666714,4,0,0
1.313268892794376,6.333333333333336,2,0,0
1.1384615384615384,20.5,3,0,1
1.1177613680528566,23.000000000000007,3,0,0
0.9230443974630022,5.666666666666671,-3,0,0
1.4901297236322617,40.33333333333333,2,0,1
0.8896,-10.666666666666671,0,0,1
0.8986220472440944,-4.333333333333329,2,0,1
0.9374531835205993,-4.833333333333336,2,0,0
0.8800711743772242,-14.333333333333329,6,0,0
1.1184426229508198,8.166666666666664,-1,0,1
1.0208333333333333,-19.166666666666664,1,0,0
0.7445234708392603,-19.5,-2,0,1
1.2132520944402132,7.666666666666671,0,0,0
1.254292343387471,33.666666666666664,-5,0,1
0.8729792147806005,-4.0,-1,0,0
0.8870848708487085,8.333333333333329,4,0,1
0.6915765322844969,-38.666666666666664,3,0,1
0.9220200519866321,-24.666666666666664,2,0,1
1.174641148325359,-2.8333333333333357,-1,0,1
0.8826677645121449,26.83333333333333,-2,0,1
1.0640776699029126,25.500000000000007,0,0,1
0.8479390370626948,3.166666666666657,-7,0,0
1.0732484076433122,6.666666666666664,-3,0,0
1.0754098360655737,-17.5,-4,0,0
0.7330345710627401,-7.0,1,0,1
1.0156028368794325,9.666666666666657,9,0,1
1.072129909365559,2.5,-1,0,1
0.8741880341880341,-7.499999999999993,3,0,1
1.0465477114041892,11.666666666666657,-1,0,0
0.9830882352941176,-19.16666666666667,-1,0,0
0.8676156583629894,-5.0,2,0,0
0.761576354679803,-17.66666666666667,-3,0,0
1.1173285198555956,-5.0,0,0,1
1.0173143516737206,-1.5,-3,0,0
0.9568041571938941,-17.66666666666667,0,0,1
1.0631487889273357,-3.3333333333333357,-4,0,1
0.9098728496634256,-31.999999999999993,5,0,1
0.9335778321108394,3.6666666666666643,1,0,0
1.099502487562189,4.166666666666657,3,0,1
1.0132864400156312,-11.0,-1,0,1
1.0882818685669042,-23.16666666666667,-4,0,1
0.9313131313131313,-17.333333333333336,6,0,0
0.9550147492625368,25.499999999999993,0,0,1
0.9730815588589795,-0.3333333333333428,3,0,0
1.0733445096395642,13.333333333333336,0,0,1
0.8587570621468926,-14.833333333333336,-5,0,1
0.9718696397941681,-13.333333333333336,3,0,1
1.0211733568592853,23.5,-5,0,0
0.8677502770594754,6.0,2,0,1
0.7875,-35.666666666666664,-1,0,0
1.2337608605709558,16.66666666666667,-1,0,0
0.9905623279591034,-17.5,5,0,1
1.024655244463017,1.0,-2,0,1
1.114704776231666,13.166666666666671,-4,0,1
1.130297565374211,-9.833333333333343,-1,0,1
1.4234396048495734,26.5,4,0,1
1.209481361426256,33.666666666666664,-2,0,0
0.6866013071895425,-35.5,2,0,0
1.443155452436195,-1.5,-6,0,1
0.9279008636875704,2.333333333333343,2,0,0
0.8508474576271187,-16.83333333333333,4,0,1
0.8992734478203435,-22.0,0,0,1
0.9210850801479655,6.000000000000007,3,0,0
1.149235221165771,5.833333333333336,-3,0,1
1.2615684364344861,2.5,0,0,1
1.0321923390383048,1.6666666666666643,2,0,0
1.3401960784313725,41.00000000000001,-1,0,1
1.008288437629507,-8.166666666666671,-2,0,1
1.0846210448859455,-9.5,3,0,0
1.3344384583506008,18.16666666666667,-6,0,1
0.9867002156721782,-2.6666666666666714,6,0,0
0.8123874684911775,-14.666666666666657,5,0,0
1.0502136752136753,-15.166666666666664,1,0,0
0.8572957545486978,-12.666666666666664,-6,0,0
1.1303956834532374,-13.5,0,0,0
0.7336601307189542,-33.00000000000001,-5,0,0
0.9965811965811966,18.166666666666664,7,0,0
0.8509965200885795,-44.0,-8,0,0
1.0874942739349518,-6.333333333333336,-1,0,1
1.2439729990356798,2.6666666666666643,-1,0,1
0.8873005319148937,-2.8333333333333286,-4,0,0
1.0202183582693085,17.666666666666664,1,0,1
0.719310587407668,-4.666666666666671,0,0,0
1.0213693850850414,-15.499999999999993,-4,0,0
1.0151324085750315,-13.333333333333336,0,0,0
0.8975524475524476,-36.33333333333333,-10,0,0
1.3892083149049093,12.666666666666657,1,0,0
1.142554991539763,4.166666666666657,3,0,1
1.2269826800364632,2.6666666666666643,-5,0,0
0.9187909686817188,4.833333333333329,-3,0,1
0.947746310331073,30.999999999999993,0,0,0
1.0673146148308135,-1.0,-2,0,1
1.1897722732720735,30.833333333333336,0,0,1
1.0527182866556837,13.999999999999993,-2,0,1
1.1679633867276888,-11.666666666666664,-4,0,0
1.0779527559055118,-4.333333333333343,5,0,1
1.1038017941050833,14.0,-4,0,0
1.302547770700637,6.833333333333336,-5,0,0
0.6629171353580803,-16.33333333333333,8,0,0
1.1693755346449957,6.333333333333329,3,0,1
1.0383502170767005,30.66666666666667,-5,0,0
1.32475884244373,3.833333333333343,0,0,1
1.17663149667839,-6.5,4,0,0
0.8982149639194835,3.0,-6,0,0
0.9142521534847299,-12.333333333333329,-8,0,0
0.7367845424717463,9.499999999999993,7,0,1
1.0751445086705202,2.5,-2,0,1
0.8941039565554694,-8.666666666666664,0,0,0
1.073076923076923,10.333333333333336,2,0,0
0.9717533585945574,32.33333333333334,0,0,0
0.7185454545454546,-25.66666666666667,-4,0,0
0.9594137542277339,-15.0,0,0,1
1.0451858108108107,-3.000000000000007,-1,0,1
1.17324470294973,18.000000000000007,5,0,0
0.856396866840731,7.5,2,0,0
1.1456475583864119,10.5,3,0,0
0.9214421252371916,-29.16666666666667,-2,0,0
1.0359052711993888,21.66666666666667,2,0,1
1.3661581137309293,19.83333333333333,-9,0,1
1.0819327731092436,-17.499999999999993,-2,0,0
1.1177121771217713,4.833333333333329,4,0,1
0.8698841698841698,5.333333333333329,-3,0,0
1.0108614232209738,3.3333333333333286,3,0,1
0.9031807060468368,-19.833333333333343,-3,0,1
0.9315902578796562,-3.6666666666666643,5,0,1
1.7590214067278287,19.500000000000007,4,0,0
0.8250377073906485,20.83333333333333,2,0,0
1.0864341085271318,42.00000000000001,0,0,1
1.018425460636516,-16.500000000000007,-1,0,1
1.256965944272446,12.0,-6,0,0
0.9881453154875717,7.833333333333336,6,0,1
1.2864414622859788,10.166666666666671,2,0,1
1.0658436213991769,30.666666666666664,0,0,0
0.6794964028776979,-31.16666666666667,2,0,0
0.894681960375391,-19.333333333333343,-10,0,1
1.1382890365448506,5.333333333333336,-3,0,0
0.9243947858472998,3.5,-4,0,1
0.9867909867909868,-28.333333333333336,-3,0,0
1.0026415094339622,-21.499999999999993,-3,0,1
1.4388311045071818,27.833333333333336,-6,0,0
0.9792682926829268,-4.666666666666671,-5,0,0
0.9517457826598666,-7.166666666666671,0,0,1
1.059482155353394,-11.166666666666671,-4,0,1
1.2133333333333334,-15.499999999999993,7,0,1
0.9979598775926556,13.333333333333329,-3,0,1
0.9120835006021678,3.6666666666666714,7,0,0
1.1083617747440273,36.83333333333333,3,0,1
1.0692717584369449,7.166666666666664,3,0,1
1.0112708900116596,-8.499999999999993,1,0,0
1.0895652173913044,27.166666666666664,3,0,0
1.038774718883288,23.5,1,0,1
0.7914536157779402,-18.833333333333336,-7,0,0
1.030716723549488,12.333333333333329,1,0,1
1.3102222222222222,-3.1666666666666643,0,0,1
0.8453222453222453,-9.5,-1,0,0
1.177335229966809,30.833333333333336,6,0,1
1.1643564356435643,32.166666666666664,5,0,1
1.1958637469586375,11.166666666666671,0,0,1
1.1797323135755258,11.166666666666664,6,0,0
0.9587591240875912,-6.166666666666671,1,0,0
0.7675501432664756,-41.00000000000001,-5,0,0
0.8521415270018622,-2.0,3,0,1
1.0252964426877471,1.6666666666666714,4,0,0
1.1946702800361337,6.333333333333329,-4,0,1
0.7126903553299493,-15.166666666666664,1,0,1
0.9274537695590327,5.0,2,0,1
0.8810020876826722,-22.666666666666664,2,0,0
0.9723011363636364,-7.5,2,0,0
1.0,-0.8333333333333286,3,0,0
1.0631709331131296,-7.0,2,0,0
1.3615384615384616,24.66666666666667,-2,0,1
0.9456110154905336,5.333333333333343,-4,0,0
1.2491039426523298,35.333333333333336,-4,0,1
1.1508152173913044,19.333333333333336,1,0,1
1.125811283075387,11.5,-1,0,1
0.8599862731640356,3.0,0,0,1
1.1125938281901584,-8.166666666666671,3,0,1
1.3500482160077145,27.000000000000007,-9,0,1
1.0369437447523089,8.666666666666664,0,0,1
0.7542857142857143,-34.666666666666664,-2,0,0
1.2153774895785086,30.83333333333333,-4,0,0
0.726552179656539,-19.333333333333343,3,0,0
0.9036918138041734,1.0,4,0,1
0.8695652173913043,13.000000000000007,2,0,0
0.7522184300341297,-7.666666666666671,2,0,1
1.008327024981075,6.833333333333343,5,0,1
1.13896218117854,8.833333333333336,-5,0,0
1.1203518592562975,-7.333333333333329,-3,0,0
1.2169650468883206,23.333333333333336,-3,0,1
1.1705989110707804,-1.0,2,0,1
0.9682281059063137,22.83333333333333,-2,0,1
1.1255954958856649,24.499999999999993,0,0,0
0.9032136105860114,-7.666666666666664,5,0,0
0.9995923359152059,-7.666666666666671,4,0,0
0.9653635116598079,2.1666666666666714,6,0,0
1.0557553956834533,-4.166666666666671,-8,0,0
1.2028985507246377,21.0,8,0,1
1.0742375601926164,22.16666666666667,-1,0,0
0.8039624608967675,-23.500000000000007,-1,0,0
1.1567297393787932,19.999999999999993,-2,0,0
0.8381962864721485,-17.833333333333336,1,0,0
1.2165335838421794,17.83333333333333,-7,0,0
0.9035172636334301,-41.16666666666667,4,0,0
1.217993079584775,16.16666666666667,-5,0,1
0.8376906318082789,-17.0,3,0,0
1.6172151898734177,32.333333333333336,4,0,1
0.8167259786476868,5.0,-1,0,0
1.2385129490392648,-3.0,-1,0,0
1.0536815379035183,-10.499999999999993,-2,0,0
0.9638713954259198,2.1666666666666714,5,0,1
0.8508541392904073,-13.666666666666664,1,0,0
0.9870020964360587,13.0,-2,0,0
1.0974658869395713,15.5,4,0,1
1.0710920770877945,-5.666666666666664,-5,0,0
0.6728295819935691,-17.666666666666664,-2,0,0
1.0217777777777777,29.499999999999993,-3,0,0
0.8314176245210728,-22.333333333333336,-2,0,0
1.2650602409638554,30.83333333333333,4,0,1
0.9874237804878049,27.999999999999993,4,0,0
0.9844054580896686,6.333333333333329,-4,0,1
0.8798107255520504,-22.83333333333333,3,0,0
0.8925463488460084,-3.1666666666666714,6,0,1
0.9190732034922767,-3.0,-13,0,0
0.8075898801597869,-35.833333333333336,0,0,0
1.0457380457380456,6.499999999999993,-1,0,0
0.8113879003558719,-30.833333333333336,-5,0,0
0.8526119402985075,-3.1666666666666643,3,0,0
1.165910028889806,5.5,0,0,1
1.2547511312217194,17.5,2,0,1
0.9307065217391305,-5.166666666666657,5,0,1
0.7346805736636245,-23.666666666666664,3,0,0
0.9162735849056604,7.833333333333329,0,0,1
1.065031152647975,18.16666666666667,3,0,1
1.01878612716763,25.5,4,0,1
0.8657672849915683,1.0,5,0,0
1.5203336809176224,62.83333333333333,3,0,1
1.3028594442207007,20.33333333333333,-1,0,1
1.1223564954682779,6.333333333333343,3,0,1
0.88376821416469,-27.166666666666664,-4,0,0
0.9782774390243902,-9.833333333333329,0,0,0
0.9219858156028369,-41.66666666666666,-1,0,0
1.1751326762699015,20.33333333333333,0,0,1
1.2219321148825066,19.666666666666657,1,0,1
0.8629770992366412,-15.333333333333336,-4,0,0
0.8467857142857143,-13.833333333333329,0,0,0
0.860858794384806,-9.666666666666664,2,0,0
1.1548213599692663,30.66666666666667,-1,0,0
1.0188841201716738,17.33333333333333,0,0,0
0.9750875827170105,-29.499999999999993,-3,0,0
1.0813573180703189,-22.999999999999993,0,0,0
0.9404855129209084,1.8333333333333286,1,0,0
0.9342787962642685,-9.5,-1,0,1
0.9401476875242907,-8.5,5,0,1
1.1300273330730184,-4.5,0,0,1
1.210340256296951,-3.3333333333333357,-6,0,1
1.099772382397572,3.6666666666666714,9,0,1
1.3075106282475202,12.333333333333336,6,0,1
1.009134406263593,0.3333333333333286,-2,0,0
0.8681003584229391,-4.833333333333329,-3,0,0
1.0263262863980853,26.500000000000007,1,0,1
1.278397356464271,30.999999999999993,1,0,1
0.8847205939820242,5.666666666666664,3,0,0
0.9688907081457224,-9.5,2,0,1
0.9113966858302334,-7.666666666666671,0,0,0
0.793305439330544,-11.166666666666671,4,0,1
0.8500186081131373,0.1666666666666643,-2,0,0
1.0878571428571429,-19.83333333333333,0,0,1
1.3780918727915195,31.83333333333333,0,0,1
0.8380305602716469,-19.666666666666664,-5,0,0
0.7856353591160221,-4.333333333333329,4,0,1
1.2183860232945092,27.999999999999993,6,0,1
0.9781464993929583,-27.166666666666664,-1,0,0
1.052732871439569,29.16666666666667,3,0,1
0.8819813829787234,11.166666666666671,-1,0,0
0.9946611909650924,15.166666666666664,4,0,0
1.1341710579651398,-15.499999999999993,-1,0,1
0.9309481216457961,4.833333333333336,2,0,0
1.0378594830724426,38.833333333333336,-8,0,1
1.327191011235955,19.999999999999993,-1,0,1
1.009377344336084,10.0,4,0,0
0.9416342412451362,-27.499999999999993,2,0,0
1.1596498541058775,11.333333333333343,7,0,1
1.0012180267965896,15.833333333333336,-4,0,0
0.8383010432190761,-36.166666666666664,-4,0,1
1.1687546057479734,5.333333333333343,4,0,0
0.8127980922098569,-15.499999999999993,-6,0,0
1.0494117647058823,2.5,0,0,1
1.111151870873074,-23.83333333333333,3,0,1
1.1646825396825398,11.500000000000007,-4,0,1
1.0863963622584312,26.16666666666667,-1,0,0
0.834108527131783,-27.166666666666664,2,0,1
0.8929247067726069,-2.5,-4,0,1
0.9851546391752577,14.166666666666664,1,0,1
1.1739719837324898,-10.000000000000007,3,0,1
0.878839590443686,-38.83333333333333,-6,0,0
0.8687415426251691,-16.0,-6,0,1
1.0859634551495017,22.0,-2,0,1
0.8540268456375839,21.33333333333333,5,0,0
0.9214920071047957,-13.666666666666671,-5,0,1
0.8442831215970962,-15.500000000000007,-2,0,0
1.0781942765014108,6.833333333333336,1,0,1
1.2274201018990274,15.166666666666664,0,0,0
1.040747663551402,-6.000000000000007,6,0,1
0.7691970162351909,-30.833333333333336,6,0,0
0.8282988871224165,10.499999999999993,0,0,0
0.8803636363636363,-28.16666666666667,0,0,1
1.0455223880597015,-17.666666666666664,6,0,1
0.9861526946107785,-10.833333333333329,0,0,1
0.8784126984126984,-20.000000000000007,2,0,0
1.0149901380670612,18.333333333333336,0,0,1
0.9655035685963521,-12.166666666666664,-1,0,0
0.7833634719710669,0.6666666666666714,-8,0,0
1.0355179704016912,6.333333333333336,1,0,1
0.9921691464369616,-0.8333333333333286,4,0,1
1.271186440677966,7.833333333333343,1,0,1
0.813961038961039,-23.33333333333333,5,0,0
1.368790496760259,32.83333333333333,3,0,1
1.0066179031696274,-13.666666666666671,-5,0,0
1.2727272727272727,30.833333333333336,-2,0,1
0.9704187475989243,15.333333333333329,0,0,0
0.8754847048685911,6.166666666666671,0,0,0
1.0083916083916085,-15.833333333333329,-5,0,0
1.0149654643131236,8.5,1,0,1
1.005302695536898,-6.833333333333329,6,0,1
1.0737527114967462,1.6666666666666714,8,0,1
0.9858490566037735,3.666666666666657,5,0,1
0.9400372439478585,23.66666666666667,-1,0,1
1.0483239007400957,5.833333333333329,3,0,1
0.9568181818181818,11.333333333333329,1,0,1
0.864390243902439,-16.5,-1,0,0
1.0287850467289719,-17.16666666666667,0,0,0
1.125,-14.166666666666664,1,0,0
1.4231362467866324,13.666666666666671,-4,0,1
1.1248966087675765,12.333333333333336,-6,0,1
0.6953921913471685,-17.666666666666664,-5,0,0
1.0238353196099674,-18.83333333333333,-2,0,1
1.097666378565255,8.166666666666671,6,0,1
1.5116869918699187,41.833333333333336,4,0,1
0.9461199593358184,9.0,1,0,0
1.1118827160493827,14.166666666666671,-2,0,1
0.9963985594237695,-5.500000000000007,8,0,0
0.8187454412837345,-7.333333333333329,1,0,0
0.8748180494905385,-16.833333333333336,-3,0,0
1.0526315789473684,17.166666666666664,6,0,1
1.1538179148311307,20.166666666666657,-1,0,0
0.7477124183006536,-33.99999999999999,3,0,1
0.8619416758951642,-4.333333333333329,4,0,1
0.9167291822955739,-7.833333333333343,10,0,1
1.0896396396396397,-1.0,4,0,1
1.0207574654042244,0.5,0,0,1
1.0460548594649508,-4.0,2,0,1
1.093145869947276,2.0,-8,0,1
1.0298685782556751,8.166666666666664,12,0,1
1.1529598728645212,-4.333333333333343,0,0,0
1.0293398533007334,20.666666666666664,1,0,1
1.2054794520547945,26.666666666666664,-4,0,1
1.2998661311914324,8.333333333333329,0,0,1
0.9913378248315688,1.0,8,0,1
1.1643295354951797,3.6666666666666643,-4,0,1
0.9814323607427056,21.833333333333336,1,0,1
1.1029411764705883,17.5,7,0,0
0.7714404662781016,-9.166666666666671,-3,0,0
0.9714182344428365,-5.5,0,0,1
0.9672597864768683,2.3333333333333286,0,0,0
1.3516984258492128,22.833333333333343,1,0,1
1.1090534979423867,33.0,0,0,0
1.0767527675276753,-6.500000000000007,-3,0,1
1.09146110056926,3.8333333333333286,-9,0,1
0.8593990755007704,-17.500000000000007,-2,0,1
1.2202202202202201,7.5,-3,0,1
1.2880386983289358,11.500000000000007,-1,0,1
1.2244331328088849,-5.166666666666671,3,0,1
0.9571969696969697,-19.33333333333333,-3,0,1
0.909260642270351,2.833333333333343,1,0,0
0.858456486042693,-18.333333333333343,-2,0,0
0.8602668643439585,-37.333333333333336,2,0,1
0.8107913669064748,-26.0,3,0,0
1.1215391834819333,-0.1666666666666714,0,0,1
1.2591170825335893,18.33333333333333,2,0,1
0.8188865398167724,-15.333333333333336,-4,0,1
0.9663710273466372,5.166666666666671,-1,0,0
0.8257399401396741,-9.666666666666671,6,0,1
1.1591346153846154,8.5,-8,0,1
1.0357426528991263,4.166666666666671,-14,0,0
0.7709891936824605,-24.16666666666667,-17,0,0
0.9147261397179403,-25.33333333333333,2,0,0
1.0132365499573015,-8.833333333333329,-4,0,1
1.1096267190569744,22.5,-2,0,0
1.0200787401574802,-10.166666666666671,-1,0,0
0.9017857142857143,11.333333333333336,-2,0,0
0.9954732510288066,16.33333333333333,-7,0,0
0.9671311182565202,-0.1666666666666572,-1,0,1
0.7774972953479986,-26.833333333333336,9,0,1
1.3130029648454045,33.833333333333336,3,0,1
1.133419689119171,-6.666666666666671,3,0,0
1.433549911399882,18.500000000000007,3,0,1
0.9119047619047619,-4.666666666666671,-8,0,0
1.0591888929484838,6.666666666666671,2,0,0
1.018150684931507,-2.0,1,0,0
1.0687951349296845,-9.333333333333329,5,0,1
0.9657333890513999,15.166666666666664,7,0,1
1.2302315421581476,12.833333333333329,2,0,0
1.0074688796680498,-10.666666666666671,0,0,0
1.2244635193133047,31.16666666666667,-4,0,1
1.180096873623954,20.5,1,0,1
1.1819213313161876,23.333333333333343,2,0,1
1.043849437330229,-2.8333333333333357,-9,0,0
0.9919661733615222,5.333333333333336,1,0,0
0.8701298701298701,11.166666666666671,-8,0,1
0.9779359430604982,-27.0,1,0,0
0.8547156726768377,-18.16666666666667,-5,0,0
0.9110378912685337,-23.33333333333333,-2,0,1
0.9653535832937826,-3.8333333333333286,5,0,0
1.123915737298637,0.3333333333333286,-5,0,0
1.127700432069131,12.166666666666664,5,0,0
0.9685658153241651,-16.333333333333336,0,0,0
1.0153903903903905,2.6666666666666643,-1,0,0
1.1585551330798478,2.1666666666666714,-2,0,0
1.198406374501992,30.333333333333336,-2,0,1
1.0292983808789515,10.5,-3,0,1
1.1459243085880642,-25.5,1,0,1
1.0849802371541502,7.833333333333343,3,0,0
1.162095783872288,20.833333333333336,-3,0,1
1.043726235741445,-5.0,4,0,0
1.0960495739736638,26.0,-1,0,1
0.8476547842401501,1.3333333333333357,2,0,0
1.2470288624787775,1.5,-2,0,1
0.9461420932009167,-3.0,3,0,1
0.8094101602454824,-17.33333333333333,2,0,1
1.0051177072671442,9.666666666666671,-2,0,1
0.9905660377358491,1.6666666666666714,2,0,1
0.9577464788732394,12.0,1,0,0
0.8364106351550961,-27.16666666666667,3,0,0
0.9833518312985572,-5.333333333333329,-6,0,0
0.8536672629695885,18.5,7,0,0
0.8831808585503167,-8.166666666666664,10,0,1
1.0828754578754578,-6.333333333333336,3,0,1
1.0175504107542943,3.5,-4,0,1
0.9380782918149466,8.333333333333329,-7,0,1
0.7904085257548845,1.6666666666666714,-2,0,0
1.279739776951673,14.000000000000007,2,0,1
0.9955120359037127,3.3333333333333357,-4,0,0
0.9707394226967181,-9.0,3,0,0
0.8926401080351114,-11.333333333333329,-4,0,0
0.9385783298826778,-16.0,-7,0,0
0.8940520446096655,-4.333333333333336,0,0,0
1.4001878816345703,20.166666666666657,4,0,1
1.0236486486486487,1.3333333333333286,-1,0,0
1.0555782590927667,-10.833333333333329,-5,0,0
0.9545454545454546,-15.833333333333329,-3,0,0
1.1992300288739173,22.666666666666664,-1,0,1
1.2225705329153604,18.333333333333336,3,0,1
1.045145825009988,8.0,1,0,0
0.8356401384083045,-15.666666666666664,0,0,0
1.0509383378016086,5.666666666666664,5,0,0
1.3283996299722478,-0.1666666666666643,3,0,1
1.0166112956810631,12.666666666666657,-1,0,0
1.2772543741588156,10.333333333333343,0,0,1
0.9636363636363636,4.5,5,0,0
1.2270935960591134,-1.500000000000007,-6,0,0
0.9792452830188679,6.333333333333336,9,0,1
1.0316593886462881,23.16666666666667,-2,0,1
0.94408272692455,-6.833333333333336,1,0,1
0.981064316030036,-12.499999999999993,-5,0,1
0.9649402390438248,-10.5,-2,0,0
1.1038678835289004,8.666666666666671,-1,0,0
0.9628144367480861,-11.833333333333329,0,0,1
0.9764705882352941,-29.666666666666664,2,0,0
1.0378890392422193,-2.5,-5,0,1
1.2268041237113403,-6.0,0,0,1
0.8411247803163444,-12.166666666666664,-1,0,1
0.79041248606466,-32.833333333333336,-8,0,0
1.1834130781499204,8.666666666666671,4,0,1
1.2191358024691359,-1.3333333333333286,6,0,1
1.0041739130434784,-10.0,-5,0,0
1.0661831368993653,20.833333333333336,3,0,1
1.081091617933723,24.333333333333336,2,0,1
0.9956082564778217,-7.333333333333336,-5,0,0
0.9469090909090909,-33.00000000000001,-6,0,1
1.1913934426229509,-19.166666666666664,3,0,0
1.3619246861924685,-7.166666666666657,2,0,0
1.0209284627092847,-13.333333333333336,-3,0,1
0.7730471498944406,-22.000000000000007,2,0,0
1.0608870967741935,-1.6666666666666572,-1,0,1
1.0383064516129032,-17.333333333333336,2,0,0
1.0580277678889285,4.5,-5,0,0
1.5062593890836253,2.5,4,0,1
0.9180851063829787,-10.0,3,0,0
0.8668730650154799,-3.8333333333333286,6,0,1
1.0547765118317265,-0.3333333333333357,0,0,1
0.9725848563968669,0.3333333333333357,5,0,0
1.0628615503278056,8.5,-2,0,1
1.101024208566108,2.6666666666666643,1,0,0
0.9679122664500406,14.166666666666671,-8,0,0
1.3000863557858378,3.0,1,0,0
1.061328790459966,-7.333333333333336,-3,0,0
1.2229580573951435,7.5,5,0,1
0.7739300882064685,-7.166666666666671,-1,0,0
0.9818181818181818,-11.833333333333329,-2,0,1
1.0773333333333333,19.33333333333333,-7,0,1
1.108971348050728,-4.666666666666664,0,0,1
1.0305964368706428,1.6666666666666714,-5,0,1
0.8596035099122522,-11.0,5,0,0
1.2527426160337554,15.500000000000007,2,0,1
0.7291173486641866,-1.3333333333333286,-2,0,1
0.8252285191956125,5.333333333333329,-6,0,1
0.8736641221374046,13.166666666666664,-2,0,1
1.0555320050869013,8.333333333333329,-2,0,1
0.9304711246200608,-6.833333333333329,1,0,0
0.9184138559708296,-15.333333333333329,-4,0,0
0.856231105139402,-14.666666666666671,3,0,0
0.8380651945320715,-20.16666666666667,6,0,0
1.0813953488372092,-7.0,0,0,0
1.0321361058601135,-5.666666666666664,0,0,1
1.0102564102564102,-5.333333333333343,7,0,0
1.0418359057676685,3.0,-3,0,1
0.9798319327731092,14.666666666666671,5,0,1
0.8014073494917905,-4.5,3,0,1
1.028081865778201,-9.0,-1,0,1
1.0130718954248366,-1.3333333333333286,-1,0,1
1.1447058823529412,6.666666666666657,-2,0,0
0.855715871254162,-9.833333333333329,4,0,0
1.1146034816247583,17.66666666666667,2,0,0
0.9318691169878978,-1.8333333333333286,-3,0,0
1.0280786201363818,-5.166666666666671,5,0,0
1.0279239174423311,-3.8333333333333357,-1,0,0
1.1450798990748527,-1.3333333333333357,4,0,0
1.1509677419354838,3.8333333333333357,-1,0,1
1.0978660779985283,-0.5,-7,0,0
0.9856477889837083,17.0,-5,0,1
0.7318493150684932,-24.166666666666664,4,0,1
0.7632727272727273,0.3333333333333357,0,0,1
0.9859315589353612,0.3333333333333286,-6,0,0
1.1793075020610058,32.33333333333333,-4,0,1
0.8,-17.999999999999993,-2,0,0
1.0909090909090908,-9.166666666666671,3,0,1
0.9806744979158772,-35.166666666666664,3,0,1
1.100726392251816,-5.666666666666664,1,0,1
1.087719298245614,-7.833333333333336,3,0,1
1.2104787714543812,32.0,-5,0,1
1.1267605633802817,22.666666666666657,1,0,1
1.0204081632653061,21.33333333333333,-1,0,0
0.9753731343283583,-3.8333333333333357,-3,0,0
1.2826357231661831,5.833333333333336,6,0,1
1.1966386554621848,27.666666666666664,5,0,1
0.9056917324470295,6.000000000000007,2,0,0
0.9115781126090404,-30.83333333333333,-2,0,0
0.8083889418493804,-10.0,-1,0,0
0.8926751592356688,-14.0,-6,0,1
0.9430458109781263,7.0,1,0,1
1.0762331838565022,13.333333333333336,3,0,1
0.9168994413407822,-19.66666666666667,4,0,0
1.288509784244857,-2.833333333333343,-1,0,1
1.1357115160915083,17.666666666666657,-1,0,0
0.9681093394077449,-0.6666666666666714,2,0,0
1.060187249219795,8.5,1,0,1
0.9992360580595875,-10.666666666666664,1,0,1
0.9242097701149425,-11.833333333333329,0,0,1
1.0621266427718041,-7.166666666666664,7,0,1
0.9163636363636364,-5.333333333333329,0,0,1
0.9957680914092255,13.000000000000007,4,0,0
1.0960629921259843,-9.5,1,0,1
1.0245670559806686,3.0,3,0,1
1.1288683602771363,-2.166666666666657,0,0,1
0.8769961156668106,-6.0,-3,0,0
1.070941883767535,-13.500000000000007,0,0,1
0.8874773139745916,-48.99999999999999,4,0,1
1.0291872474180512,-9.833333333333329,2,0,1
0.73989898989899,5.833333333333336,2,0,0
0.7082521117608837,-22.833333333333336,6,0,1
1.1134208606856308,21.0,5,0,1
1.1234513274336284,20.166666666666664,-7,0,0
1.0449775112443778,39.5,1,0,0
1.235979292493529,5.666666666666671,-3,0,1
0.9606472968002943,0.0,0,0,0
0.9213669542136695,19.0,-4,0,0
1.0740455071345931,2.5,1,0,0
0.804297520661157,-25.000000000000007,-3,0,1
1.380774615025665,18.66666666666667,1,0,1
0.9913722267871816,9.5,3,0,1
0.7908070937386898,-24.000000000000007,-8,0,1
1.400414937759336,27.0,0,0,1
0.950274223034735,-29.33333333333333,8,0,0
1.0524490680537495,-9.666666666666664,-3,0,1
1.0815195884447961,17.83333333333333,8,0,1
1.1601307189542485,14.166666666666671,-4,0,1
0.8416326530612245,-11.666666666666664,8,0,0
1.292998785916633,-9.5,2,0,1
0.8458891013384321,-15.166666666666671,-2,0,1
0.7812284334023465,-3.0,-1,0,0
0.7719810288215979,-31.666666666666664,-5,0,0
0.7968028419182949,-5.5,1,0,0
0.996695580338703,35.333333333333336,-6,0,0
1.1366489618541766,3.1666666666666643,5,0,1
0.8267148014440433,-14.500000000000007,2,0,0
1.1045197740112995,20.499999999999993,3,0,1
1.0423728813559323,-24.666666666666664,0,0,1
0.7144144144144144,-28.500000000000007,-6,0,0
0.9774241302738712,-8.833333333333343,-10,0,0
0.949468085106383,-7.166666666666671,7,0,0
0.8002783576896312,9.833333333333329,1,0,0
1.0259340659340659,3.8333333333333357,9,0,1
1.2244412743699478,18.166666666666664,1,0,1
0.7901785714285714,6.333333333333336,-7,0,0
0.8504090377873004,-27.500000000000007,-2,0,0
0.9404181184668989,7.666666666666671,-4,0,0
1.2333036509349955,28.166666666666664,-9,0,1
0.6837763519706691,2.0,2,0,0
0.8140161725067385,-25.166666666666664,-9,0,1
1.2039401678219628,23.66666666666667,5,0,0
0.8545018829168093,-17.333333333333336,-7,0,0
1.0156657963446476,28.500000000000007,-2,0,0
0.9839080459770115,-11.833333333333343,1,0,0
1.0086239220097488,7.166666666666664,-2,0,1
0.8736383442265795,-30.333333333333336,0,0,1
0.9887966804979254,7.166666666666671,3,0,1
1.0041981528127624,-34.833333333333336,-4,0,0
0.9560260586319218,18.999999999999993,1,0,1
0.9172043010752688,-20.166666666666664,5,0,1
1.140358361774744,-34.33333333333333,6,0,0
1.0689391037916507,-2.5,-1,0,0
0.9917322834645669,-13.0,-4,0,1
0.9136807817589576,3.0,-1,0,1
1.011900039666799,4.166666666666671,1,0,1
0.9626978146194424,-10.5,7,0,0
1.0958029197080292,38.49999999999999,5,0,1
1.074106364428945,-12.000000000000007,-2,0,0
1.0729678638941398,-11.166666666666664,-1,0,1
0.8614564831261101,-6.5,0,0,0
1.02233676975945,1.8333333333333286,-3,0,1
0.7871878393051032,-13.666666666666664,1,0,0
0.8112094395280236,8.166666666666671,3,0,0
1.119700748129676,13.833333333333336,-3,0,0
1.0041572184429328,-17.166666666666664,-5,0,1
1.1707901037509976,25.16666666666667,-2,0,0
1.2140350877192982,42.0,3,0,0
0.9806073911452616,7.333333333333329,5,0,1
1.1010351966873706,19.166666666666664,-8,0,0
0.5605301914580265,-21.66666666666667,-1,0,0
1.2431299487657197,-4.0,-2,0,1
0.9576532862814292,9.166666666666657,2,0,1
0.9053497942386831,-19.16666666666667,-1,0,0
1.2995110024449879,-3.1666666666666714,-7,0,0
1.0884601383327266,7.166666666666671,3,0,1
1.309674282936315,8.999999999999993,3,0,1
1.0166729821902236,9.166666666666671,-2,0,1
0.9900990099009901,-17.0,4,0,0
0.9761793554413826,-9.166666666666664,-1,0,0
1.12448347107438,17.16666666666667,3,0,0
0.8374125874125874,-13.166666666666664,6,0,0
1.0771317829457365,8.833333333333336,3,0,0
0.8753366679492113,4.666666666666664,-8,0,0
0.9186046511627907,12.333333333333336,-4,0,0
1.0894912736724842,14.5,9,0,1
1.0604373757455268,24.166666666666664,5,0,0
0.9501872659176029,-8.0,-3,0,0
0.9062722736992159,-20.0,0,0,0
0.968960359012715,0.3333333333333428,0,0,0
0.9194182389937107,-61.00000000000001,-2,0,0
0.9161073825503355,4.333333333333336,6,0,1
1.1702299314239613,6.333333333333343,-2,0,1
1.219466541881142,12.666666666666671,-15,0,0
0.8116354759967453,-19.833333333333336,-2,0,0
1.284021071115013,29.999999999999993,1,0,0
1.202892001807501,3.8333333333333286,4,0,1
1.104322527015794,20.83333333333333,3,0,0
0.955026455026455,-16.833333333333336,-1,0,0
1.3401582131223826,29.499999999999993,-2,0,0
1.3370190181335693,22.0,2,0,1
1.3475810239549084,4.166666666666664,-4,0,1
0.9589108910891089,-18.166666666666664,-8,0,1
0.9806710430342815,7.166666666666657,-8,0,1
0.8842627960275019,-11.166666666666664,0,0,0
1.1215816703621582,-3.1666666666666714,3,0,1
1.0606578385305425,-10.5,0,0,0
1.1324085750315258,-23.66666666666667,0,0,1
1.0390785684903332,18.166666666666664,3,0,0
0.7356020942408377,-29.16666666666667,-9,0,0
1.1163885323063758,22.166666666666664,0,0,0
1.0731081658828558,20.0,10,0,1
1.036029411764706,-4.0,4,0,0
1.028914757791964,17.166666666666657,5,0,1
0.9045083422080227,-1.3333333333333286,2,0,1
1.1920143562135488,23.666666666666664,5,0,1
0.9810102544625902,-2.5,-3,0,1
0.986,8.5,2,0,0
0.9057090239410681,10.499999999999993,-2,0,0
0.9177189409368636,-13.333333333333336,-2,0,0
0.9736036725325172,3.833333333333343,0,0,0
0.8171765573166236,-3.6666666666666714,-4,0,0
1.189516129032258,20.500000000000007,-6,0,1
1.0130434782608695,3.8333333333333286,-7,0,1
0.9788423153692615,20.33333333333333,1,0,0
1.120070890562694,26.833333333333336,3,0,1
1.1106753812636165,-8.333333333333336,0,0,0
1.0816077953714982,11.666666666666671,-4,0,1
1.2636363636363637,12.833333333333329,1,0,1
0.9943161634103019,31.833333333333336,2,0,1
1.0768874478925428,-12.333333333333336,0,0,1
0.9618181818181818,-4.0,-4,0,0
1.3647540983606556,15.5,2,0,1
0.9462282398452612,7.333333333333329,3,0,1
0.9339483394833948,6.166666666666664,3,0,0
0.8303788668752172,14.333333333333336,-4,0,0
0.7586790855207451,-16.666666666666664,4,0,1
1.0749063670411985,0.1666666666666714,-3,0,1
0.9890265486725663,-2.1666666666666714,7,0,0
1.1373695198329854,12.999999999999993,0,0,1
1.1162162162162161,42.99999999999999,5,0,1
1.2364990689013036,21.500000000000007,3,0,1
0.7425018288222385,-16.5,6,0,1
0.9681372549019608,8.666666666666664,-3,0,0
1.0530828909759085,-24.333333333333336,-1,0,0
0.7575017445917656,-14.500000000000007,2,0,1
0.8610921501706484,-11.0,1,0,0
1.0382732532265242,-8.833333333333329,-1,0,0
0.8643598615916955,4.833333333333336,3,0,0
0.8244491826581379,3.1666666666666714,-3,0,0
0.8259629101283881,2.3333333333333286,-3,0,0
1.0236709351959643,4.166666666666671,0,0,1
1.4437689969604863,21.5,1,0,1
1.0646987464617872,-6.833333333333336,-1,0,1
0.9616926503340757,8.166666666666664,-1,0,0
0.9338205440519691,12.499999999999993,6,0,1
0.9081081081081082,6.333333333333336,-2,0,1
0.842988413903316,4.166666666666671,1,0,1
0.7355258650222679,-33.00000000000001,4,0,0
1.2756410256410255,21.166666666666664,-3,0,0
1.3829568788501028,3.3333333333333357,-2,0,1
1.1362617660242045,22.499999999999993,9,0,1
1.1843817787418656,15.166666666666664,-5,0,1
0.9647364513734225,-15.666666666666671,0,0,0
0.9084003574620196,-14.000000000000007,0,0,0
1.4121376811594204,39.83333333333333,6,0,1
1.0697095435684647,-3.166666666666657,-4,0,0
0.9304526748971194,18.0,-6,0,1
1.107760532150776,18.666666666666664,-2,0,0
1.08610086100861,-18.16666666666667,-3,0,0
0.9464831804281345,8.666666666666664,-5,0,0
1.3421900161030595,16.0,2,0,0
0.9502739148756848,-9.166666666666664,2,0,1
0.7940074906367042,-18.333333333333336,0,0,0
1.0606411741985322,24.66666666666667,2,0,0
1.0081572117167223,-0.5,7,0,1
1.3016867469879518,10.333333333333336,6,0,1
0.9218381775333857,13.166666666666664,-2,0,0
1.0728813559322035,-1.1666666666666572,-6,0,0
0.9132203389830509,15.833333333333329,0,0,0
1.1419354838709677,16.83333333333333,-3,0,1
0.7654516640253566,-15.333333333333336,2,0,0
1.2561643835616438,19.66666666666667,-1,0,0
0.9234135667396062,-12.499999999999993,-2,0,0
1.0124610591900312,-9.0,4,0,1
0.8675324675324675,14.5,1,0,0
0.928996282527881,10.5,6,0,1
0.83199121522694,-13.500000000000007,1,0,1
0.790282131661442,-15.166666666666671,2,0,0
1.2155365963179166,0.8333333333333357,-4,0,1
0.9682430100103555,12.833333333333329,0,0,1
1.3012879484820608,17.0,5,0,0
0.9814509480626545,18.666666666666664,1,0,1
0.9933799190878999,-1.5,-3,0,1
0.9396092362344582,0.5,3,0,0
1.219283276450512,20.83333333333333,7,0,1
0.952020202020202,7.666666666666671,2,0,0
0.8920729438034983,1.3333333333333286,-6,0,1
1.161034626616604,20.16666666666667,0,0,0
1.0444444444444445,-9.166666666666664,2,0,1
0.8324742268041238,-10.5,1,0,1
1.2687898089171974,22.83333333333333,-2,0,1
1.0974789915966388,3.500000000000007,-4,0,1
1.117979797979798,19.16666666666667,0,0,1
0.7876565841735411,-8.333333333333329,3,0,0
0.9041195771053591,-13.500000000000007,2,0,0
0.8211664735419081,-15.999999999999993,1,0,0
0.885670731707317,-30.499999999999993,0,0,1
0.9698082415340677,3.3333333333333357,-4,0,0
1.02268635217861,9.333333333333343,0,0,1
0.9409071993341657,-8.333333333333329,1,0,1
1.0112162635821942,-10.0,0,0,0
1.1355668095052591,-5.166666666666671,-6,0,0
1.174557431041581,1.5,1,0,1
1.024390243902439,-5.666666666666664,-3,0,0
0.7990867579908676,-21.66666666666667,2,0,0
1.4104712041884817,23.33333333333333,-1,0,1
1.1588709677419355,16.833333333333336,4,0,1
1.0970681458003169,-1.3333333333333286,-3,0,1
1.0664047151277014,-18.666666666666664,-3,0,0
0.958953722334004,-23.666666666666664,7,0,0
1.0975332068311194,12.666666666666671,-3,0,1
1.2361168243521186,21.333333333333336,6,0,1
0.9780316344463972,-7.5,-4,0,0
1.042225730071034,12.333333333333336,-8,0,1
1.1184451778511184,25.0,3,0,1
0.9830214830214831,12.500000000000007,6,0,0
1.2009247583018074,16.500000000000007,0,0,1
1.2067219152854511,7.833333333333329,-4,0,1
0.8966074313408724,-21.5,-4,0,0
0.6725925925925926,-20.500000000000007,2,0,0
0.8548330404217926,-6.5,-6,0,1
0.8661948095719582,-9.0,-3,0,1
1.1492214532871972,7.333333333333336,1,0,1
0.8445692883895131,-4.833333333333336,1,0,1
1.0012345679012347,8.166666666666664,-2,0,0
0.7788235294117647,-51.83333333333333,-10,0,0
1.2594059405940594,-12.833333333333336,2,0,1
0.9996404171161453,-2.0,-6,0,1
0.9010989010989011,-5.666666666666671,2,0,1
0.84940839010398,-25.666666666666664,-3,0,0
0.7972929423138898,-13.333333333333329,-15,0,0
1.0418984056358918,-0.1666666666666714,7,0,1
0.9363465160075329,-10.166666666666671,-9,0,0
0.9118436182445382,-25.833333333333336,-4,0,0
0.949978982765868,9.333333333333336,0,0,1
0.936550793115086,-24.5,2,0,0
1.139937106918239,-0.1666666666666714,1,0,0
0.9921996879875195,2.6666666666666714,3,0,1
0.734986033519553,-39.166666666666664,-4,0,0
0.7126852186483557,-47.16666666666667,7,0,0
1.0995412844036698,9.666666666666671,2,0,1
0.7456238361266294,-4.5,6,0,0
1.1008753647353064,-25.33333333333333,0,0,0
0.6950742767787333,-19.333333333333336,-2,0,0
0.9804127317243791,-29.33333333333333,5,0,1
0.8523469070562636,5.833333333333329,0,0,0
1.037510305028854,-15.833333333333336,10,0,1
0.919911829537105,-10.666666666666657,3,0,0
1.0078308535630385,-9.166666666666671,-3,0,1
1.265490943755958,20.500000000000007,-7,0,0
1.072595281306715,-26.499999999999993,-2,0,0
1.074714903657098,18.0,0,0,1
1.1913757700205339,29.166666666666664,5,0,1
1.155181214905564,8.5,1,0,0
1.2203703703703703,30.5,4,0,1
1.1197423266388784,6.5,0,0,1
0.8505114083398898,-20.499999999999993,-3,0,1
0.9955539088551315,-2.5,-1,0,1
1.0575815738963532,13.333333333333329,3,0,0
1.1987724268177526,18.66666666666667,4,0,1
1.0126016260162602,3.833333333333343,-1,0,1
0.9967715899919289,9.166666666666664,8,0,1
1.0281800391389433,2.6666666666666714,5,0,0
0.8560467665327001,-34.833333333333336,4,0,1
0.9673139158576052,-2.3333333333333286,4,0,1
0.9221803222488858,1.3333333333333428,0,0,0
1.2616396761133604,14.166666666666664,7,0,1
0.7195666029318037,-5.0,3,0,0
1.0761421319796953,-7.833333333333336,2,0,1
1.2944228274967575,32.66666666666667,5,0,1
1.0236514522821576,-8.833333333333336,-6,0,0
0.9619087484303056,-11.0,-2,0,0
0.9218806509945751,-38.333333333333336,-2,0,0
0.8980755523877405,-30.333333333333336,1,0,1
0.8935879945429741,-3.333333333333343,-4,0,0
0.7499140006879945,5.333333333333336,3,0,1
1.021516754850088,19.333333333333336,1,0,1
1.091391268869849,9.833333333333343,-2,0,1
1.1005413766434649,7.0,-5,0,1
1.13100081366965,-14.0,-8,0,1
0.9611111111111111,-14.5,-2,0,1
0.908433734939759,-12.999999999999993,-2,0,0
1.0794809407948094,19.166666666666664,-2,0,1
1.125810635538262,10.0,-7,0,0
0.8790571870170015,-11.833333333333336,-2,0,1
1.053030303030303,17.33333333333333,-1,0,1
0.8139367816091954,-25.833333333333336,-4,0,0
0.983924154987634,-5.0,1,0,1
1.1280943025540275,-1.6666666666666714,3,0,0
0.9083820662768031,11.833333333333329,1,0,1
0.9322094691535151,1.6666666666666572,1,0,0
1.2050632911392405,9.0,-3,0,1
0.9447236180904522,-26.333333333333336,-1,0,0
0.9808795411089866,11.666666666666664,1,0,1
1.3780269058295964,2.6666666666666714,-5,0,1
1.0315589353612167,-17.333333333333336,-5,0,0
1.0175438596491229,-6.5,6,0,1
1.0549612689044634,-12.0,-4,0,0
0.9318352059925094,-1.1666666666666643,-4,0,1
1.0611658456486042,-4.333333333333336,2,0,1
0.6921451215216625,6.666666666666671,-2,0,0
1.1649365628604382,10.0,0,0,0
0.9238826815642458,-27.16666666666667,-3,0,1
1.065524944154877,4.666666666666671,0,0,0
0.983587786259542,-7.5,-10,0,0
1.088978396191871,-9.666666666666657,7,0,1
0.8606271777003485,-13.0,-5,0,0
1.0315962248666393,8.166666666666664,8,0,0
1.0159936025589764,-17.999999999999993,-2,0,1
0.7632215693052194,-11.5,11,0,0
0.8272897196261683,0.1666666666666714,1,0,0
1.0154700515668384,1.6666666666666714,-2,0,1
1.148605577689243,23.166666666666657,-8,0,1
1.0639886242445789,12.999999999999993,0,0,1
0.8779850746268657,-23.166666666666664,-3,0,0
1.0640495867768596,4.0,6,0,1
0.9635338345864661,6.0,-4,0,0
0.9243542435424354,27.83333333333333,1,0,1
0.763275094210346,9.166666666666671,-1,0,0
0.8512110726643599,-5.666666666666664,2,0,1
1.2448418156808803,15.0,-5,0,0
0.9995951417004049,-5.833333333333336,-3,0,0
1.333955223880597,27.333333333333343,-7,0,1
0.9856880733944954,14.666666666666657,-1,0,1
1.1835650040883074,19.499999999999993,-3,0,0
1.008675971331573,3.5,6,0,1
0.8656159270012443,9.166666666666671,3,0,0
0.949442119944212,-18.499999999999993,-3,0,1
1.0577689243027888,-3.166666666666657,0,0,1
0.9616613418530351,2.1666666666666643,6,0,1
1.346024096385542,-2.5,5,0,0
0.8676579925650557,-6.166666666666664,2,0,1
1.20817843866171,-0.6666666666666714,5,0,1
0.902127659574468,-16.999999999999993,2,0,1
0.899803536345776,-0.5,1,0,0
0.9677296886864085,0.0,-26,0,0
0.969263010827803,-8.666666666666671,-5,0,0
1.3241185897435896,14.833333333333336,-2,0,1
0.7717510010921005,-24.666666666666664,-2,0,0
1.2549889135254988,11.666666666666671,2,0,1
1.0727198027937552,9.333333333333343,4,0,1
0.9860194174757282,-39.50000000000001,5,0,0
1.0885032537960955,-3.3333333333333357,0,0,1
1.0623567171022468,1.1666666666666572,-8,0,1
0.7931681681681682,-1.0,-1,0,1
0.8881475667189953,-40.49999999999999,-3,0,1
1.0627400768245838,23.833333333333336,8,0,1
1.1476510067114094,6.333333333333336,-1,0,1
0.8829927488464074,1.3333333333333428,-3,0,0
1.1994395142456795,6.0,2,0,1
0.9822393822393822,-0.3333333333333286,3,0,1
0.9661654135338346,9.666666666666671,-1,0,1
0.9414595028067362,-18.500000000000007,1,0,1
1.1683320522674865,16.000000000000007,1,0,1
0.8725233644859813,-5.833333333333336,2,0,0
1.00304298212248,-7.666666666666671,1,0,0
1.0022341376228776,-4.5,-1,0,1
0.9309784815265936,-9.333333333333336,-11,0,0
1.0045566070802663,20.166666666666657,1,0,1
1.0140901771336555,-22.33333333333333,-4,0,1
1.057301293900185,19.5,3,0,0
1.0007722007722009,8.166666666666671,-2,0,0
0.9282069970845481,9.333333333333336,2,0,0
1.1532596263820054,3.0,-5,0,1
0.8687584345479082,4.0,3,0,1
1.1401911697769687,12.166666666666671,0,0,1
1.199236641221374,20.666666666666657,4,0,1
1.1391342756183747,-13.666666666666664,0,0,1
0.9389671361502347,-2.5,-1,0,0
0.7455197132616488,-6.0,6,0,1
0.800383877159309,-28.166666666666657,3,0,1
0.7662388175807079,-16.499999999999993,1,0,1
1.0567115463076295,14.166666666666664,-3,0,0
0.9887201735357918,11.833333333333329,-5,0,1
0.9198071866783524,8.666666666666671,-3,0,0
1.1507996953541508,18.500000000000007,-1,0,0
1.0808988764044944,25.33333333333333,0,0,0
1.1215686274509804,-7.333333333333329,6,0,0
1.197783461210571,16.16666666666667,1,0,1
0.9053822420294824,-19.666666666666664,-3,0,1
0.9037092544023979,-2.3333333333333286,2,0,0
1.1186770428015564,6.166666666666671,1,0,0
1.029050736497545,-20.333333333333343,8,0,1
0.7736474052263526,-23.83333333333333,1,0,1
1.1069941715237301,24.5,4,0,0
0.85,-10.499999999999993,5,0,0
1.1555839727195225,8.333333333333343,3,0,1
0.9823182711198428,31.83333333333333,1,0,1
0.9586393505991496,10.0,2,0,1
0.9173669467787114,-1.0,1,0,1
1.2648945921173236,3.5,5,0,1
0.9034680014301036,-31.500000000000007,0,0,0
1.0572025052192067,24.83333333333333,11,0,0
0.8831886345698501,-26.83333333333333,-4,0,0
0.8381349507202426,-11.5,2,0,1
1.0480851063829788,4.666666666666671,-1,0,0
1.253170731707317,19.666666666666664,5,0,1
1.162504954419342,13.166666666666671,-1,0,1
0.8829644533869886,14.333333333333343,2,0,1
0.8675747256905032,0.6666666666666572,-3,0,0
0.9307585247042449,-5.0,2,0,0
1.1783080260303687,15.833333333333336,-3,0,0
1.1497607655502393,18.66666666666667,3,0,1
0.7308072487644152,-20.833333333333336,4,0,0
1.136755823986195,-13.666666666666664,-5,0,1
0.9928952042628775,7.333333333333329,-2,0,1
1.0551638324346744,24.166666666666664,-7,0,0
1.2923948984411904,2.3333333333333357,4,0,1
1.3398402839396628,27.33333333333333,-4,0,1
0.9626132930513596,16.83333333333333,-4,0,1
1.3526315789473684,18.666666666666664,7,0,1
1.336768149882904,47.666666666666664,-3,0,0
0.7921623512946117,-12.833333333333336,5,0,0
1.1282051282051282,-0.3333333333333286,8,0,1
0.91672753834916,-14.833333333333336,12,0,0
1.2509537939805002,22.500000000000007,3,0,0
0.8613165680473372,-26.499999999999993,3,0,0
1.0992706645056727,5.666666666666657,0,0,1
0.9760394644115574,-21.000000000000007,-1,0,1
0.8135433070866142,-14.666666666666671,8,0,0
0.8744968898646176,-2.6666666666666643,5,0,1
1.205992509363296,6.666666666666671,-1,0,0
0.950390625,-7.666666666666671,3,0,0
0.8358605003790751,4.5,5,0,0
0.816247582205029,-21.666666666666664,-7,0,1
1.2265552460538534,20.499999999999993,-5,0,0
1.0902777777777777,12.166666666666671,0,0,0
0.9923240938166311,-1.1666666666666643,-1,0,0
1.1152129817444218,9.166666666666671,7,0,0
1.6520392359318534,18.833333333333336,-1,0,1
0.8333333333333334,-6.833333333333343,5,0,1
1.086037185563252,-1.1666666666666714,-2,0,0
1.0181752090149037,0.3333333333333286,-3,0,1
0.9655300222386953,-5.333333333333329,1,0,0
1.2338144329896907,-25.166666666666664,0,0,1
0.8318646457525555,-11.666666666666664,8,0,0
0.9295105916727538,17.83333333333333,-6,0,1
1.1544745636836242,5.666666666666657,-1,0,0
1.072072072072072,20.833333333333336,7,0,0
1.332099907493062,26.500000000000007,5,0,1
0.9732566012186865,-3.333333333333343,4,0,0
0.9636022514071294,-15.166666666666671,-1,0,1
0.8205039696237487,3.6666666666666643,7,0,0
1.0711798839458413,2.5,5,0,1
1.1508835523334844,24.0,6,0,1
0.9376811594202898,-1.1666666666666572,-1,0,1
0.9490022172949002,-1.6666666666666572,-8,0,0
1.3549455750118315,3.6666666666666643,-2,0,1
1.00882470918572,-2.1666666666666714,-2,0,1
0.8030143708377147,-4.666666666666664,-1,0,0
1.1326905417814508,-5.0,3,0,1
1.176519567027477,-17.333333333333336,-3,0,1
1.0614770459081837,8.5,6,0,1
1.04418762746431,25.0,5,0,1
0.8939393939393939,-1.3333333333333428,-2,0,1
1.2235342019543973,-21.5,5,0,1
0.9728314238952537,21.5,-3,0,0
0.7162249515190692,-28.500000000000007,10,0,0
1.1366678407890103,14.166666666666671,3,0,0
1.1525907792737657,2.5,1,0,1
0.9948387096774194,-5.5,1,0,1
1.0912897822445562,0.3333333333333428,0,0,0
0.9467636920720031,13.333333333333329,-5,0,0
0.9550644567219153,7.0,-2,0,1
1.0880809595202399,-4.166666666666657,3,0,1
1.0512820512820513,6.333333333333329,-2,0,1
1.173529411764706,36.50000000000001,1,0,1
0.9169172932330827,-2.666666666666657,-8,0,0
1.3062224399804017,-3.0,-2,0,1
1.0433357611070648,18.83333333333333,-1,0,0
1.0078647267007472,20.16666666666667,-2,0,1
0.9980850248946763,-13.333333333333343,0,0,0
0.6949044585987261,-21.499999999999993,-2,0,0
0.9390018484288355,-16.66666666666667,3,0,0
0.8845315904139434,5.0,-2,0,1
0.9142750652254938,3.666666666666657,5,0,1
1.1563142739613328,14.833333333333336,2,0,1
1.012653516933383,-6.5,2,0,0
0.9293347121682178,-19.83333333333333,3,0,1
0.8475864690231851,-17.66666666666667,-5,0,0
0.7553931802366041,-1.3333333333333428,0,0,0
1.3137614678899083,21.333333333333336,5,0,1
1.2288732394366197,26.499999999999993,-4,0,0
0.854087089381207,-24.000000000000007,12,0,0
1.0918854415274464,14.166666666666671,4,0,1
0.8892975358587716,4.500000000000007,0,0,0
1.0489711934156378,-23.000000000000007,7,0,1
0.8478428351309707,6.0,-2,0,0
0.8186813186813187,17.333333333333336,2,0,0
1.015263644773358,0.5,3,0,1
0.7088439880755217,-40.83333333333333,0,0,0
0.7559792027729636,-36.50000000000001,5,0,0
1.131996658312448,-0.5,-11,0,1
1.1050228310502284,0.6666666666666714,5,0,0
1.0112796577207313,-6.166666666666664,0,0,1
0.941244684963278,1.6666666666666714,-1,0,1
1.0633235724743777,19.16666666666667,1,0,1
1.1732101616628174,21.83333333333333,1,0,1
0.8474257797820368,-9.0,-4,0,0
0.9887359198998749,4.333333333333336,1,0,1
1.3214457831325301,21.333333333333336,1,0,0
0.8328799067236689,-16.166666666666664,2,0,0
0.9035769828926905,26.833333333333336,1,0,1
1.2227956989247313,4.333333333333329,-3,0,0
1.1366594360086768,23.16666666666667,2,0,0
1.405027932960894,25.833333333333336,-4,0,1
1.1913357400722022,1.3333333333333357,-1,0,1
0.8076639646278556,-7.166666666666664,1,0,1
1.0739893211289093,11.5,-1,0,0
1.232183908045977,18.5,5,0,0
1.0917782026768643,2.1666666666666714,0,0,0
1.1549060542797496,6.333333333333343,8,0,0
0.9580138736765242,24.33333333333333,3,0,1
1.148868778280543,22.83333333333333,4,0,1
0.8487394957983193,-11.666666666666671,-2,0,1
0.9971910112359551,28.666666666666664,5,0,1
1.0904003443822643,-8.5,0,0,0
0.8090778097982709,-30.66666666666667,6,0,0
0.9648493543758967,9.666666666666671,0,0,1
1.064397046759639,6.5,2,0,0
0.9696748264523201,-12.5,-6,0,0
0.9544225569718038,-3.8333333333333357,3,0,0
1.0315581854043392,7.5,-3,0,1
1.0460526315789473,8.0,2,0,1
0.6794368041912247,-13.5,7,0,1
1.0720833333333333,0.3333333333333357,-3,0,0
1.2199270959902795,18.999999999999993,-2,0,1
0.966968147856862,6.166666666666671,-4,0,1
0.6910977242302544,-12.833333333333329,2,0,0
1.0645871559633027,-7.833333333333329,-1,0,0
1.207511737089202,-0.6666666666666643,-2,0,1
1.1128720525705451,33.00000000000001,-1,0,1
1.0476911430734293,24.500000000000007,-3,0,1
1.0185685347738014,0.0,0,0,1
1.2971014492753623,0.1666666666666714,-1,0,1
1.1219607843137256,-14.666666666666671,-7,0,0
0.947109471094711,-13.833333333333336,0,0,0
0.937520552449852,-23.33333333333333,3,0,0
0.7904903417533432,-12.666666666666671,-1,0,0
1.1764979098931723,6.5,-7,0,1
0.926530612244898,-14.333333333333329,0,0,0
1.1729261246388774,-0.1666666666666714,-2,0,0
0.9615533980582525,17.833333333333336,-14,0,0
1.0516103996895616,-16.999999999999993,-1,0,0
1.0349217897417242,10.0,-4,0,0
0.9804979253112033,10.333333333333329,4,0,1
0.9528681037632444,10.333333333333336,-1,0,0
0.852072968490879,-17.66666666666667,-6,0,0
1.0217785843920144,13.333333333333329,-2,0,1
1.126133553173949,7.0,6,0,1
0.8962053571428571,-1.6666666666666714,-1,0,0
1.2501031778786629,29.166666666666664,-2,0,1
0.9765595463137996,-1.3333333333333286,0,0,1
1.1336206896551724,-3.1666666666666643,-4,0,0
1.0109022556390976,26.166666666666664,11,0,1
1.1239530988274706,10.833333333333329,-7,0,1
0.8214650766609881,-1.1666666666666572,-1,0,0
0.8571996817820207,-4.666666666666664,0,0,1
1.2027027027027026,39.666666666666664,-2,0,1
0.9233321046811648,-14.833333333333343,0,0,0
1.0441334768568353,10.5,2,0,0
0.9274336283185841,-14.166666666666664,5,0,0
1.1104441776710685,2.8333333333333286,-8,0,1
1.0440031152647975,8.0,1,0,0
0.9296,8.833333333333329,3,0,0
1.092280701754386,24.999999999999993,-8,0,0
1.1214365049981487,0.0,7,0,1
1.1317494600431965,19.833333333333336,-5,0,1
1.0827133479212254,-21.499999999999993,-8,0,0
1.0465909090909091,-1.0,-5,0,1
0.9787234042553191,-10.833333333333329,4,0,0
1.0692068429237946,8.000000000000007,-3,0,0
0.9548387096774194,6.666666666666664,-7,0,1
0.8797876374668183,-12.0,5,0,0
0.7253278122843341,-19.83333333333333,-3,0,0
0.6936936936936937,-20.333333333333336,0,0,0
1.1064003261312678,-10.5,4,0,1
0.9730458221024259,-0.5,-6,0,0
1.1224925309432352,-3.1666666666666714,-1,0,1
1.1970649895178198,1.5,1,0,0
1.2475247524752475,16.333333333333336,-3,0,1
1.0309323906319046,-11.333333333333336,4,0,0
0.8449422471123557,-13.5,-6,0,0
1.004502660663119,-4.166666666666664,4,0,1
1.1175510204081633,17.333333333333336,0,0,1
1.2420886075949367,1.8333333333333286,-2,0,1
1.3150984682713347,32.833333333333336,1,0,1
1.2604211431027073,1.5,8,0,0
1.0003683241252301,1.1666666666666714,3,0,1
0.9741885021509582,-13.833333333333336,0,0,0
1.143230138008206,15.999999999999993,-3,0,1
1.2732041969330106,15.000000000000007,3,0,1
1.1812749003984064,22.16666666666667,-2,0,1
0.8684891023272996,-14.666666666666671,-5,0,0
0.9612781954887218,10.666666666666664,5,0,0
0.7111111111111111,-21.166666666666657,0,0,1
1.0449389179755673,31.333333333333336,-2,0,1
0.9010118785745711,18.0,2,0,0
1.160749900279218,5.666666666666671,-6,0,1
0.9356144223693893,-2.1666666666666714,0,0,1
1.0421052631578946,19.66666666666667,-6,0,0
1.1853022520742789,15.666666666666671,3,0,1
1.0368052999631947,13.833333333333329,-6,0,0
1.091098169717138,10.166666666666671,-1,0,1
0.8797814207650273,-1.3333333333333286,-6,0,0
0.9258389261744966,-4.166666666666671,2,0,0
0.9523277467411546,-12.666666666666664,1,0,0
0.783357771260997,-14.0,-2,0,0
0.8067857142857143,-18.83333333333333,2,0,0
0.8476445038422987,-19.33333333333333,-3,0,0
1.2234042553191489,-3.0,2,0,1
1.0,15.5,-5,0,1
0.8200301204819277,-6.166666666666657,0,0,1
0.9392744479495269,21.333333333333336,6,0,0
0.8638808440215143,-7.333333333333336,5,0,1
0.984375,5.333333333333329,2,0,1
0.885607476635514,-11.5,10,0,0
0.8165413533834587,-14.833333333333329,4,0,0
0.8165240044659472,-6.5,0,0,0
0.7052666012430487,-21.16666666666667,-6,0,0
1.2359022556390977,7.666666666666664,2,0,1
0.9982566248256625,-1.6666666666666714,-4,0,0
1.0704162976085032,2.8333333333333286,-4,0,1
1.1477272727272727,13.833333333333329,-4,0,1
0.8746258729630861,-22.833333333333336,-8,0,0
1.182825484764543,-0.1666666666666714,-2,0,1
1.020475319926874,19.333333333333336,1,0,1
1.324431256181998,3.0,-3,0,1
1.1617584293640633,25.33333333333333,6,0,0
1.060546875,3.5,-2,0,1
0.807644499689248,19.83333333333333,-7,0,0
1.0082905645479667,3.5,3,0,0
0.9049979347377117,1.5,5,0,1
1.1723991507430997,10.166666666666664,6,0,0
0.9285452546720411,-11.333333333333343,3,0,0
0.8389078498293515,-19.16666666666667,3,0,0
1.0,30.33333333333333,3,0,1
1.3697362332253586,25.5,1,0,0
1.0854059127170343,11.5,7,0,0
1.2692493946731236,-1.3333333333333286,1,0,1
0.8179338561200137,14.5,-3,0,1
1.1379971250598946,14.500000000000007,-1,0,1
1.1101694915254237,-4.333333333333343,-2,0,1
1.1344110854503464,23.33333333333333,1,0,0
0.8792727272727273,0.3333333333333286,1,0,0
1.1177685950413223,-2.6666666666666643,3,0,1
0.9429213483146067,-13.0,-3,0,0
0.9230483271375465,-6.666666666666664,-2,0,0
1.0003459010722933,-9.833333333333329,0,0,0
0.9793070259865255,5.666666666666664,-4,0,1
0.9683991683991684,5.500000000000007,-1,0,0
1.0105311355311355,13.500000000000007,-3,0,1
0.5733695652173914,-33.00000000000001,-4,0,0
1.2059082892416226,29.999999999999993,0,0,0
1.0814444871302344,-10.333333333333336,1,0,1
1.2238745980707395,-13.333333333333336,1,0,1
1.1294212218649518,3.0,2,0,1
0.743914981145012,0.8333333333333286,-4,0,0
1.1041119860017499,-5.5,5,0,1
0.968667255075022,-0.8333333333333357,-2,0,1
0.9628828828828829,0.3333333333333286,7,0,1
1.1071849234393405,-20.999999999999993,2,0,0
1.0184190330007674,-8.166666666666671,-3,0,1
0.9564876519012152,3.3333333333333357,3,0,0
0.8796087283671934,-4.833333333333343,-5,0,0
1.0410480349344977,-10.0,0,0,1
0.7809134793910137,-39.166666666666664,-4,0,0
1.0748953974895397,-4.833333333333329,3,0,1
1.0895238095238096,16.666666666666664,0,0,0
0.9912207357859532,9.166666666666671,0,0,0
1.2655860349127181,10.333333333333343,4,0,1
1.2401837928153718,24.833333333333336,0,0,1
1.0828775767774506,-12.833333333333336,-1,0,1
1.1644144144144144,5.166666666666664,0,0,1
1.2045454545454546,-0.6666666666666643,-7,0,1
1.0570888468809074,3.6666666666666643,6,0,1
0.8227201257861635,-24.999999999999993,-2,0,0
1.020037807183365,-13.833333333333329,-7,0,0
1.0262757044935262,6.0,-6,0,0
0.9259689922480621,-0.3333333333333286,0,0,0
1.0109381573411864,1.3333333333333357,-5,0,0
1.094979079497908,1.0,-1,0,1
1.1204330175913397,8.5,1,0,1
0.8344429649356414,0.0,-2,0,1
0.8039447731755424,-4.0,-4,0,0
1.0639512752188809,-20.833333333333336,1,0,0
1.1200153374233128,15.000000000000007,-2,0,0
0.8994307400379506,-20.33333333333333,-2,0,0
1.3337673611111112,16.833333333333336,1,0,0
1.166822429906542,11.333333333333336,3,0,1
1.0899074482150728,-1.1666666666666643,0,0,1
1.2304223042230422,9.666666666666671,4,0,1
0.8065630397236615,5.833333333333336,-6,0,0
0.9210237659963437,-4.666666666666657,-2,0,1
1.0007283321194465,18.833333333333336,4,0,1
0.8668941979522184,-22.333333333333336,-3,0,0
1.04930826534232,6.499999999999993,2,0,0
0.9170221015897635,-11.166666666666664,7,0,1
1.1809678731191542,-0.8333333333333286,-1,0,1
0.8125899280575539,3.3333333333333286,4,0,1
0.7842924357582338,-17.500000000000007,12,0,0
1.3106027276726793,15.666666666666671,1,0,1
0.8308851224105461,-22.0,2,0,1
1.3325635103926097,20.83333333333333,-1,0,0
0.9657718120805369,13.5,-3,0,1
0.9131756756756757,0.8333333333333428,2,0,1
1.2765957446808511,37.833333333333336,-3,0,0
1.004737609329446,16.833333333333336,5,0,1
1.5205091937765205,36.666666666666664,-2,0,0
1.0348882791062328,7.833333333333336,1,0,1
0.9262020126723817,5.833333333333336,4,0,1
1.1461832061068702,23.166666666666664,1,0,1
1.424161788185205,30.333333333333336,5,0,1
1.3495412844036698,36.49999999999999,2,0,1
1.1862348178137652,21.166666666666664,6,0,1
0.7982573726541555,-4.666666666666664,7,0,0
1.021849963583394,12.0,1,0,1
1.262672811059908,5.0,0,0,1
1.1704834605597965,5.5,0,0,1
0.8017574692442883,-23.83333333333333,-5,0,0
1.0134373645426962,19.166666666666664,7,0,0
0.9943865276663993,-26.66666666666667,-1,0,0
0.9492700729927007,4.333333333333336,-3,0,1
1.0148911798396334,2.8333333333333286,-6,0,1
1.235147486497715,13.833333333333329,-6,0,1
1.0588235294117647,31.33333333333333,2,0,1
1.027966440271674,-2.3333333333333286,-4,0,1
0.7547169811320755,-27.0,1,0,0
0.7548831865185752,-20.999999999999993,0,0,0
0.8929368029739777,-15.833333333333336,-1,0,1
0.9611063094209161,14.666666666666664,-6,0,0
1.2292887029288704,6.0,3,0,1
1.1613844870725605,14.833333333333329,-1,0,1
0.9843690430804423,8.833333333333329,1,0,1
0.9880261248185777,-14.166666666666664,-3,0,1
0.9436264198569626,0.8333333333333286,4,0,0
0.8118918918918919,-7.666666666666671,-2,0,1
1.3122568093385214,18.499999999999996,4,0,1
0.7720588235294118,-26.0,-4,0,1
1.1171019376579612,10.0,-1,0,1
0.9922570654277971,-0.1666666666666714,1,0,1
1.0340715502555367,-17.833333333333336,-11,0,0
0.9877206446661551,-5.833333333333329,0,0,1
0.9051612903225806,-37.0,-3,0,1
0.7935590421139554,-9.833333333333329,3,0,0
0.8926592797783933,-25.666666666666664,8,0,0
1.2066881547139403,3.5,1,0,1
0.9061358655953251,14.666666666666671,-3,0,0
1.0208478109798471,-2.833333333333343,-1,0,1
1.0490086045641602,-5.666666666666657,-2,0,0
1.1319470699432892,4.833333333333329,5,0,1
1.1733679204496326,12.833333333333329,2,0,0
0.9585062240663901,-10.333333333333329,5,0,1
0.8351437699680511,7.5,-3,0,0
1.134891348913489,28.333333333333343,-1,0,0
0.8962097059865392,-8.833333333333336,6,0,0
0.8279766252739226,-27.16666666666667,-4,0,1
1.2332907620263942,54.99999999999999,-2,0,0
1.0031304347826087,-13.5,1,0,0
0.812962962962963,-18.166666666666664,4,0,0
1.0905205905205906,4.666666666666664,-5,0,0
1.0163339382940109,-7.0,1,0,1
0.9320352681851579,-19.166666666666664,-2,0,0
0.9056603773584906,-15.666666666666671,-3,0,1
1.247787610619469,31.333333333333336,-2,0,1
1.1024551463644947,11.999999999999993,-1,0,0
1.0264301230992035,5.666666666666657,3,0,0
0.8996138996138996,-8.666666666666671,2,0,0
0.8252624449712157,-37.49999999999999,-5,0,0
0.8138081849422055,-23.000000000000007,-3,0,0
1.0401500938086303,13.333333333333329,2,0,0
1.011890118901189,0.8333333333333357,7,0,1
0.8738524311458687,7.333333333333336,-3,0,1
0.9479204339963834,-8.5,0,0,0
0.9571717171717171,-25.66666666666667,1,0,1
1.0316957210776545,-13.500000000000007,-3,0,0
1.1095838106147384,8.666666666666671,-5,0,0
0.6270358306188925,-20.999999999999993,-5,0,0
1.011865524060646,11.166666666666671,10,0,1
1.1120117907148122,7.333333333333336,2,0,1
1.0068691250903832,7.666666666666671,-10,0,0
1.0862859524802,3.8333333333333286,-4,0,0
1.0432330827067668,-10.333333333333329,-1,0,0
0.8888455538221529,-18.666666666666664,-6,0,0
1.0390770375883884,-15.500000000000007,-1,0,0
1.1736111111111112,-5.166666666666671,0,0,1
1.0206896551724138,10.833333333333329,-2,0,0
0.9344569288389513,-4.5,3,0,1
1.112785016286645,-6.666666666666664,-6,0,1
0.899607843137255,-6.166666666666671,-3,0,0
0.7968053491827637,-9.333333333333329,-4,0,0
1.1439722463139637,18.0,2,0,0
0.9852774631936579,-15.833333333333329,-5,0,0
1.0415800415800416,-4.5,8,0,1
0.8499115044247788,-7.833333333333329,-3,0,1
1.0245327102803738,-15.166666666666657,2,0,0
1.0204262877442274,-3.6666666666666714,0,0,0
1.1273408239700375,32.666666666666664,3,0,0
0.9055415617128464,-15.166666666666664,-1,0,1
1.0194410692588092,-30.5,4,0,0
1.2043515358361774,2.8333333333333357,-2,0,1
1.2830273175100761,24.666666666666664,-7,0,1
1.0417721518987342,11.0,0,0,0
1.0025,-1.1666666666666714,-3,0,0
0.9208298052497883,-17.0,-4,0,0
0.8850018608113137,-26.333333333333336,-6,0,0
1.01093675701379,-2.5,0,0,1
0.9412780656303973,2.3333333333333286,0,0,1
1.167716535433071,7.0,6,0,1
1.168134171907757,8.666666666666664,-4,0,0
0.7655268667131891,-34.49999999999999,0,0,1
1.2454767726161369,20.0,1,0,1
0.9951219512195122,-2.0,-8,0,0
0.6592125984251969,-7.833333333333329,-3,0,0
1.0467099918765232,19.333333333333336,-2,0,1
1.0658823529411765,-0.5,-2,0,1
0.8969594594594594,29.333333333333343,7,0,0
0.9539735099337748,5.5,12,0,1
1.0049119934506754,24.833333333333336,2,0,0
0.8062962962962963,-51.833333333333336,-4,0,0
1.0259326660600545,2.8333333333333286,-4,0,0
1.083271375464684,20.66666666666667,0,0,0
1.0766928544706322,13.166666666666671,-4,0,0
1.232851143257116,23.000000000000007,4,0,1
1.0664605873261206,-31.83333333333333,1,0,1
1.1781275890637946,28.16666666666667,-4,0,1
1.0795407954079541,1.5,1,0,1
1.1002227171492205,10.333333333333329,1,0,0
0.8868613138686131,-20.833333333333336,3,0,0
0.9903880384478462,7.5,-7,0,0
0.8518107908351811,-7.0,-8,0,0
1.0595414201183433,11.500000000000007,-4,0,0
1.380974917179366,27.333333333333336,0,0,1
1.5714285714285714,35.333333333333336,2,0,1
0.7307692307692307,-17.33333333333333,2,0,1
0.872,-18.166666666666657,0,0,1
1.02491961414791,26.166666666666664,2,0,1
0.8476190476190476,9.666666666666671,3,0,1
1.0383491599707817,12.5,4,0,0
1.0397867104183758,26.333333333333336,1,0,1
1.1155977830562154,-2.8333333333333286,-1,0,0
0.8812603648424544,-9.5,-5,0,1
0.9218926023282012,6.833333333333343,1,0,0
0.8598058252427184,-8.0,-3,0,0
1.0812182741116751,1.8333333333333286,-4,0,0
1.3973817567567568,33.50000000000001,3,0,1
0.9313304721030042,-17.166666666666664,2,0,0
0.956855575868373,-4.0,3,0,0
1.123988069876438,-5.666666666666671,4,0,1
0.9930525401650022,19.166666666666664,3,0,1
0.8742540494458653,3.8333333333333357,6,0,1
0.8524426719840479,-25.833333333333336,2,0,0
1.0236220472440944,-16.833333333333336,0,0,1
1.0992046881540394,18.16666666666667,0,0,0
0.8263371699390657,-14.500000000000007,1,0,1
1.3358597820937943,15.499999999999993,-2,0,1
0.8583877995642701,-5.0,1,0,1
0.944380069524913,2.666666666666657,1,0,1
0.9817863397548161,11.333333333333329,0,0,1
0.9173228346456693,2.6666666666666714,-1,0,0
0.871319520174482,-8.666666666666671,-8,0,0
1.154186973859105,-4.166666666666664,-1,0,1
0.8891129032258065,-2.000000000000007,1,0,0
1.0894039735099337,6.833333333333329,-2,0,0
1.0649874055415618,5.166666666666664,-6,0,1
0.8949152542372881,3.6666666666666714,4,0,0
1.0441842900302114,-14.0,2,0,1
1.028205128205128,13.666666666666664,5,0,0
0.8106995884773662,-30.5,0,0,0
0.9523982558139535,-9.666666666666657,-3,0,1
1.1991820040899797,-1.0,6,0,1
1.0812975570684822,-5.666666666666671,-1,0,0
0.9364026531408506,-17.16666666666667,1,0,0
0.8805732484076433,-12.166666666666671,-8,0,0
1.0418929402637704,9.666666666666657,2,0,0
0.9812321501427989,7.5,0,0,0
1.2911963882618511,24.499999999999993,-2,0,1
1.0110472823685372,3.6666666666666643,2,0,1
0.9799509001636661,26.0,-5,0,0
1.27262044653349,16.66666666666667,3,0,1
0.924378453038674,25.833333333333336,-4,0,0
1.0494483040457703,10.833333333333329,4,0,0
1.367537313432836,-7.5,3,0,1
0.7722044728434505,-4.833333333333329,5,0,0
0.9644774886410574,-2.0,-4,0,0
0.8891517404528557,-15.333333333333329,1,0,0
1.0595419847328245,22.5,1,0,0
1.0979715148899438,-9.166666666666671,4,0,0
1.1101449275362318,12.833333333333336,-1,0,1
1.1320968962906888,9.5,-6,0,1
0.8737214791502754,8.666666666666664,-1,0,1
1.0117292225201073,12.666666666666671,-3,0,0
1.1129499379395946,-7.333333333333329,-4,0,0
1.1461572634384718,12.5,4,0,1
0.9314821492967905,-8.833333333333329,1,0,0
0.9375780274656679,-0.6666666666666643,-3,0,1
1.2464332036316472,0.6666666666666572,0,0,1
1.1154159869494291,-4.166666666666671,0,0,0
1.1173033707865168,16.500000000000007,-4,0,1
1.058261265361857,2.3333333333333357,-1,0,0
1.0897204688908928,19.666666666666664,2,0,0
0.7902290076335878,-37.166666666666664,1,0,0
1.1807985643786452,1.0,0,0,1
1.1936651583710407,19.66666666666667,-1,0,1
1.015117994100295,18.5,-6,0,0
0.7890337679705784,-12.833333333333329,-4,0,0
0.934030281182408,2.6666666666666714,8,0,0
1.1546391752577319,11.000000000000007,2,0,1
1.0201593999062353,2.0,-1,0,0
0.9702734839476813,17.166666666666664,8,0,1
1.0941119691119692,-7.833333333333329,-4,0,1
0.7820689655172414,-4.833333333333336,5,0,1
0.8464257659073056,-0.8333333333333357,-4,0,1
1.0683208701563562,7.833333333333343,6,0,1
0.8597317868793041,15.166666666666671,-1,0,1
0.8201739130434783,-7.333333333333329,-1,0,1
1.1352713178294573,14.0,-4,0,0
1.1165900543251148,-6.0,2,0,0
1.1872323861424678,27.0,-2,0,1
1.000728597449909,8.999999999999993,-1,0,1
0.9311145510835913,-16.5,6,0,1
1.3331782224290367,4.833333333333329,-4,0,1
0.9689343295320487,-18.333333333333336,-5,0,1
1.068164508758568,0.3333333333333286,-2,0,1
1.0646879756468797,-13.5,2,0,0
0.9539106145251397,11.333333333333329,10,0,1
1.1085271317829457,-20.166666666666664,-4,0,1
1.2445065920894927,34.00000000000001,-4,0,1
0.8351833165153044,-7.166666666666671,0,0,1
1.0456741326306545,13.833333333333336,8,0,0
1.0347571189279732,-7.999999999999993,5,0,1
1.2901174168297456,4.166666666666664,4,0,0
0.7396768402154399,-21.166666666666664,2,0,0
1.2847317744154059,24.83333333333333,5,0,1
0.9508620689655173,3.5,-1,0,0
1.1493738819320214,2.6666666666666643,-2,0,0
0.9237357259380098,-14.333333333333336,-1,0,1
0.9723655121591747,-8.166666666666671,-6,0,1
0.8883402962400304,6.0,4,0,0
0.9628378378378378,-11.5,-1,0,1
0.8952519028633563,-14.5,4,0,0
0.9080970276733857,2.6666666666666643,0,0,1
1.0003111387678905,15.5,0,0,1
0.9136780650542119,-4.500000000000007,5,0,0
1.0069843878389482,-8.333333333333329,-5,0,0
1.2795992714025501,1.3333333333333428,6,0,1
1.0918367346938775,-2.8333333333333286,-1,0,1
1.2484130342784596,12.166666666666671,2,0,1
1.0236068111455108,9.833333333333329,-1,0,1
0.9425556858147714,-8.0,1,0,1
0.944954128440367,1.6666666666666714,-1,0,1
1.0135658914728682,7.999999999999993,0,0,0
1.1069602831301613,33.00000000000001,3,0,1
0.8810135879544619,3.5,6,0,0
1.159758854559156,20.166666666666664,5,0,1
1.2587222473946533,51.666666666666664,2,0,1
0.895673271330368,20.666666666666664,8,0,1
1.036935166994106,3.5,2,0,0
1.1393146979260595,12.166666666666664,-1,0,1
1.0104126494408021,-26.66666666666667,6,0,1
0.8517011834319527,-32.49999999999999,5,0,1
1.2122395833333333,23.333333333333336,-5,0,1
1.034103410341034,2.1666666666666714,6,0,0
0.854236034036256,-11.833333333333329,2,0,0
0.8536666666666667,20.83333333333333,8,0,1
0.9730367374452309,-12.833333333333329,-2,0,0
1.1459016393442623,32.49999999999999,-8,0,1
1.1473247927656367,14.000000000000007,3,0,0
0.8743169398907104,-2.833333333333343,-4,0,1
1.2410901467505242,3.6666666666666643,1,0,0
1.1837404301859278,5.166666666666671,-1,0,1
1.0206440957886045,1.5,2,0,1
1.0386740331491713,16.833333333333336,-4,0,1
1.059281215264913,5.666666666666671,6,0,1
1.0126637554585154,-3.666666666666657,1,0,1
1.037065637065637,17.83333333333333,-7,0,1
1.2950819672131149,21.16666666666667,2,0,1
1.210092188258127,6.333333333333336,2,0,0
0.8443804034582133,3.5,0,0,0
1.3523852385238524,6.5,3,0,1
0.903448275862069,-19.5,3,0,0
1.0925925925925926,14.0,-4,0,0
0.9593714066692219,14.333333333333336,3,0,0
1.2643581081081081,5.833333333333329,-1,0,1
1.0202090592334494,11.5,2,0,0
0.9368058215243202,10.666666666666664,-8,0,1
1.0011574074074074,-13.333333333333336,-1,0,1
0.8822055137844611,-2.6666666666666643,-1,0,0
0.824957264957265,-18.0,-2,0,0
0.9959633027522936,-9.333333333333329,-1,0,1
0.8561572956191791,-15.833333333333329,-1,0,0
1.1059887979319258,2.0,5,0,1
0.9466242488511841,-28.666666666666664,2,0,0
1.105877616747182,7.833333333333329,-7,0,0
1.0573248407643312,-0.8333333333333286,1,0,0
0.8340501792114695,-13.333333333333329,-5,0,0
1.2231404958677685,12.166666666666671,-1,0,1
1.0904842820730671,-1.6666666666666643,1,0,1
0.8114220007665772,-16.16666666666667,3,0,0
0.8913551401869159,-21.833333333333336,-4,0,0
0.8282538544281104,-9.333333333333343,2,0,0
0.9183750949126803,22.166666666666664,-5,0,0
1.1211278792692614,28.500000000000007,5,0,1
1.1896709323583181,-3.0,0,0,1
1.1351459416233507,19.666666666666664,1,0,1
1.375992526856609,11.833333333333336,-4,0,1
0.7788194444444444,-19.5,-4,0,0
1.2025157232704402,-5.333333333333336,2,0,0
1.0659877800407331,-29.0,-6,0,1
0.8216666666666667,-13.5,7,0,1
0.8344569288389513,9.333333333333336,1,0,0
0.8436392280425364,-14.0,-2,0,0
0.9193979933110368,-26.166666666666664,-1,0,0
1.1584201388888888,8.166666666666671,-6,0,1
1.075626204238921,2.833333333333343,-6,0,1
0.9666026871401152,9.666666666666664,0,0,1
1.1460803059273423,9.166666666666671,2,0,0
0.7523576667830947,14.666666666666671,4,0,0
0.8368421052631579,-8.5,-1,0,0
0.7974263179742632,-3.3333333333333357,1,0,1
1.2118721461187214,20.66666666666667,1,0,1
0.996319018404908,11.0,-5,0,1
0.7559943582510579,-22.66666666666667,-1,0,0
0.8325712275765037,-7.500000000000007,2,0,1
0.7033462033462033,-6.166666666666671,-3,0,0
0.9874191229331416,-21.5,8,0,1
0.9528261793455164,1.1666666666666714,-2,0,1
1.0585170340681362,0.5,-1,0,0
1.2305774823431657,4.5,13,0,1
1.0104895104895104,12.5,11,0,0
1.218048024786987,14.333333333333336,-7,0,1
0.9653447659878528,-15.5,6,0,1
0.7178130511463845,-14.5,4,0,0
1.058446455505279,-15.5,-5,0,1
1.0701474691111996,-24.666666666666664,-3,0,0
1.0290924880590535,-0.8333333333333286,2,0,1
1.071703561116458,-5.0,-3,0,0
0.9178812655527906,-12.666666666666664,-3,0,1
0.9677891654465594,17.5,3,0,0
0.7260374586852736,-21.16666666666667,1,0,0
1.3304305757135946,4.5,-4,0,1
0.9339796860572483,-22.66666666666667,-2,0,1
1.1067743382682818,14.833333333333329,1,0,1
1.059047619047619,8.333333333333343,0,0,0
0.8622754491017964,-16.833333333333336,-4,0,1
0.8057630736392742,2.1666666666666714,4,0,0
1.0184887459807075,24.16666666666667,1,0,1
1.1386093321134492,0.6666666666666643,-3,0,1
0.8895046761343955,-20.66666666666667,4,0,1
0.9961904761904762,4.166666666666657,10,0,0
1.1280487804878048,1.1666666666666714,-2,0,0
1.2508333333333332,2.833333333333343,4,0,0
0.9126682775284778,-7.833333333333329,-1,0,0
0.9364141765114663,-14.666666666666664,5,0,0
0.8408802369868811,4.0,-1,0,0
0.9441401971522454,5.833333333333329,6,0,1
0.9363309352517986,-6.666666666666671,-4,0,0
0.9387755102040817,6.666666666666671,13,0,1
0.8894248608534323,11.833333333333336,4,0,1
0.9995967741935484,25.333333333333336,-2,0,1
0.93754674644727,13.0,0,0,0
0.8849829351535836,-4.833333333333329,1,0,0
0.8838622552329507,18.833333333333343,-2,0,1
1.0588001589193485,20.166666666666664,5,0,1
0.8554083885209713,-0.5,1,0,1
1.0757238307349666,13.0,-3,0,0
1.0685500623182385,-4.333333333333336,2,0,0
0.8166781529979324,-16.333333333333336,2,0,0
0.9797216699801193,-14.833333333333329,5,0,0
1.1146496815286624,8.166666666666671,-3,0,0
1.1142074006395615,5.166666666666671,-5,0,0
1.2208800690250217,10.666666666666664,1,0,1
0.9278884462151394,-27.166666666666664,-1,0,1
1.332475553268142,7.000000000000007,-4,0,0
0.7900262467191601,-8.5,2,0,0
1.4341692789968652,22.0,3,0,1
0.9224755700325733,4.666666666666671,-3,0,0
1.04,5.833333333333329,-5,0,0
1.043956043956044,0.6666666666666572,3,0,0
0.8013018156903049,-14.166666666666664,-3,0,0
1.1478187208809827,20.166666666666664,-6,0,1
1.0581787521079258,-2.0,6,0,0
1.1075464819540648,-14.500000000000007,0,0,0
1.187150837988827,-21.83333333333333,4,0,1
1.2425233644859812,15.333333333333329,4,0,1
1.0076952674105426,3.6666666666666643,-12,0,0
0.7419457735247209,-26.666666666666657,-1,0,0
1.0666411336652624,5.333333333333329,2,0,1
1.2302483069977426,9.333333333333336,-5,0,1
0.8397480755773268,18.0,-1,0,0
0.8873534338358459,-11.333333333333329,-2,0,1
1.0,9.666666666666671,0,0,1
0.9025682837342031,4.666666666666671,8,0,0
0.8584493041749502,7.833333333333336,1,0,0
1.2035600182565038,-1.8333333333333357,-5,0,1
1.0921052631578947,48.16666666666667,3,0,0
0.9966555183946488,-24.500000000000007,-1,0,0
1.0062039550213262,-15.000000000000007,-2,0,0
1.0642934980021794,-29.83333333333333,-3,0,0
0.8844884488448845,-1.8333333333333428,2,0,0
1.0038582953349702,1.3333333333333286,7,0,0
1.092885375494071,23.66666666666667,-2,0,0
0.964765100671141,7.833333333333329,-3,0,0
0.8844348140122787,-15.166666666666671,6,0,0
0.883616210599238,8.333333333333343,-5,0,0
0.9794742527907814,9.166666666666671,-4,0,1
0.7222816399286988,-15.833333333333329,-3,0,0
0.8773891092679409,-11.500000000000007,5,0,0
1.1010830324909748,20.500000000000007,0,0,0
1.1117936117936118,10.166666666666671,-2,0,0
1.056701030927835,-1.0,1,0,1
1.1768181818181818,-15.499999999999993,-2,0,1
1.1452229299363057,4.333333333333336,-3,0,0
0.6147271531886916,-31.666666666666664,0,0,0
0.8535688005886681,-32.66666666666667,-1,0,1
1.184920634920635,3.8333333333333286,-5,0,0
0.8158172231985941,0.0,3,0,0
0.8995433789954338,6.0,-5,0,0
0.9954058192955589,18.666666666666657,-4,0,0
0.7824329290701948,-4.166666666666671,4,0,0
0.8529028049575995,-13.000000000000007,-7,0,1
0.8894981020666386,-7.166666666666671,0,0,1
0.9607843137254902,6.833333333333329,7,0,1
1.0592255125284737,-12.0,1,0,1
0.9458855098389982,-13.333333333333329,-1,0,1
1.0618092509209989,1.1666666666666643,-4,0,1
1.1549019607843136,28.666666666666657,-1,0,1
0.9040564373897707,-18.999999999999993,1,0,0
0.9246231155778895,-17.5,-3,0,0
1.0758538522637013,18.16666666666667,9,0,1
1.0635543350333465,-18.66666666666667,2,0,1
1.2466434609646941,15.500000000000007,-1,0,1
0.9274385408406027,-14.500000000000007,-4,0,1
1.1354784081287046,10.666666666666664,3,0,1
1.092248062015504,16.0,-1,0,0
0.9714795008912656,-3.1666666666666714,1,0,1
0.824464409122322,-13.666666666666671,-3,0,0
0.913345521023766,7.666666666666671,4,0,0
0.8035460992907801,-13.166666666666671,-1,0,0
1.1010873942811115,-3.5,-6,0,0
0.9988755622188905,-25.33333333333333,8,0,1
0.8568138195777352,-34.99999999999999,1,0,0
1.1395759717314489,7.833333333333336,5,0,1
0.8832976445396146,-22.83333333333333,-2,0,0
0.9553091397849462,-1.8333333333333286,4,0,0
1.0056204063986165,-11.833333333333329,2,0,1
0.8587495865034733,21.999999999999993,2,0,1
1.3021077283372364,20.83333333333333,4,0,0
1.1039832285115303,0.0,-7,0,0
0.9064953604568166,-6.666666666666657,6,0,1
1.1279640228945216,1.999999999999993,3,0,1
1.0363774156877605,-19.666666666666664,-2,0,0
0.9877017678708686,-18.16666666666667,-5,0,0
0.9184140297369424,2.0,-3,0,0
0.8763837638376384,-6.333333333333329,-5,0,1
1.2663573085846869,37.833333333333336,-7,0,1
0.8495225551531116,5.0,6,0,1
1.1258620689655172,2.3333333333333357,1,0,1
1.0568362480127187,-5.166666666666671,0,0,0
1.1032863849765258,20.666666666666664,3,0,1
0.9365206910405786,-2.5,1,0,1
1.1719222462203023,21.999999999999993,6,0,1
0.8615879828326181,0.6666666666666714,-3,0,0
1.0507505360972123,2.3333333333333286,2,0,0
0.8734677738236457,-9.333333333333329,1,0,0
1.2077625570776256,24.83333333333333,2,0,1
0.8359164420485176,-4.333333333333329,-1,0,1
0.9186134137151469,15.833333333333336,-4,0,0
1.0934704830053668,14.0,1,0,1
0.89395070948469,-3.8333333333333286,-7,0,0
0.9328037073816617,-45.666666666666664,-8,0,0
1.0459224069675377,10.5,1,0,0
0.8632756132756133,-20.83333333333333,4,0,0
0.8272610372910416,-6.833333333333329,3,0,0
1.2851600387972841,2.1666666666666714,-4,0,1
1.105375578497686,27.5,6,0,0
0.988831272437176,-3.333333333333343,-1,0,0
1.0113289760348585,10.833333333333336,1,0,1
0.8753670473083197,-11.5,-5,0,0
0.7447978013349038,0.3333333333333357,-1,0,0
1.063437139561707,16.166666666666664,6,0,1
0.8544354838709678,-8.5,-2,0,1
0.8070772371554951,-20.33333333333333,2,0,0
1.0244215938303343,-2.6666666666666714,-7,0,1
1.2157721796276013,20.83333333333333,0,0,1
1.104141041410414,21.666666666666664,4,0,0
0.6280821917808219,-46.50000000000001,-2,0,0
0.900398406374502,8.999999999999993,0,0,0
1.0853612879071508,25.83333333333333,4,0,0
1.1808943089430894,13.333333333333336,1,0,1
1.1015859408486928,0.3333333333333357,-3,0,1
0.9453441295546559,5.666666666666671,11,0,1
1.3842319891255097,2.5,-1,0,1
0.9981378026070763,-27.666666666666664,1,0,0
1.23988069876438,2.1666666666666714,-6,0,0
0.8281425891181988,-21.5,4,0,1
0.811938151743977,18.0,1,0,0
1.0427221172022685,-3.333333333333343,-4,0,0
1.060121107266436,2.1666666666666714,6,0,1
1.1396694214876033,-1.6666666666666714,-5,0,1
1.0423884998157023,-12.000000000000007,3,0,1
1.2669767441860464,2.1666666666666714,3,0,1
0.9809119830328739,8.333333333333329,-8,0,0
1.5543478260869565,42.833333333333336,-1,0,0
1.0844594594594594,-17.666666666666664,-3,0,0
0.7757009345794392,-13.5,0,0,0
0.8688793953335524,27.66666666666667,3,0,1
0.7862876254180602,-32.33333333333333,-2,0,1
1.1622751986616477,12.166666666666671,-4,0,1
1.0540768905787916,-9.833333333333329,-1,0,1
1.1415649027589325,5.833333333333336,-2,0,0
1.1911013858497448,-9.0,2,0,0
0.9779932860872809,17.666666666666657,-3,0,0
1.0472605604349645,-13.0,-4,0,1
1.2315608919382504,-22.33333333333333,-8,0,1
0.8278023598820059,-4.833333333333329,2,0,0
0.9338551859099804,-17.000000000000007,8,0,0
1.0678095238095238,33.0,5,0,1
1.036983842010772,13.999999999999993,2,0,1
1.1299607501090274,23.333333333333336,-1,0,0
0.8973536487570168,-0.3333333333333357,-3,0,0
0.9830834294502114,13.666666666666671,-3,0,0
0.950999607996864,-11.666666666666664,-2,0,0
0.9739583333333334,-4.5,-3,0,0
0.996962794229309,-8.666666666666671,-7,0,1
1.077396657871592,5.5,3,0,0
0.9906716417910447,-14.833333333333336,7,0,1
1.0506742950551695,20.0,-3,0,0
1.0649546827794563,-14.166666666666671,-1,0,0
1.319870009285051,22.83333333333333,8,0,1
1.1241379310344828,43.833333333333336,6,0,1
1.022884012539185,-1.8333333333333286,4,0,1
1.3084158415841585,12.166666666666664,-3,0,1
0.9573672400897532,-0.3333333333333286,2,0,1
1.091996320147194,-2.5,0,0,0
1.1490306946688207,27.66666666666667,-1,0,1
1.0317241379310345,-7.5,-3,0,0
1.3248342682304945,22.666666666666664,-6,0,0
0.8825648414985591,23.83333333333333,4,0,1
1.068737060041408,-8.333333333333329,-7,0,1
0.9647279549718574,3.8333333333333286,3,0,1
1.008320726172466,-11.166666666666664,2,0,1
1.0224066390041493,16.0,-5,0,1
1.2677165354330708,2.1666666666666643,-3,0,1
1.293482952093224,3.1666666666666714,-10,0,0
0.916008316008316,16.166666666666664,-2,0,1
0.8748211731044349,-26.333333333333343,-1,0,0
0.9086188992731049,0.1666666666666714,4,0,0
0.9844933285250631,9.0,-2,0,1
1.1832927818329277,1.8333333333333428,1,0,0
1.098093909809391,11.0,14,0,1
1.0764925373134329,20.83333333333333,6,0,1
1.1504132231404958,25.5,4,0,1
0.9655629139072848,7.5,1,0,1
1.0893528183716075,-8.666666666666664,2,0,1
0.9247993240388678,2.3333333333333357,-3,0,1
0.9375713741910925,-32.33333333333333,2,0,1
0.8133285560730921,-21.66666666666667,-5,0,1
1.1302466464733882,30.333333333333336,2,0,1
1.0403571428571428,18.000000000000007,2,0,0
1.0064370775667846,-4.0,-5,0,1
1.1849039749888344,12.0,6,0,1
1.1464285714285714,20.166666666666664,-1,0,1
1.0068840579710145,-12.333333333333329,2,0,0
0.8087096774193548,-12.5,-8,0,1
1.0818330605564648,-18.0,0,0,0
1.0004553734061932,-13.999999999999993,-2,0,0
1.1147612790188348,6.0,0,0,1
0.9096687855470057,12.166666666666671,1,0,1
0.9052252252252252,-1.8333333333333286,0,0,1
1.0216194968553458,0.8333333333333286,2,0,1
0.9979218620116376,-10.0,-4,0,0
1.1087043722422785,-25.666666666666664,-3,0,0
0.9556422995031938,0.6666666666666714,-8,0,1
0.8822347266881029,3.6666666666666643,6,0,1
0.9625520110957004,-5.0,0,0,0
1.1346801346801347,11.0,-6,0,0
1.1244239631336406,6.333333333333336,-2,0,1
1.0508333333333333,20.666666666666664,1,0,1
1.1686746987951808,33.83333333333333,2,0,1
1.1440576230492197,29.0,2,0,1
1.1607976240984301,14.500000000000007,0,0,1
1.4769596199524941,44.166666666666664,-4,0,1
1.4039408866995073,32.666666666666664,1,0,1
0.8149620527647271,-20.499999999999993,8,0,0
1.1342845153168275,-3.3333333333333286,0,0,1
1.127713458755427,11.333333333333343,2,0,1
0.8657480314960629,-12.499999999999993,-5,0,0
1.0129607128392062,5.666666666666664,-6,0,1
0.8660907127429806,-15.333333333333336,-1,0,1
0.7160596026490066,-5.166666666666664,-7,0,0
0.9253525971792226,-20.499999999999993,4,0,0
1.377570093457944,15.833333333333329,-4,0,1
0.8876811594202898,-2.833333333333343,2,0,0
0.8791765102936213,13.833333333333329,-3,0,0
1.0631045601105482,3.5,-8,0,1
0.902880658436214,-19.333333333333336,-2,0,1
1.3176715176715177,36.16666666666667,3,0,1
0.882703777335984,-33.49999999999999,2,0,0
0.7126436781609196,-17.499999999999993,-5,0,0
0.9632411067193676,-0.8333333333333357,3,0,0
0.9447449768160742,-14.5,-4,0,0
1.2210526315789474,8.833333333333329,-3,0,1
0.9254848587955087,-16.500000000000007,-6,0,0
1.0162241887905605,-2.3333333333333286,3,0,1
0.8823762376237624,-20.666666666666664,3,0,0
1.0719424460431655,0.6666666666666572,1,0,1
0.8515939904727006,-11.166666666666671,4,0,1
1.281518987341772,19.999999999999993,3,0,1
0.9614678899082569,-23.999999999999993,3,0,1
1.1758373205741626,8.5,13,0,1
1.1853178155774395,8.833333333333336,3,0,1
1.0312358533272974,-0.8333333333333286,-1,0,0
0.9584378359011108,-12.333333333333336,5,0,0
0.988798764001545,-4.833333333333329,-2,0,1
1.254221816522136,13.5,3,0,1
0.909470304975923,-1.6666666666666714,3,0,0
1.005591054313099,-8.833333333333329,0,0,1
0.9429111531190927,7.166666666666657,0,0,1
0.8600623484586075,-15.333333333333329,-2,0,0
1.1270110076206605,19.166666666666664,6,0,1
0.9,-12.0,-4,0,0
1.3066234367762852,51.66666666666667,0,0,1
1.0220367278797997,28.166666666666664,6,0,1
1.0817518248175182,15.5,1,0,1
0.7454484153742414,-39.33333333333333,-8,0,0
1.0960404380791913,14.666666666666664,-4,0,0
1.0154639175257731,-11.166666666666671,-2,0,1
0.8636524196397033,5.666666666666657,-3,0,1
1.022950819672131,-1.1666666666666714,0,0,1
1.138495575221239,18.000000000000007,1,0,0
1.0262080262080262,-8.166666666666664,1,0,1
1.1133796698523024,1.8333333333333357,1,0,1
0.9484251968503937,-17.166666666666664,-6,0,1
1.0813458262350937,-11.5,-6,0,0
1.330387825233186,6.5,-7,0,1
1.047876447876448,2.1666666666666714,3,0,1
0.9201520912547528,-26.500000000000007,4,0,0
0.9501385041551247,-11.999999999999993,-1,0,1
0.7328743545611015,-16.000000000000007,-1,0,0
1.0647865853658536,8.166666666666657,5,0,1
0.8551384148653773,-3.5,-1,0,0
0.8270758122743682,10.0,-5,0,0
0.9347826086956522,-9.166666666666664,2,0,1
0.9611612397018439,-5.333333333333336,2,0,0
0.8269617706237424,-13.5,4,0,0
1.1306343906510852,9.166666666666671,-5,0,1
1.1414514145141452,26.166666666666664,0,0,1
0.9019538188277088,-2.6666666666666714,3,0,0
1.0542062653995072,14.666666666666671,4,0,1
0.9261862917398945,-10.5,-4,0,1
1.1762422360248448,15.000000000000007,0,0,0
0.925,4.833333333333329,2,0,0
1.4926582278481013,19.500000000000007,1,0,0
1.1009933774834437,10.333333333333329,1,0,0
0.9594535037461437,-7.5,8,0,1
1.0781314592806945,23.333333333333336,0,0,1
0.8581613508442777,0.1666666666666714,0,0,1
0.9414634146341463,10.0,-1,0,0
1.0344398340248964,-9.833333333333336,2,0,0
0.8884803921568627,-2.8333333333333357,6,0,1
0.8675623800383877,-29.33333333333333,1,0,1
0.8688468158347676,-25.5,-4,0,0
1.2109626900046062,0.5,-6,0,1
0.868421052631579,-17.333333333333336,-1,0,0
0.7793345008756567,-3.1666666666666643,4,0,1
0.9043151969981238,3.3333333333333357,-7,0,1
1.1151195784353465,21.5,-1,0,0
0.7917518745739605,-11.5,-12,0,0
0.8136039083051484,-24.5,4,0,1
0.8981015110422317,-5.666666666666664,2,0,1
1.2495733788395904,25.83333333333333,1,0,1
1.2226244343891404,26.5,-2,0,1
1.4782205746061168,15.999999999999993,4,0,1
1.1789473684210525,24.666666666666657,3,0,1
1.2119861317483902,8.499999999999993,3,0,1
1.0061475409836065,-3.6666666666666643,-7,0,0
0.6361158432708688,-2.5,3,0,0
0.9921465968586387,20.666666666666664,-6,0,0
0.7619642114024137,-11.333333333333336,5,0,1
1.1125158027812896,25.0,3,0,1
1.0171476369719783,-26.499999999999993,-1,0,1
0.8513873052071456,-15.333333333333336,-2,0,0
0.849862258953168,-23.5,3,0,1
0.9058031959629941,-12.499999999999993,-1,0,0
1.0631346578366445,14.333333333333336,1,0,1
1.2875441696113075,34.0,-1,0,1
0.7003257328990228,-10.166666666666664,4,0,0
0.9576158940397351,-5.0,-1,0,1
1.126060606060606,10.333333333333329,1,0,0
1.1483292583537081,-15.333333333333336,6,0,0
1.3449508489722968,9.333333333333336,6,0,1
0.8249810174639332,-17.499999999999993,2,0,0
0.9579288025889967,1.8333333333333357,-1,0,1
0.8372093023255814,-12.666666666666671,2,0,0
1.0704980842911878,8.666666666666664,-5,0,0
0.9606507756337496,3.5,3,0,1
1.055363321799308,16.499999999999993,1,0,1
1.1529961750956226,3.3333333333333286,-1,0,1
0.7578044596912521,-30.333333333333336,6,0,0
0.9113777089783281,6.333333333333329,-7,0,1
1.1505002174858634,8.0,4,0,1
0.8489583333333334,-1.1666666666666714,9,0,0
0.9740308618742943,-0.5,4,0,1
0.9347345132743363,23.166666666666664,5,0,0
1.0007122507122508,-5.5,-3,0,0
0.9022118742724098,11.999999999999993,-8,0,0
0.9482818465810482,-4.833333333333329,3,0,0
1.0436067997043608,0.5,5,0,1
0.7882096069868996,-14.333333333333329,4,0,1
1.1141439205955335,18.333333333333336,4,0,1
0.8234624145785877,2.1666666666666643,-2,0,0
1.1986328910333734,-1.5,-7,0,1
0.8903703703703704,0.0,5,0,0
1.114500442086649,-17.0,-3,0,0
0.912287793047696,-6.5,-3,0,0
1.2306330234617087,20.499999999999993,-5,0,0
0.9794059405940594,5.5,5,0,1
1.010436799381523,8.833333333333343,-1,0,0
1.21221613155834,-1.3333333333333286,0,0,1
0.9893536121673003,18.33333333333333,2,0,0
1.143973673385438,-4.666666666666671,4,0,0
0.7671976828385229,-19.999999999999993,-6,0,0
0.8291753291753292,-18.5,4,0,1
0.9211428571428572,0.0,6,0,1
0.9349959116925592,-10.5,1,0,0
1.2088760250844188,17.16666666666667,2,0,1
0.835265191429575,1.1666666666666714,6,0,0
1.1525773195876288,15.0,6,0,1
0.9453531598513011,-19.33333333333333,-2,0,0
1.1139013452914799,12.5,-8,0,1
1.2701498582422033,21.333333333333343,2,0,1
0.9692513368983957,-20.166666666666664,-1,0,0
0.9283236994219654,4.500000000000007,-1,0,1
1.0784860557768925,19.83333333333333,-1,0,1
0.9137037037037037,4.0,-4,0,0
0.8971767166260021,1.8333333333333286,-2,0,1
0.8875656742556918,-8.166666666666664,2,0,1
0.7482705611068409,-15.833333333333336,-2,0,0
0.7924747866563228,-1.0,-2,0,0
1.2070619006102876,21.66666666666667,-11,0,0
1.09238699444885,-13.333333333333343,0,0,1
0.9173396674584323,3.1666666666666643,-6,0,0
1.2256897331524197,21.666666666666664,0,0,1
1.2298682284040996,21.66666666666667,-7,0,1
0.8982338099243061,-5.5,8,0,1
0.954893274265002,-10.833333333333329,0,0,0
1.064344262295082,-4.166666666666671,5,0,0
0.8805309734513275,-31.666666666666664,1,0,0
1.3522072936660268,51.166666666666664,-5,0,1
0.9297872340425531,-3.0,-3,0,0
0.7717587576742506,0.1666666666666714,-3,0,1
1.020297699594046,1.999999999999993,-2,0,1
1.0813415574402467,-0.8333333333333286,-2,0,1
0.9607514256960752,34.50000000000001,3,0,0
1.0648421052631578,-4.0,-5,0,1
1.1703196347031963,29.166666666666664,-6,0,1
0.72430426716141,-22.5,3,0,0
0.7492447129909365,-21.833333333333336,1,0,1
1.3565857885615251,25.666666666666664,7,0,1
1.0556872037914693,27.16666666666667,-12,0,0
1.168501270110076,13.000000000000007,-2,0,0
0.8420658682634731,-0.1666666666666714,2,0,1
0.9537597234226448,-2.0,1,0,0
0.8135946622185154,12.833333333333329,5,0,0
1.046376811594203,-7.333333333333336,5,0,1
1.0977966756861228,9.5,1,0,0
1.0223731522173392,28.500000000000007,-5,0,0
0.8647556045571481,2.1666666666666714,-1,0,1
0.8292134831460675,-6.833333333333336,8,0,1
0.8624858330185116,-15.666666666666664,1,0,1
0.974088713219148,-7.833333333333336,11,0,1
1.0543881334981458,-1.8333333333333286,2,0,1
1.4053811659192825,28.333333333333336,-6,0,1
1.1087953313880783,-21.166666666666664,2,0,1
0.86336542870243,1.6666666666666714,-1,0,1
1.17439293598234,15.499999999999993,-1,0,1
0.9558665231431647,-27.500000000000007,-6,0,0
1.0696101829753382,-1.0,9,0,1
0.9582542694497154,-14.333333333333336,1,0,0
0.8024830699774267,-30.333333333333336,-7,0,0
0.6902800658978583,-20.83333333333333,0,0,0
0.942602495543672,-12.500000000000007,0,0,1
1.123243677238057,8.5,-3,0,0
1.3386219401631914,13.666666666666664,-1,0,0
1.3013895543842837,16.666666666666664,-6,0,0
1.1868312757201647,12.5,3,0,1
1.0357142857142858,-8.666666666666657,2,0,1
0.9988412514484357,-24.166666666666664,-6,0,0
1.1,-7.333333333333343,0,0,0
0.9032258064516129,-25.0,5,0,1
0.7939156035328754,-17.0,2,0,1
1.032671629445823,-3.0,0,0,1
0.7463414634146341,-25.83333333333333,-4,0,0
1.1058585858585859,0.6666666666666643,1,0,1
1.2072072072072073,21.66666666666667,1,0,0
1.3039796782387807,12.833333333333336,4,0,1
0.7512605042016807,-29.5,-1,0,0
1.099027409372237,21.0,2,0,0
1.035796766743649,-6.5,-1,0,0
1.339399901623217,-2.5,-4,0,0
0.9027632039174537,-3.8333333333333286,5,0,1
1.0637478108581435,1.6666666666666572,4,0,1
1.0899513776337115,-6.833333333333329,1,0,1
1.084647018505826,-13.833333333333343,12,0,0
1.0025575447570332,4.833333333333336,0,0,0
0.9907478797224364,26.333333333333336,3,0,1
1.338060384263495,6.166666666666657,4,0,1
1.0205689277899344,-1.3333333333333286,1,0,0
1.3350923482849604,22.66666666666667,1,0,1
0.8476224783861671,5.5,1,0,0
0.8640910658847879,-3.8333333333333286,5,0,0
0.943921978404737,-30.833333333333336,1,0,1
1.071031746031746,5.166666666666657,4,0,1
0.9649422830269346,-11.666666666666671,-7,0,0
0.9263410728582866,3.3333333333333357,1,0,0
0.7612504294057025,-18.333333333333336,2,0,0
0.8723323170731707,5.666666666666657,2,0,1
0.7428480610298792,-35.83333333333334,-5,0,0
0.7924166985829184,-20.333333333333336,-1,0,0
0.9662047989185536,9.000000000000007,4,0,1
1.0815899581589958,5.166666666666671,7,0,1
0.8143254520166898,-9.0,-3,0,0
0.8255217242559014,-26.333333333333336,-3,0,0
1.0302175664786462,6.833333333333336,-4,0,0
1.1560826319816373,-9.833333333333343,1,0,1
0.8827956989247312,-11.5,-1,0,1
1.0466507177033493,-11.333333333333336,0,0,1
1.0078799249530956,-10.166666666666671,-2,0,1
1.0888240200166805,29.83333333333333,4,0,0
0.8832547169811321,-16.83333333333333,7,0,0
1.1893301243481749,-3.8333333333333286,-4,0,0
0.943464169967591,-8.5,10,0,1
0.9734848484848485,9.499999999999993,5,0,1
0.9441925357516567,2.8333333333333286,-6,0,0
0.7780722093408413,-22.33333333333333,-1,0,0
0.8336842105263158,-3.666666666666657,1,0,0
0.9964866051822574,10.500000000000007,1,0,0
0.9141831238779174,-1.0,-5,0,0
0.9879310344827587,12.166666666666671,7,0,1
0.7573872472783826,-6.833333333333329,5,0,0
0.896530165676774,17.166666666666657,2,0,0
0.9757469244288225,-6.666666666666671,2,0,1
1.0768888888888888,5.0,-5,0,0
0.9897913892587661,-5.0,-5,0,0
0.9143566404633844,11.666666666666671,4,0,0
0.8999253174010455,-21.999999999999993,-1,0,0
1.110970464135021,-26.500000000000007,10,0,1
1.3877925653969712,10.833333333333329,1,0,1
1.1091684434968017,-26.000000000000007,0,0,1
0.9103392568659128,-3.833333333333343,-7,0,0
1.4140625,4.166666666666671,1,0,1
0.8738773916438891,2.8333333333333286,5,0,0
1.5483367983367984,24.83333333333333,1,0,0
1.2801273306048204,12.666666666666671,2,0,1
0.9634963161419959,-20.5,0,0,1
0.8997475658131987,-6.666666666666671,5,0,1
0.9554285714285714,-15.666666666666671,8,0,1
1.1013543031891655,23.83333333333333,3,0,1
1.1460764587525152,11.666666666666671,1,0,0
1.026120857699805,17.66666666666667,3,0,1
0.7346863468634687,-17.833333333333336,-4,0,0
1.0239043824701195,-11.333333333333329,-2,0,1
1.3302752293577982,3.0,-3,0,0
1.1837606837606838,6.0,6,0,0
0.892485549132948,-32.0,0,0,0
0.8425076452599388,-17.499999999999993,5,0,0
0.9441568047337278,-12.666666666666671,2,0,0
0.6975791433891992,-39.833333333333336,7,0,0
1.2699115044247788,27.5,3,0,1
1.1329830234438156,21.166666666666664,1,0,1
1.0128256513026053,5.333333333333336,-2,0,1
1.0941000746825988,-0.3333333333333428,-2,0,0
0.8822134387351779,-8.166666666666671,1,0,1
1.0553191489361702,9.166666666666664,-2,0,0
0.9728601252609603,-9.0,1,0,0
1.0696705793260128,-1.8333333333333286,-4,0,0
1.126984126984127,43.5,0,0,0
0.8477300120530333,-14.0,3,0,0
0.83616,11.5,0,0,0
1.2108758821087588,11.499999999999993,-8,0,0
1.0100877192982456,13.166666666666671,3,0,0
0.8402707275803722,-11.166666666666671,-4,0,0
1.0894956389836936,-0.6666666666666643,-4,0,0
1.1843817787418656,2.1666666666666714,-7,0,1
0.8489736070381232,-4.166666666666671,-5,0,0
0.8316717791411042,-5.666666666666664,3,0,0
1.1614634146341463,15.0,-2,0,0
0.9337349397590361,-14.5,-1,0,0
1.1215686274509804,2.8333333333333286,1,0,1
1.0061099796334012,5.5,2,0,0
1.118024132730015,20.5,-1,0,1
1.0457142857142858,30.666666666666664,-2,0,1
0.8260105448154658,-10.833333333333329,0,0,0
1.005464480874317,3.5,-2,0,0
0.9195710455764075,-6.5,-2,0,1
0.9315985130111524,-15.166666666666671,-2,0,1
1.2610088070456364,12.5,-4,0,1
1.1325187969924813,-14.5,-2,0,0
1.0047713717693838,0.8333333333333286,3,0,0
0.8591549295774648,-15.666666666666671,-1,0,1
0.9924874791318865,-21.666666666666664,3,0,1
1.1192937123169682,-10.166666666666671,1,0,1
1.0026515151515152,6.333333333333329,4,0,0
0.9807073954983923,-4.333333333333329,4,0,0
0.8206766917293233,6.833333333333329,0,0,0
1.0474212530287297,7.666666666666671,-1,0,0
0.7667814113597247,-23.16666666666667,4,0,1
1.0645905420991926,4.833333333333329,0,0,0
1.091669988043045,5.833333333333343,4,0,0
1.2758175559380378,24.333333333333336,1,0,0
0.8968985750209556,9.166666666666664,1,0,1
1.0643854119765872,-8.833333333333329,2,0,0
1.2100665557404326,10.833333333333329,0,0,1
0.910518626734843,-41.833333333333336,0,0,1
1.0271317829457365,4.499999999999993,-6,0,0
0.7403394727338389,-4.166666666666671,-9,0,0
0.8042720139494333,-10.5,-1,0,1
0.8996840442338072,-8.333333333333336,-2,0,0
1.0968760968760969,19.500000000000007,-2,0,1
1.1555461113472163,22.833333333333343,6,0,0
1.1712523719165084,12.833333333333336,10,0,1
1.1182572614107884,6.5,-5,0,0
1.1913372582001682,21.0,1,0,1
0.8832531700918234,-15.5,-5,0,0
1.271604938271605,21.999999999999993,-1,0,1
1.0189363416599517,-7.166666666666671,-1,0,1
0.7302325581395349,-16.833333333333336,5,0,1
1.2364767831498324,11.5,0,0,1
1.0011194029850747,-4.166666666666657,-1,0,1
1.2256756756756757,31.16666666666667,2,0,1
1.0528123658222412,-0.6666666666666714,5,0,0
0.9005763688760807,-8.5,1,0,0
1.226924627166465,22.5,-7,0,1
1.334440753045404,28.666666666666664,-4,0,1
0.7638936831204695,6.333333333333336,2,0,1
1.0524590163934426,-22.333333333333343,-4,0,0
1.6824445775913721,38.666666666666664,2,0,1
1.539144050104384,8.333333333333329,-4,0,0
1.094954128440367,4.5,-5,0,1
1.4646464646464648,45.0,-1,0,1
0.9409448818897638,7.666666666666664,0,0,0
0.9861538461538462,6.166666666666664,6,0,0
1.281703775411423,15.333333333333329,2,0,1
1.0757575757575757,-4.333333333333336,5,0,1
0.7025641025641025,-32.166666666666664,6,0,1
1.0081648522550544,-5.666666666666664,4,0,0
1.30968622100955,35.833333333333336,3,0,0
1.0429583702391496,9.666666666666664,2,0,1
1.0851528384279476,-3.3333333333333286,-5,0,0
0.7673043478260869,-16.833333333333336,4,0,0
0.9945124525116082,22.166666666666664,-2,0,1
1.0531382364266462,-10.833333333333329,-1,0,1
0.9304648482520169,1.1666666666666714,-1,0,0
0.8732710280373832,-10.5,-6,0,0
1.0856665273715003,6.999999999999993,0,0,1
0.9946428571428572,-1.6666666666666572,-1,0,0
0.8978437610463061,-12.166666666666671,-12,0,0
1.0022564874012787,9.0,-4,0,0
0.9524145223827988,21.16666666666667,-6,0,0
1.0622358816749904,8.666666666666671,6,0,1
1.0199846272098385,18.5,-3,0,0
0.8887412819661242,-3.5,-5,0,0
0.8702745722244329,-20.500000000000007,0,0,0
0.8805858054825385,-11.0,0,0,0
0.9634433962264151,6.666666666666664,-2,0,0
1.125588128845458,14.833333333333329,3,0,1
1.0247232472324723,10.333333333333329,-2,0,0
0.8544983339503888,-13.5,6,0,1
1.0963429020841526,30.333333333333336,3,0,1
1.2964970809007506,39.49999999999999,0,0,0
0.9286877238684468,-0.3333333333333428,5,0,1
0.9626313740755158,-4.666666666666657,5,0,1
0.8080517613227893,-31.33333333333333,3,0,1
0.827364185110664,-6.666666666666664,-11,0,1
0.9263932702418507,6.0,3,0,0
1.3209586466165413,10.5,-4,0,1
0.7200902934537246,-17.333333333333336,2,0,1
0.9494949494949495,-10.500000000000007,4,0,1
1.010535187526338,-0.6666666666666643,5,0,1
0.8996539792387543,-4.666666666666657,-7,0,1
0.9785318559556787,-0.3333333333333286,-5,0,0
1.0770676691729324,16.666666666666664,0,0,1
1.2083333333333333,8.333333333333336,-7,0,1
0.9472880061115355,3.5,8,0,0
1.0757189661448854,6.166666666666657,-5,0,1
1.036080360803608,7.333333333333336,-2,0,0
1.1042944785276074,20.5,10,0,1
0.7490909090909091,-28.666666666666664,4,0,0
1.1128093158660843,-6.0,-1,0,1
1.3699205978514712,-6.499999999999993,5,0,1
1.028703047484054,-11.833333333333329,-3,0,0
1.230881636629323,16.83333333333333,7,0,1
0.9139784946236559,5.0,0,0,0
0.8042553191489362,-23.333333333333336,-2,0,0
1.082404458598726,14.166666666666657,6,0,1
1.0296593186372744,-1.8333333333333286,-12,0,1
1.2404068423485899,6.333333333333336,-6,0,1
0.7384267971396311,-14.000000000000007,4,0,0
1.1079245283018868,9.333333333333329,5,0,0
1.2889492753623188,9.0,-6,0,0
1.4314720812182742,6.333333333333336,-6,0,1
0.9625764663548039,-4.666666666666657,-1,0,0
1.2197614991482113,32.50000000000001,3,0,1
0.843614931237721,-17.666666666666664,0,0,0
1.2532299741602067,1.5,4,0,1
0.7962191605254726,-36.166666666666664,3,0,0
0.8907400232468036,14.0,-4,0,1
0.9742243436754177,17.0,2,0,0
0.9162578836720392,-17.33333333333333,1,0,1
1.0831002796644027,11.166666666666664,0,0,1
1.436138613861386,-1.6666666666666572,-4,0,1
1.1534883720930234,5.666666666666664,6,0,0
1.0906468891635763,12.166666666666671,6,0,0
1.036223506743738,13.333333333333329,-4,0,1
0.9658360128617364,19.83333333333333,-3,0,1
0.8805448829898708,-17.66666666666667,6,0,1
0.8539182282793867,4.0,-4,0,0
0.9074638233054074,-18.166666666666664,-4,0,0
0.8067736185383244,-22.33333333333333,3,0,0
0.9195023783388218,-26.0,-1,0,1
1.177962577962578,-14.333333333333336,-2,0,0
1.1031390134529149,-1.8333333333333286,7,0,1
0.9046808510638298,-2.5,0,0,1
0.866785079928952,-4.166666666666671,-3,0,1
1.111910759265923,-19.833333333333336,3,0,1
1.1760889712696942,15.166666666666664,2,0,1
0.9606986899563319,1.3333333333333357,6,0,1
1.043394777265745,21.833333333333336,3,0,1
1.2468384074941452,21.999999999999993,3,0,0
0.8763523956723338,-33.166666666666664,1,0,1
0.7428479588556735,-15.0,3,0,1
0.664618720636068,-23.833333333333336,-5,0,0
1.0635245901639345,-9.333333333333329,-8,0,0
1.1610169491525424,36.166666666666664,-8,0,1
1.1336678832116789,2.6666666666666714,0,0,1
0.8525246305418719,-19.833333333333336,-9,0,0
1.0381117366825465,-5.333333333333329,-1,0,1
1.0457537853851218,26.666666666666664,2,0,0
0.9851909586905689,-16.333333333333336,-1,0,1
0.996344435418359,1.6666666666666714,2,0,1
1.0817490494296578,-3.8333333333333286,-2,0,1
0.8364757070340827,-22.499999999999993,1,0,0
1.0763071125765427,28.499999999999993,6,0,1
1.1456093189964158,14.833333333333329,0,0,1
1.1977401129943503,-1.6666666666666572,3,0,0
0.8691804540207773,-22.000000000000007,-6,0,0
1.259927797833935,29.166666666666664,-1,0,1
1.0259984928409946,-3.833333333333343,-1,0,1
1.1652930402930404,19.000000000000007,0,0,1
1.2142857142857142,28.166666666666664,2,0,0
0.8203366540707661,-12.333333333333343,-5,0,1
1.0071942446043165,17.666666666666664,2,0,0
0.9820261437908496,-22.000000000000007,2,0,1
1.1360850020433184,13.833333333333336,-4,0,1
0.685506788759078,-43.33333333333333,-6,0,0
0.7847646424721524,9.333333333333329,3,0,0
1.0837717523269932,11.0,-4,0,1
0.9979449239621866,23.666666666666657,-4,0,1
0.9337099811676083,-8.166666666666671,-4,0,1
1.180350553505535,1.1666666666666572,-3,0,0
0.9413540319103062,-42.166666666666664,-4,0,0
0.9132947976878613,2.0,4,0,0
0.75,-19.833333333333336,3,0,1
0.8488745980707395,-6.333333333333329,-2,0,0
0.8838992332968236,-8.833333333333329,-3,0,0
0.8620435263740317,16.666666666666664,5,0,0
0.9304949053857351,4.5,11,0,0
1.2161141418380192,22.500000000000007,-5,0,1
1.2198649951783993,28.666666666666664,-4,0,1
1.0373101952277657,20.83333333333333,6,0,1
0.8712062256809339,-3.6666666666666714,-1,0,1
1.0053564070869385,-27.33333333333333,7,0,0
1.0637997885089883,15.833333333333329,4,0,0
1.0268109125117593,10.166666666666664,1,0,0
0.8415162454873646,-22.999999999999993,-6,0,0
1.3412887828162292,-7.666666666666664,-2,0,0
0.8660141748228147,-31.5,4,0,0
1.035538752362949,-3.0,0,0,1
0.9815668202764977,4.5,-2,0,1
1.1266280752532563,5.166666666666671,1,0,1
1.1177769598822231,29.166666666666664,3,0,1
1.060136838314728,9.666666666666664,11,0,1
1.0635696821515892,1.3333333333333357,-3,0,1
0.903199675982179,-32.833333333333336,7,0,1
0.9865866572537946,-22.833333333333336,-8,0,1
1.0045936395759718,-2.666666666666657,-3,0,1
0.9862956810631229,-1.3333333333333428,-1,0,0
1.0728218465539663,-3.3333333333333286,2,0,0
0.9106761565836299,3.1666666666666714,-1,0,0
1.010530579181855,-5.666666666666671,3,0,0
0.9585777126099707,5.999999999999993,-1,0,1
0.923960396039604,-7.833333333333329,1,0,1
0.9881796690307328,14.0,0,0,0
0.7660626029654036,-50.83333333333333,-5,0,0
1.040983606557377,-8.166666666666671,0,0,1
0.8072329130723291,-27.833333333333343,5,0,1
0.9348395546823838,11.999999999999993,-1,0,1
0.9921841076856275,5.166666666666664,-3,0,0
1.4765840220385675,-3.3333333333333357,5,0,1
0.7796200345423143,-7.833333333333343,0,0,1
0.8394237526352776,1.0,-2,0,0
1.0298194036119277,-10.166666666666664,-3,0,0
0.9062391077030324,-16.666666666666664,-1,0,0
1.0579424517146236,-7.5,10,0,1
0.988028432472877,-4.166666666666671,-7,0,0
1.0776237623762377,4.333333333333336,-6,0,0
0.6935914552736983,-15.833333333333336,1,0,0
0.9769547325102881,-8.333333333333329,-5,0,0
0.8778314147790568,2.6666666666666643,-5,0,0
0.9401884473576403,-14.166666666666664,1,0,0
1.0580536912751677,25.0,2,0,1
0.79596174282678,-9.166666666666664,-2,0,0
0.9810442301296973,-10.666666666666671,-2,0,1
0.9450909090909091,-6.666666666666671,-2,0,1
1.0638965111720893,8.833333333333336,-8,0,1
1.1209964412811388,5.0,-5,0,1
0.979967689822294,19.66666666666667,-5,0,1
1.0231729055258467,8.0,-6,0,1
1.2566702241195304,-3.1666666666666643,0,0,0
0.8604127579737336,-9.833333333333329,4,0,0
0.9622302158273381,-3.6666666666666714,1,0,0
1.0859778597785978,2.3333333333333286,1,0,0
1.2376190476190476,3.0,-5,0,1
1.2298016448959845,4.5,-3,0,1
1.0504347826086957,26.16666666666667,3,0,1
0.9345490068381634,-5.666666666666671,-4,0,1
1.1372549019607843,11.833333333333329,-3,0,1
1.0091646105040535,26.5,1,0,0
0.7982093663911846,-8.833333333333336,0,0,0
1.2360721442885771,35.99999999999999,-7,0,0
0.7302982731554161,4.833333333333336,1,0,0
1.4227272727272726,27.0,3,0,1
1.0304761904761905,-23.333333333333336,1,0,0
1.0049240869922036,-2.5,-6,0,0
1.198051948051948,42.833333333333336,-2,0,0
0.9240506329113924,27.833333333333336,1,0,0
0.9085882786583118,3.666666666666657,-2,0,0
0.8229323308270676,-16.499999999999993,8,0,1
0.7379679144385026,-18.666666666666664,-7,0,0
0.8921001926782274,-29.166666666666664,7,0,1
0.8181208053691276,-45.333333333333336,-4,0,0
0.8065630397236615,-14.833333333333336,3,0,0
0.8519924098671727,-1.1666666666666643,2,0,0
1.3062342038753159,4.833333333333343,-2,0,1
1.0930232558139534,42.5,-1,0,1
1.280159080866107,0.0,7,0,1
1.083493282149712,-21.166666666666664,2,0,0
0.9378486055776892,-7.833333333333336,-5,0,0
1.205869275233437,-6.5,-3,0,0
0.9382911392405063,-0.8333333333333357,-4,0,0
0.829938900203666,-22.16666666666667,3,0,1
0.9546420978029766,-5.833333333333343,-4,0,1
1.056064880112835,-3.6666666666666714,0,0,1
0.8824209714726291,-38.833333333333336,3,0,1
1.0505594695399918,-2.1666666666666714,2,0,1
0.9977229601518026,-12.833333333333343,-6,0,0
0.6559139784946236,-6.666666666666664,3,0,0
1.1754310344827585,2.0,3,0,1
0.9368505195843325,-11.5,-5,0,0
0.9464950897392482,31.000000000000007,-3,0,1
1.0626984126984127,-12.0,4,0,1
1.0084257206208427,-10.5,-3,0,1
0.9711610486891386,-4.0,0,0,0
0.8082638637187387,6.833333333333329,-2,0,0
0.726768968456948,6.333333333333336,-4,0,0
1.057414291615035,13.499999999999993,-2,0,0
1.1004746835443038,8.666666666666664,3,0,1
1.2105966162065895,-1.0,1,0,1
1.1271911944557684,-17.333333333333336,0,0,0
0.9601139601139601,-31.0,6,0,0
0.9051758198340577,0.5,-1,0,0
1.0661157024793388,27.666666666666664,5,0,0
1.2783505154639174,12.333333333333336,5,0,1
0.8999302649930265,-31.666666666666664,3,0,0
0.7903682719546742,-19.33333333333333,-4,0,0
0.8865248226950354,-10.666666666666664,11,0,1
1.0505639828860365,21.999999999999993,0,0,1
1.0291970802919708,11.0,-5,0,0
1.1845188284518828,4.333333333333336,1,0,1
0.8276670574443142,-6.833333333333329,4,0,0
1.1159763313609468,3.3333333333333357,-7,0,0
1.1825396825396826,0.8333333333333286,4,0,1
1.1564964715649648,6.833333333333336,0,0,1
1.5404878048780488,30.0,1,0,1
0.9311015959517321,-20.166666666666664,-3,0,1
0.9878661087866109,5.5,-6,0,0
1.0884773662551441,-3.166666666666657,2,0,1
1.0914264036418817,8.333333333333329,-10,0,1
1.0928835489833642,-2.8333333333333357,-3,0,1
0.9728471683475562,9.333333333333336,6,0,1
0.9030195381882771,-33.833333333333336,-12,0,0
0.8453017570664629,-28.666666666666664,-4,0,0
1.0070093457943925,11.166666666666671,0,0,0
0.823982869379015,-30.666666666666664,0,0,0
0.904320987654321,-5.666666666666664,8,0,1
1.036078431372549,-2.6666666666666714,-2,0,1
0.8096118299445472,-17.33333333333333,-1,0,0
0.7275850223290965,-35.49999999999999,-3,0,0
0.7948905109489051,-19.66666666666667,1,0,0
1.192950745594216,-21.833333333333336,1,0,0
1.106925418569254,38.666666666666664,1,0,0
0.7346702661010412,-48.666666666666664,-4,0,1
0.7480519480519481,-24.16666666666667,1,0,0
1.1797528895974492,12.666666666666671,1,0,0
1.1958259325044405,8.333333333333329,-8,0,1
0.9981549815498155,0.0,-5,0,0
1.0353460972017674,22.166666666666664,-4,0,0
1.2157695939565627,7.333333333333329,-4,0,0
1.2066945606694561,30.66666666666667,-6,0,0
0.9529693104822639,-20.999999999999993,-1,0,1
0.9020732245258051,14.0,4,0,0
1.0084718149234277,-12.5,2,0,0
1.1427312775330396,12.333333333333336,7,0,1
1.07992277992278,13.999999999999993,0,0,1
0.9365733113673805,-13.0,-7,0,0
1.2311534968210718,7.666666666666664,-1,0,0
1.0725176645593157,11.666666666666671,2,0,1
1.0723214285714286,-18.833333333333336,-4,0,0
0.8980769230769231,-0.5,-4,0,1
0.9299191374663073,0.1666666666666572,-1,0,1
1.0119760479041917,6.5,5,0,1
1.1581676750216077,3.8333333333333357,-3,0,0
0.8646098003629764,-2.0,-6,0,1
1.01620029455081,-6.833333333333329,-4,0,1
0.8589968432129077,0.0,1,0,0
1.170997485331098,4.5,-3,0,1
1.0906344410876132,22.833333333333336,5,0,1
1.1318108974358974,-16.999999999999993,0,0,1
0.9819376026272578,10.500000000000007,-7,0,0
1.3516930022573364,16.833333333333336,-9,0,0
0.900876858558902,13.833333333333336,4,0,0
0.9577885692939858,-31.33333333333333,-4,0,0
1.0983670295489891,-2.0,-6,0,1
1.007905138339921,0.8333333333333286,-2,0,1
0.6609555189456343,-17.5,-8,0,0
0.8706306306306306,-16.33333333333333,-1,0,0
0.9681505609844372,5.5,6,0,0
1.1024318349299926,7.833333333333336,0,0,0
0.9985475671750181,-8.666666666666671,3,0,1
1.0088870080406263,2.6666666666666714,0,0,0
0.9828001375988992,-14.5,-3,0,1
1.1584199584199584,8.666666666666657,-5,0,1
0.9013861386138614,-14.499999999999993,-5,0,1
1.1857083506439552,-0.6666666666666643,6,0,0
1.146135831381733,2.8333333333333286,-3,0,0
1.1514231499051233,8.333333333333329,3,0,0
1.114975450081833,6.666666666666657,-4,0,0
1.0128617363344052,0.0,-4,0,1
0.883205799436166,-11.833333333333336,-7,0,0
1.2226487523992322,25.833333333333336,5,0,1
0.7903539478802023,-24.333333333333336,2,0,0
0.9884416102032683,15.000000000000007,3,0,0
0.9101200686106347,-35.00000000000001,-5,0,0
0.952485701715794,-8.833333333333343,-5,0,0
0.9055766793409379,4.833333333333343,-2,0,1
0.9514635050018525,-2.3333333333333286,-6,0,1
1.064252336448598,1.0,-7,0,0
0.9055498104102033,-14.333333333333329,-1,0,1
1.0216072782410917,-5.166666666666671,-8,0,0
1.0198269646719538,3.1666666666666714,-2,0,0
0.8602996254681647,2.3333333333333286,1,0,0
1.0073076923076922,15.166666666666664,3,0,0
1.1184482047049114,19.33333333333333,-5,0,0
1.2017738359201773,15.333333333333336,5,0,0
1.1283702213279678,23.666666666666664,0,0,1
0.9523273273273273,2.5,0,0,0
1.1734985700667302,7.833333333333336,-3,0,0
1.1919967663702506,34.33333333333333,-1,0,0
0.899092558983666,-5.333333333333336,5,0,0
1.0928742994395517,11.333333333333329,7,0,1
0.7569813829787234,-20.500000000000007,-3,0,0
1.105243445692884,18.0,-11,0,0
1.225832990538873,9.166666666666664,1,0,1
0.9815973500184026,-11.666666666666657,-6,0,0
0.9170597484276729,-12.833333333333343,-5,0,1
0.933277027027027,5.166666666666671,6,0,1
0.9509043927648578,-17.5,-3,0,1
0.9552293577981651,-12.333333333333343,2,0,1
0.8867989056087552,6.166666666666671,6,0,1
0.9368421052631579,-2.833333333333343,5,0,1
0.914562435143549,0.3333333333333286,3,0,0
1.0007794232268121,-7.333333333333336,-8,0,0
0.8886580805982551,11.500000000000007,3,0,0
1.568816658202133,23.499999999999993,0,0,1
0.9745132743362832,-4.0,-2,0,1
0.9424990785108736,-10.333333333333336,1,0,0
1.0467065868263472,4.5,4,0,1
1.1535433070866141,9.833333333333336,3,0,0
1.0176013098649201,20.833333333333336,-1,0,0
1.0252329192546583,11.500000000000007,4,0,1
1.0885085574572126,-4.5,0,0,1
0.9028944911297853,-11.166666666666671,6,0,0
0.9932346723044397,-7.166666666666671,-7,0,0
1.298109549200194,4.833333333333336,3,0,1
1.1221922731356693,9.166666666666657,0,0,0
1.0780423280423281,8.999999999999993,-4,0,0
0.656392694063927,-38.166666666666664,-8,0,0
0.9982602644398052,2.8333333333333286,7,0,1
1.1025242718446602,-6.333333333333329,-4,0,0
0.7251612903225807,-29.16666666666667,1,0,0
0.8085034013605442,-17.333333333333336,-3,0,0
0.9888527635856944,-7.666666666666664,-1,0,0
1.1269961977186311,-4.0,-10,0,1
0.954059405940594,15.999999999999993,6,0,1
1.085661080074488,18.166666666666664,4,0,1
1.0920584749111024,6.666666666666671,13,0,1
0.8409815168897387,9.666666666666657,-1,0,0
1.0233362143474503,9.0,1,0,0
1.1426844014510278,37.666666666666664,-1,0,0
1.286215978928885,14.166666666666664,1,0,1
0.9786133149361849,-0.6666666666666714,2,0,1
1.0530973451327434,5.5,-1,0,1
0.852975047984645,-28.333333333333336,2,0,0
1.1457131872356785,23.5,3,0,1
0.9688365650969529,-6.333333333333329,-8,0,0
0.8725423728813559,-17.33333333333333,-3,0,1
0.9515503875968992,15.0,-7,0,0
1.0970915312232679,6.666666666666664,-2,0,1
0.8803792851932896,-0.5,5,0,1
1.099581589958159,-12.166666666666664,2,0,1
0.9950248756218906,9.666666666666664,0,0,1
1.0070318282753516,9.166666666666671,0,0,1
1.2771182971756037,28.16666666666667,-5,0,1
0.9472222222222222,-9.666666666666671,-6,0,0
0.7735507246376812,-23.166666666666664,-1,0,0
0.8821402747650036,-27.666666666666664,-3,0,0
1.3508168529664661,7.666666666666671,0,0,1
1.0299850074962518,4.666666666666657,-9,0,0
0.9909353110836424,-3.833333333333343,0,0,1
0.9442960702022128,-36.83333333333333,1,0,0
1.4804777216352778,35.00000000000001,3,0,1
1.0238095238095237,5.666666666666671,-5,0,1
1.2072144288577153,28.33333333333333,4,0,0
0.9068860978778692,-9.0,0,0,1
1.2909875359539789,4.333333333333343,-4,0,0
1.0015031942878616,-23.0,-1,0,1
1.221779018747507,4.666666666666671,-2,0,1
0.9554163596168017,8.666666666666657,-1,0,0
1.0623655913978494,36.66666666666666,0,0,1
0.9196911196911197,17.833333333333336,-1,0,0
1.0466800804828973,3.5,-2,0,0
0.7790588968526021,-23.666666666666657,-3,0,1
1.3792394655704008,11.166666666666671,-10,0,0
1.103448275862069,0.6666666666666572,0,0,0
0.9267810026385225,7.833333333333343,-1,0,0
1.0734664764621968,22.0,5,0,1
0.8798476454293629,-18.333333333333336,-7,0,1
0.809661139149243,3.6666666666666714,-6,0,0
1.041350531107739,-19.83333333333333,2,0,1
1.0912280701754387,-19.999999999999993,-1,0,0
1.017019510170195,-22.833333333333336,0,0,1
1.2073118279569892,12.666666666666671,-3,0,0
0.8713532513181019,-2.3333333333333286,0,0,0
1.2364326375711574,16.66666666666667,-1,0,0
0.9407894736842105,-12.499999999999993,-2,0,1
1.1487633813215208,9.166666666666664,-1,0,1
0.8223276176577892,-4.5,-9,0,0
0.8533744433025009,-24.66666666666667,-5,0,0
1.1252045826513912,27.499999999999993,2,0,1
0.8271423317396102,-13.833333333333329,5,0,1
0.9993313273152792,-6.5,-1,0,1
0.9392523364485982,-30.166666666666657,4,0,0
1.2254080282311426,4.666666666666671,3,0,0
1.5339023233760076,40.166666666666664,-1,0,1
1.0484725050916497,16.333333333333336,-6,0,0
1.1314741035856575,13.0,0,0,0
0.7332506203473945,-32.99999999999999,-2,0,1
1.0494942196531791,3.6666666666666714,8,0,1
0.7918731417244796,-11.833333333333329,1,0,1
1.002605297438124,-17.166666666666664,-5,0,0
0.9333862014274386,-6.666666666666664,0,0,0
0.8860759493670886,5.333333333333329,10,0,1
0.947872748179379,-23.999999999999993,-5,0,0
0.9879891514916699,-10.333333333333336,-4,0,1
0.8857632933104631,-18.16666666666667,1,0,1
1.0842581175503494,-8.666666666666671,-3,0,0
0.6796302199553714,-20.0,2,0,0
1.3808816245666171,21.166666666666664,-4,0,1
1.0248447204968945,19.33333333333333,6,0,0
0.9515260323159784,-3.666666666666657,3,0,0
0.941156462585034,12.166666666666664,-3,0,0
0.8698680351906158,-2.6666666666666643,0,0,0
1.0231607629427792,-19.0,11,0,0
1.1356803797468353,2.0,-2,0,1
1.1538461538461537,20.66666666666667,-3,0,1
1.2158211521926052,9.5,2,0,0
0.8171765573166236,-10.666666666666664,7,0,0
0.7595297470609191,-32.83333333333333,4,0,1
0.8678377248013384,0.1666666666666714,-1,0,1
0.9443186962426438,10.166666666666671,5,0,1
1.400990099009901,23.833333333333336,0,0,0
1.0581706850363566,18.833333333333336,5,0,1
0.831143232588699,-9.833333333333336,2,0,1
0.9842217484008529,-6.5,10,0,0
1.0232476224022544,-0.6666666666666572,0,0,0
0.9184975194897236,-24.500000000000007,4,0,0
0.9489211800968737,-4.000000000000007,4,0,0
1.0539836187639613,-27.000000000000007,5,0,1
0.9703053115851108,-0.1666666666666714,2,0,0
0.8900195694716243,11.333333333333336,-1,0,0
1.1507029876977153,18.499999999999993,1,0,0
1.0725118483412321,2.0,-4,0,0
0.8498233215547704,-16.33333333333333,-6,0,0
0.9211530309453159,7.833333333333329,2,0,0
0.8523489932885906,-6.833333333333329,-3,0,1
1.0480559196155526,4.666666666666671,3,0,1
0.808848945731075,-42.166666666666664,-5,0,0
1.1017298187808897,-1.5,3,0,0
0.916734693877551,-16.66666666666667,-6,0,0
0.9889101338432122,3.0,2,0,1
1.0918045705279749,-20.333333333333343,3,0,0
1.1495408832531702,-14.499999999999993,-1,0,0
1.0215243472124207,7.666666666666671,-2,0,1
1.0663438256658595,6.666666666666664,-2,0,1
0.8775811209439528,-11.833333333333329,6,0,1
1.2376106194690266,23.333333333333336,-5,0,1
1.1278052491441612,-6.833333333333329,4,0,1
0.8420031055900621,-1.499999999999993,3,0,0
0.9193352249695987,11.166666666666664,-3,0,1
0.9476534296028881,-2.3333333333333286,-1,0,0
0.9681697612732095,-4.0,1,0,0
1.538647342995169,25.500000000000007,-3,0,0
0.8299935358758889,-25.16666666666667,1,0,0
0.9457202505219207,8.333333333333343,-2,0,0
1.0217482225010457,16.66666666666667,3,0,0
0.9568901989683124,13.5,-2,0,0
0.983004134129536,-13.333333333333336,0,0,0
0.9916286149162862,30.16666666666667,1,0,1
1.069119286510591,13.666666666666664,-7,0,0
1.0175824175824175,5.5,0,0,1
1.1591956430666108,-4.333333333333329,11,0,1
1.1088223863194715,-6.333333333333329,0,0,1
1.0198412698412698,14.833333333333329,-3,0,1
0.8713804713804714,-10.333333333333329,-1,0,0
0.7392550143266475,-6.500000000000007,6,0,0
1.0264530551415798,-4.5,-4,0,1
1.0157170923379175,33.49999999999999,1,0,0
1.1508771929824562,12.833333333333336,0,0,1
1.155155155155155,13.166666666666664,-6,0,0
0.8154373927958833,5.333333333333336,2,0,0
1.113009708737864,-3.3333333333333286,2,0,0
0.9670528602461984,-8.833333333333336,-2,0,0
0.9569630531871701,-8.499999999999993,-1,0,0
0.9966580022279985,5.0,1,0,0
0.8165169315825846,3.833333333333343,-3,0,0
0.9640495867768595,-2.0,-2,0,1
0.8791848617176128,-4.333333333333329,-4,0,0
0.9462282398452612,-12.500000000000007,-1,0,0
0.7495334079880552,-2.8333333333333286,-9,0,0
1.0230995380092398,-13.5,2,0,0
1.0620243531202436,4.0,-1,0,1
1.1340857787810383,2.0,0,0,0
0.8278207109737249,-20.166666666666664,-7,0,0
0.8479643765903307,-16.16666666666667,-1,0,0
0.9800884955752213,-0.6666666666666714,1,0,1
0.8540500186636805,-20.999999999999993,3,0,0
1.1037700634565135,34.333333333333336,2,0,1
1.2346899961962723,13.166666666666671,-8,0,1
0.9599141016463851,-25.333333333333336,0,0,1
0.9663222349789514,-4.833333333333343,2,0,1
0.9760201935212452,27.83333333333333,1,0,1
1.0359477124183007,14.166666666666671,3,0,1
0.9316929856775615,-5.333333333333343,1,0,1
0.7982779827798278,3.6666666666666714,3,0,0
0.8014589280050746,-18.0,-6,0,0
1.2230380908673704,10.0,3,0,0
1.1363467951092998,27.0,2,0,0
0.8653543307086614,-16.333333333333336,2,0,0
0.8486937590711175,-20.0,2,0,0
1.1860566448801744,5.833333333333329,0,0,0
0.8663522012578616,-9.833333333333329,6,0,1
1.2672913877733154,33.33333333333333,-7,0,0
0.8482783357245337,-15.833333333333336,-5,0,0
0.7449664429530202,-12.499999999999993,1,0,1
1.1850262279446828,-6.833333333333336,3,0,0
0.8645138645138645,-29.666666666666664,0,0,0
1.0155038759689923,16.166666666666657,-6,0,0
1.3617511520737327,26.66666666666667,4,0,1
0.9620526088831393,-20.500000000000007,-1,0,0
0.9427233429394812,-21.333333333333336,-2,0,0
0.9704142011834319,18.83333333333333,-3,0,0
0.9940476190476191,-10.5,4,0,0
1.03844454264251,-12.333333333333329,-3,0,0
0.9598180439727066,-8.5,-2,0,0
0.922016806722689,-5.0,-1,0,0
1.2203245089666952,2.0,-5,0,0
0.9397042093287827,-18.5,2,0,0
0.8815633636004737,-8.999999999999993,-6,0,0
1.1502262443438913,25.500000000000007,10,0,1
0.9690721649484536,-7.999999999999993,-3,0,0
1.156294536817102,6.499999999999993,1,0,0
0.8913263584205198,-7.333333333333336,9,0,0
1.1376011773362766,-13.166666666666671,1,0,0
1.1114432109308283,8.0,4,0,1
1.036560867818401,4.5,-2,0,0
0.7270970235794356,-16.666666666666664,-2,0,0
1.4964467005076143,49.99999999999999,-4,0,1
0.9227970897332255,7.5,2,0,0
0.955640535372849,10.833333333333336,-3,0,0
0.9911402157164869,-15.666666666666664,2,0,0
1.329957805907173,49.66666666666667,0,0,1
1.07070340826686,-7.666666666666664,4,0,1
1.3326602725896013,2.6666666666666643,4,0,1
0.8760683760683761,-19.16666666666667,6,0,0
1.2680831826401446,20.666666666666664,-2,0,1
0.7979387882573392,-20.5,0,0,0
1.069007758268681,-1.5,-7,0,0
1.1650224215246636,0.5,-5,0,1
0.8921971252566735,-3.6666666666666714,-2,0,0
1.0934615384615385,9.0,-2,0,1
0.9111369809856422,4.666666666666664,7,0,0
0.8855105105105106,10.166666666666664,-1,0,1
0.9915057915057915,-18.333333333333343,3,0,1
1.5099838100377765,25.999999999999993,3,0,0
0.9097387173396675,-5.666666666666671,0,0,1
1.0565543071161048,15.499999999999993,3,0,1
0.9205933682373473,0.0,0,0,0
1.175,-1.1666666666666714,-2,0,1
0.8552233792408465,-26.500000000000007,-2,0,0
1.0745341614906831,14.0,1,0,0
1.1412955465587045,11.166666666666664,-2,0,0
0.8086194302410519,4.166666666666671,2,0,0
1.2370017331022531,19.500000000000007,4,0,1
1.0563106796116506,17.833333333333336,3,0,0
0.8094876660341556,-19.833333333333336,-5,0,0
0.9252669039145908,14.833333333333329,-2,0,0
0.9857856319631195,-13.166666666666664,-2,0,0
1.0500420521446594,15.666666666666671,3,0,1
1.149013290374547,1.3333333333333357,-4,0,1
1.1569487067075843,17.666666666666664,-4,0,1
1.0254206945936268,2.6666666666666714,4,0,1
0.9871844660194175,15.666666666666657,-8,0,1
0.9329725228975854,-13.666666666666664,3,0,0
1.1163446054750403,39.66666666666667,-7,0,0
1.0771317829457365,-13.0,2,0,0
1.0305434351447837,-14.500000000000007,4,0,0
1.0343698854337153,-0.8333333333333286,3,0,1
1.2606837606837606,3.3333333333333357,-2,0,0
0.8913294797687862,4.166666666666657,-1,0,0
1.03537936913896,-19.5,11,0,1
0.7240437158469946,-25.166666666666664,4,0,1
1.213314580403188,-1.5,-2,0,1
0.866427289048474,-1.6666666666666714,-14,0,0
0.98,-19.0,-6,0,0
0.906671664167916,-7.833333333333329,3,0,1
1.043956043956044,-1.5,-2,0,0
1.0875478113047174,-4.166666666666671,-2,0,0
0.7985347985347986,-8.333333333333336,4,0,0
0.963978714695047,-19.499999999999993,-2,0,1
1.1053064582476346,-23.333333333333336,-3,0,1
1.079859587538394,4.833333333333343,2,0,1
0.9010477299185099,-6.166666666666671,-6,0,0
0.8815295322635712,-11.166666666666657,-2,0,1
1.054394954670871,-3.5,2,0,1
1.0089792060491494,9.666666666666664,2,0,1
0.865934065934066,-6.0,-1,0,0
1.3000468823253633,13.666666666666664,-1,0,1
1.0875822368421053,14.166666666666664,2,0,1
1.0073022312373225,0.3333333333333286,11,0,0
0.8281580804516584,12.333333333333329,0,0,0
0.9368160960112955,-9.833333333333329,1,0,0
1.182834152883326,-0.1666666666666572,0,0,1
0.7821717990275526,-17.0,2,0,0
1.268065268065268,26.5,-2,0,1
1.2672489082969431,15.333333333333336,-6,0,0
1.062874251497006,2.333333333333343,0,0,1
0.9843920145190562,9.0,0,0,0
0.983729662077597,20.66666666666667,1,0,1
1.110667199360767,18.5,4,0,1
0.8060344827586207,12.5,-2,0,0
0.9291712303760497,-5.166666666666657,-2,0,0
1.2009151414309485,1.5,0,0,1
0.80440097799511,-3.999999999999993,-2,0,0
0.8428367783321454,3.1666666666666714,-3,0,0
1.3507734303912649,-0.1666666666666572,1,0,1
1.205045871559633,29.333333333333336,5,0,1
0.8552981390049373,8.333333333333343,11,0,1
1.1211755233494365,10.166666666666664,1,0,0
1.1078753076292043,30.166666666666664,2,0,1
1.264203233256351,26.333333333333336,-1,0,1
1.0723860589812333,11.166666666666671,2,0,0
0.9755377477857444,-5.333333333333329,-1,0,1
0.9888983774551665,-15.500000000000007,-2,0,0
0.8879682997118156,-11.000000000000007,-2,0,1
1.0386694386694386,-12.666666666666671,6,0,1
1.0744781783681214,8.333333333333329,1,0,1
1.0396389324960753,34.0,5,0,1
1.114629258517034,25.5,4,0,1
1.0693333333333332,-15.333333333333329,-3,0,1
0.960875807609476,7.166666666666657,4,0,1
1.2863351038145823,-4.166666666666664,4,0,0
0.9646049338577047,0.1666666666666714,-2,0,0
0.7763556753115527,-9.5,2,0,0
0.9634551495016611,3.1666666666666714,-9,0,0
1.0575364667747165,13.499999999999993,-1,0,1
1.3051605038602194,39.66666666666667,-2,0,1
0.7989690721649485,13.5,5,0,0
1.1350334448160535,1.1666666666666643,-3,0,0
1.0047101449275362,1.8333333333333286,-8,0,1
1.3146490814884597,2.5,-1,0,0
1.0546558704453441,-19.333333333333343,4,0,1
1.0895390070921986,-18.833333333333336,0,0,1
0.99488609948861,-10.166666666666671,2,0,1
0.9677556215528214,6.333333333333336,0,0,0
1.0212996389891698,9.666666666666657,-4,0,1
1.0474168435951876,-6.666666666666671,4,0,1
1.0087649402390437,9.166666666666657,0,0,0
1.3360695316272333,17.5,-1,0,0
1.0744360902255639,-22.833333333333336,-1,0,0
1.0883064516129033,-0.1666666666666714,-2,0,1
1.0333196215549156,-0.3333333333333286,-5,0,0
1.2298850574712643,7.666666666666657,-1,0,1
0.8853244837758112,4.166666666666657,-1,0,0
0.8724878724878725,-7.333333333333329,3,0,0
0.921161825726141,-8.333333333333336,-1,0,1
1.1161689730517115,8.333333333333329,2,0,0
1.0509554140127388,-19.666666666666664,0,0,0
0.8910091743119266,-37.66666666666667,-3,0,1
0.8890694839496139,-12.5,0,0,0
0.965636931620965,-8.5,-2,0,0
1.0013204225352113,-4.999999999999993,7,0,0
1.2147134302822926,9.333333333333336,-2,0,0
1.201480904130943,15.0,7,0,1
0.9633370744481855,-15.666666666666671,-4,0,0
0.954683801149814,1.6666666666666714,-2,0,1
1.351068469254252,15.166666666666664,4,0,0
1.0114851485148515,11.0,3,0,1
0.7948257276320517,-17.166666666666657,5,0,0
1.2629791363415817,15.333333333333336,0,0,1
1.0298396120850428,-9.0,2,0,0
1.1857541899441342,48.99999999999999,0,0,1
0.9248554913294798,-20.666666666666657,10,0,1
1.094391785150079,19.83333333333333,-2,0,1
0.95,-7.333333333333329,3,0,0
0.8520013454423142,-12.166666666666671,8,0,1
0.7881967213114754,-31.5,-4,0,0
0.9581430745814308,-12.666666666666671,2,0,1
1.0954728821156432,-12.333333333333336,-2,0,0
1.2261146496815287,4.666666666666664,-13,0,1
0.9165360501567398,2.6666666666666643,1,0,1
0.7983721790603033,-9.833333333333329,1,0,1
1.0474325500435162,-14.333333333333329,0,0,1
1.1762391817466562,-10.833333333333329,-1,0,1
1.1528559935639582,9.0,5,0,1
1.3144050104384133,38.49999999999999,0,0,1
0.9328263624841572,-13.333333333333329,-1,0,0
1.2051865332120109,26.333333333333336,-5,0,1
1.2957943925233646,5.0,1,0,1
1.03472493172064,6.166666666666671,-3,0,0
0.9757316202712348,-25.666666666666664,1,0,1
1.1360671015843429,31.0,-2,0,1
0.9530251785043217,-14.666666666666657,5,0,1
0.9725868725868726,6.166666666666664,-1,0,1
1.047844827586207,-9.833333333333329,-1,0,0
1.156745182012848,19.500000000000007,5,0,1
1.107076695072249,31.33333333333333,5,0,1
0.9489501852614245,-11.833333333333336,-5,0,0
0.8502673796791443,9.0,3,0,0
1.0490693739424704,-10.666666666666671,3,0,0
1.0118858954041206,1.5,0,0,1
1.0720682302771856,4.333333333333343,1,0,1
0.9976833976833976,-21.499999999999993,5,0,0
0.8489159891598916,-22.66666666666667,1,0,0
0.9941130298273155,-5.333333333333343,2,0,0
1.0072169598556608,5.5,1,0,1
0.8791744840525328,13.166666666666664,3,0,1
0.974609375,-15.500000000000007,2,0,1
1.0609438870308436,-37.166666666666664,1,0,1
1.0065942591155934,24.0,-8,0,0
0.9777358490566038,11.833333333333336,-6,0,0
0.9793130366900858,-1.5,6,0,1
1.0124269005847952,-26.0,3,0,1
0.8779289493575207,14.166666666666664,2,0,0
0.8707592891760905,-12.5,6,0,0
1.176446617766911,20.16666666666667,4,0,1
0.963265306122449,5.0,-1,0,1
1.254320987654321,13.5,-3,0,0
0.9791371994342292,8.833333333333329,8,0,1
0.8484090096531999,-32.333333333333336,-3,0,1
0.9820926966292135,-14.166666666666671,-6,0,1
1.0225104921785577,2.333333333333343,1,0,1
0.8795690650250096,-15.833333333333336,-2,0,0
1.158406669754516,12.166666666666664,0,0,1
1.0353784146887595,21.0,1,0,1
1.0020550760378133,9.666666666666664,-3,0,1
1.171017101710171,10.666666666666671,4,0,1
0.880270357257805,-1.6666666666666714,1,0,0
0.8505135032331685,-18.66666666666667,2,0,0
1.0943108056510118,10.166666666666657,1,0,1
0.8900144717800289,12.333333333333336,4,0,1
1.0409459936463112,7.333333333333329,5,0,1
1.118790496760259,-5.333333333333329,3,0,1
1.206896551724138,17.833333333333336,2,0,0
0.8361686390532544,-19.000000000000007,3,0,0
0.9916575988393181,21.66666666666667,4,0,1
0.9721669980119284,11.666666666666664,3,0,0
1.0165703275529865,5.0,1,0,1
0.9660671869697998,-10.0,-1,0,0
1.0849056603773586,4.5,1,0,1
1.109127789046653,10.333333333333336,4,0,1
1.072538860103627,-7.166666666666671,-2,0,1
0.812258064516129,-11.833333333333343,7,0,1
0.9896006655574043,33.33333333333333,4,0,1
1.2510402219140084,8.666666666666664,-4,0,1
0.9052396878483835,-19.66666666666667,-5,0,1
0.8947368421052632,-18.333333333333336,1,0,1
0.8912423625254583,7.0,0,0,1
1.0801244651886426,-4.999999999999993,7,0,0
1.0106992739778373,-1.8333333333333357,2,0,0
1.167439703153989,3.499999999999993,0,0,1
0.7900494001411432,-35.00000000000001,2,0,0
1.0640934844192635,19.33333333333333,3,0,1
0.8104956268221575,-3.0,2,0,0
1.0824896887889013,14.166666666666671,6,0,1
0.8410958904109589,-10.666666666666657,-3,0,1
1.4234496124031009,18.5,7,0,1
1.3897849462365592,24.000000000000007,0,0,1
1.2563318777292576,9.5,0,0,1
1.004491629236423,26.000000000000007,2,0,0
0.7067615658362989,-20.166666666666664,9,0,0
1.1582307341541267,-2.3333333333333357,1,0,0
0.8802469135802469,-0.3333333333333357,-2,0,0
0.8511789717819869,9.0,2,0,0
0.8161764705882353,-22.83333333333333,3,0,0
0.9449778434268833,9.333333333333336,-1,0,0
0.8618577747533175,5.333333333333329,2,0,1
1.2424742268041238,13.666666666666671,-5,0,1
0.9029982363315696,-11.833333333333336,-3,0,0
0.823574144486692,-6.166666666666657,-2,0,1
1.0349942944085204,8.5,0,0,1
0.8680223285486444,-19.83333333333333,-14,0,0
1.1977924944812361,6.166666666666671,-5,0,0
1.200282752120641,1.5,-3,0,1
0.9550686966208689,20.000000000000007,-2,0,0
1.0209606986899564,2.0,0,0,0
0.8947368421052632,-10.666666666666657,-3,0,0
1.0144329896907216,-3.0,-1,0,1
0.9991836734693877,-14.000000000000007,-5,0,1
1.0779910167415272,-6.833333333333329,1,0,1
0.8000675447483958,5.0,7,0,0
0.9992551210428305,-16.16666666666667,-3,0,1
0.9790076335877863,-9.999999999999993,-3,0,0
1.1307861866274798,27.833333333333336,5,0,0
0.9204836936606816,9.833333333333329,-6,0,1
0.6988674217188541,-5.666666666666671,2,0,0
0.9611009174311926,6.833333333333329,-3,0,1
1.0141987829614605,-11.666666666666664,-3,0,1
0.8911785972523499,8.000000000000007,-2,0,1
1.154376886589047,14.333333333333336,6,0,0
0.8341400451758632,-17.83333333333333,4,0,0
1.2028608582574774,27.499999999999993,4,0,1
1.0731605351170568,13.666666666666664,1,0,1
1.3430721558211598,28.166666666666664,-6,0,1
0.938163190633004,-5.0,3,0,0
1.157331136738056,27.833333333333336,-3,0,0
0.9054952747637381,-27.5,-4,0,0
0.8670391061452514,20.833333333333336,-2,0,0
1.112474437627812,-6.0,-5,0,1
0.934164394234515,-13.166666666666664,3,0,0
0.9430577223088924,7.666666666666671,2,0,1
0.9687267311988086,-6.666666666666671,5,0,0
0.8291073289336576,-20.833333333333343,-1,0,0
0.8927102803738318,19.333333333333336,1,0,1
1.0500948766603415,22.83333333333333,2,0,0
1.0783300198807158,-25.333333333333343,7,0,0
0.9099595736861448,-0.5,-1,0,0
1.0640875341930442,-4.833333333333343,-4,0,1
1.1840776699029125,32.16666666666667,7,0,0
0.8680598877105428,-3.0,-1,0,0
1.1651534803285777,24.16666666666667,1,0,1
0.996219281663516,17.33333333333333,-2,0,1
0.957735556417216,28.5,6,0,1
1.2103258569614896,25.000000000000007,0,0,1
1.1341567291311754,18.999999999999993,-1,0,1
1.4187465335551859,32.99999999999999,1,0,0
1.223193741371376,8.666666666666671,-1,0,1
1.1999173895084676,14.333333333333336,-5,0,0
1.442970822281167,33.666666666666664,-1,0,1
0.9919614147909968,-1.6666666666666572,1,0,1
1.42997542997543,15.666666666666664,5,0,1
0.6739205526770293,-4.666666666666671,-2,0,0
1.32523051131601,27.833333333333336,-1,0,0
1.028927132918345,21.666666666666657,2,0,0
0.9415558242644095,-0.6666666666666643,1,0,0
0.9099437148217636,-31.0,10,0,1
1.2104766399244926,4.833333333333336,3,0,1
1.342386464826358,26.833333333333336,2,0,1
0.885412433969931,-25.833333333333336,-7,0,1
0.8322172619047619,2.0,2,0,1
1.1018197573656845,12.666666666666671,8,0,1
0.9040590405904059,-8.166666666666671,-2,0,1
1.2302325581395348,-19.66666666666667,2,0,1
0.9071428571428571,-14.666666666666664,5,0,0
1.2314274601322444,13.5,0,0,1
1.065359477124183,-3.1666666666666714,-1,0,0
1.0152149106124002,6.333333333333336,2,0,1
1.2911153119092627,4.5,4,0,1
1.2406264831514,19.833333333333336,-3,0,1
1.2016090866067204,17.0,1,0,1
0.9207482993197279,-20.166666666666657,5,0,1
1.0631090487238979,5.833333333333329,2,0,1
0.7993911719939117,-13.5,2,0,0
1.0157179269328802,-6.500000000000007,1,0,1
0.954893274265002,-8.666666666666664,3,0,0
1.1191546762589928,-6.5,-1,0,1
1.0514429109159347,-7.0,3,0,1
1.008298755186722,-16.66666666666667,5,0,1
0.8298969072164949,-24.333333333333336,3,0,0
1.1684782608695652,13.500000000000007,2,0,1
1.0415764400173235,12.166666666666664,4,0,1
1.0686395396629675,-2.6666666666666714,4,0,1
0.8675986842105263,-5.5,1,0,0
0.9598409542743539,-31.33333333333333,6,0,0
0.9259896729776248,-11.0,-4,0,1
0.8577353795105765,5.166666666666664,-2,0,1
0.9135458167330678,-0.8333333333333357,2,0,0
1.0456852791878173,29.0,0,0,0
1.1071585419411507,1.5,1,0,0
0.9244444444444444,-18.166666666666664,1,0,1
0.8523961661341853,20.166666666666657,-7,0,1
1.1006036217303823,13.499999999999993,3,0,0
1.0642361111111112,8.166666666666671,2,0,0
1.2034579815038198,28.500000000000007,3,0,1
0.972396025027604,-5.333333333333343,3,0,0
1.1051634296541923,4.333333333333329,6,0,1
0.9627837737253443,4.0,4,0,1
1.0117252931323284,21.000000000000007,-4,0,1
0.927087749046206,10.166666666666671,6,0,1
1.148105625717566,13.333333333333336,-2,0,0
0.9304123711340206,1.6666666666666714,4,0,1
1.1054672353625437,-4.833333333333343,1,0,1
0.810126582278481,-28.166666666666664,1,0,1
1.2224889955982392,-1.1666666666666714,-1,0,0
0.9505988023952096,-4.333333333333329,14,0,1
1.1643211920529801,18.833333333333336,4,0,0
1.2095634095634096,3.5,6,0,0
0.9355852317360566,-5.166666666666671,1,0,0
0.7383458646616541,-16.83333333333333,4,0,1
1.2947454844006567,24.5,-5,0,0
1.0360681728101466,5.666666666666664,0,0,0
0.952299245024022,-0.8333333333333428,-1,0,1
0.9002908184461986,-16.333333333333336,1,0,1
1.1997077447637603,31.66666666666667,-3,0,0
1.3410221619176843,48.0,5,0,1
1.0595377986682335,4.833333333333329,3,0,0
1.5563866513233602,22.33333333333333,7,0,1
0.8300952380952381,-13.333333333333329,-3,0,0
1.1211445559271647,-2.6666666666666714,0,0,0
0.9688622754491018,18.33333333333333,6,0,1
0.956140350877193,-3.8333333333333286,-4,0,0
0.9390432098765432,-12.333333333333336,1,0,0
0.7381305637982196,-14.166666666666671,6,0,0
0.81008164714235,-9.999999999999993,3,0,0
0.8994957983193277,-17.33333333333333,3,0,0
1.179902755267423,29.166666666666664,2,0,1
0.676954732510288,-26.166666666666664,-3,0,1
0.8446601941747572,-28.5,-1,0,0
1.0121602288984264,-9.0,1,0,0
0.8714596949891068,4.0,-7,0,0
0.809931506849315,-19.166666666666664,-2,0,1
0.7897233201581028,-6.0,-2,0,1
0.9579894973743436,-9.333333333333336,-2,0,0
1.0646455639768169,-5.333333333333329,-9,0,0
0.9809688581314879,0.6666666666666714,1,0,1
1.0928030303030303,-28.5,-8,0,0
0.8943661971830986,9.833333333333336,3,0,1
1.1081081081081081,-2.5,5,0,1
1.08560794044665,6.333333333333343,-3,0,0
0.9630503144654088,-29.33333333333333,-5,0,0
1.046938027136047,-21.166666666666664,5,0,0
1.231769623780771,8.0,6,0,1
0.7172349077259931,-16.83333333333333,4,0,0
0.8004087193460491,-23.333333333333336,6,0,0
0.7954390742001362,-4.666666666666657,7,0,1
0.8111753371868978,-11.333333333333336,2,0,0
0.8358361774744028,9.166666666666664,3,0,1
1.3585858585858586,15.833333333333329,-3,0,1
0.7946116165150455,-9.999999999999993,1,0,1
1.3009017560512577,12.999999999999993,-1,0,1
0.7796842827728209,-18.500000000000007,-3,0,1
0.9605067064083458,25.83333333333333,-3,0,1
0.9915869980879541,-31.83333333333333,0,0,0
1.2370517928286853,36.166666666666664,10,0,1
0.8539748953974895,17.5,5,0,0
0.9618981641842743,3.6666666666666714,-3,0,1
0.9710794297352342,10.833333333333336,6,0,1
1.0754237288135593,16.5,4,0,0
0.8604008293020041,-13.5,0,0,0
0.9456771231828616,-28.5,-1,0,1
0.9087779690189329,-8.5,-2,0,0
1.1655577299412916,-3.1666666666666714,-3,0,0
1.2206008583690988,27.0,6,0,1
1.0331622581918674,23.333333333333336,1,0,0
1.0799196787148595,-5.166666666666671,0,0,1
1.0809102402022757,1.500000000000007,0,0,1
0.8368660105980318,-4.833333333333329,6,0,0
1.0140449438202248,-13.666666666666664,-7,0,0
1.0387243735763099,-17.499999999999993,1,0,1
0.9392488954344624,-3.6666666666666714,-3,0,1
0.9040874140024282,-11.5,-8,0,0
0.9278183292781833,-16.166666666666664,3,0,0
0.9221230158730159,-0.8333333333333357,0,0,0
0.8716597666541211,-4.333333333333329,-5,0,0
0.9122557726465365,4.666666666666671,-4,0,1
0.8402802101576182,-13.0,-4,0,0
1.1552090715804395,-4.166666666666671,-5,0,0
1.1988884477967447,4.5,2,0,1
1.5622448979591836,32.833333333333336,3,0,1
0.9057274991106368,-4.166666666666671,1,0,1
1.0315789473684212,4.833333333333336,3,0,0
1.0018580453363062,-7.5,-4,0,1
1.0484061393152302,17.999999999999993,1,0,0
1.0168646991184362,-1.6666666666666714,0,0,1
1.0690894568690097,34.33333333333333,5,0,0
0.9473865199449794,-11.5,3,0,1
1.2518756698821008,5.166666666666664,2,0,1
0.8301260783012607,-18.83333333333333,0,0,0
0.7533068783068783,-6.0,-1,0,1
1.068682344158268,-1.1666666666666714,0,0,0
1.1102584814216478,-5.166666666666671,-1,0,1
0.9626467449306296,5.0,-4,0,0
0.8863361547762999,-3.0,5,0,1
0.9309133489461359,-30.666666666666664,2,0,1
1.0859136502398605,6.0,-2,0,1
1.2259835315645013,18.333333333333336,1,0,0
0.8355140186915888,-31.833333333333336,4,0,1
1.1357020547945205,36.833333333333336,4,0,1
1.0483729111697448,5.999999999999993,1,0,1
1.0831295843520783,5.5,3,0,0
0.9996371552975326,29.0,0,0,0
1.2919503404084902,12.5,-5,0,0
0.8419087136929461,-15.833333333333336,5,0,1
0.8342224045958145,13.333333333333329,2,0,1
0.8862025844101709,10.166666666666664,4,0,0
1.3101325757575757,20.666666666666664,-2,0,0
0.8442464161177838,-16.83333333333333,4,0,0
0.8050226717823509,-4.0,0,0,0
1.0341753343239228,-1.1666666666666714,4,0,1
1.1084558823529411,-0.3333333333333286,-9,0,1
0.900070372976777,13.666666666666664,0,0,1
1.1346877351392024,0.1666666666666572,-2,0,0
1.200089126559715,27.16666666666667,-1,0,1
0.9053497942386831,27.833333333333336,6,0,1
1.0463141644152836,5.166666666666657,1,0,1
0.9190797302657675,-2.8333333333333357,0,0,0
0.9330985915492958,0.3333333333333286,-1,0,1
1.1228896741264232,1.8333333333333428,5,0,1
0.9932405566600397,26.0,0,0,0
0.9802312569936591,13.333333333333343,-8,0,1
0.9804660726525017,-15.0,6,0,0
1.1140856672158155,0.0,-7,0,1
0.8834879406307977,-1.0,-7,0,0
1.069260700389105,6.166666666666657,-3,0,1
1.2444764649375601,7.5,-2,0,1
0.7212439115773698,-30.33333333333333,-1,0,0
1.3266998341625207,7.833333333333336,-4,0,0
0.717687074829932,-24.000000000000007,-6,0,0
0.7896600566572238,-14.833333333333329,2,0,0
0.993085566119274,4.833333333333329,-2,0,0
0.788255033557047,-15.833333333333329,-5,0,0
1.1442006269592477,-4.5,2,0,1
0.8604358759430009,-10.833333333333336,6,0,1
1.1505808757819482,17.999999999999993,-6,0,1
1.2370806890299184,15.0,-1,0,1
1.2083333333333333,0.8333333333333357,-1,0,0
0.8954861111111111,-14.666666666666664,2,0,0
1.0138888888888888,-14.666666666666657,5,0,1
0.8537886872998933,8.499999999999993,1,0,1
0.9354716981132075,-4.0,1,0,1
1.2547619047619047,6.333333333333329,1,0,1
0.9657701711491442,9.833333333333336,-7,0,0
0.8282482002056908,17.0,-8,0,0
0.7832941965783294,-12.166666666666664,2,0,0
1.029642857142857,23.33333333333333,1,0,0
1.087032967032967,6.166666666666664,2,0,1
1.1627369394359686,13.333333333333329,0,0,1
1.0223214285714286,37.66666666666667,-2,0,0
0.9461100569259963,-29.500000000000007,-5,0,0
1.1825769431403235,4.0,7,0,1
1.0572916666666667,-12.0,-10,0,1
1.1054800164812526,-6.666666666666671,1,0,0
1.0203187250996015,-9.333333333333336,0,0,1
1.2745398773006136,3.8333333333333357,-1,0,0
1.0003932363350374,-4.0,0,0,1
0.9158324063774564,22.5,5,0,0
1.2167553191489362,24.999999999999993,3,0,0
0.8047767393561787,-15.333333333333336,6,0,0
0.8121128699242945,-29.66666666666667,-4,0,0
0.7083044982698962,-8.333333333333329,0,0,0
1.0532994923857868,-3.0,0,0,0
1.0987105380168964,26.999999999999993,1,0,1
0.959114139693356,29.33333333333333,9,0,1
0.8742647058823529,-6.0,-1,0,0
1.159982751185856,-6.166666666666671,-7,0,0
1.474584801207851,21.166666666666664,-2,0,1
1.0333567415730338,3.333333333333343,-2,0,0
1.0956719817767653,5.999999999999993,-1,0,1
0.7173431734317344,-14.666666666666664,0,0,0
1.2081447963800904,5.166666666666664,1,0,1
1.1222426470588236,9.0,8,0,1
0.6831983805668016,-19.333333333333336,3,0,1
1.0067783094098883,20.5,2,0,1
1.046881207787048,-17.833333333333336,5,0,1
1.0576161325171047,-31.333333333333336,-4,0,1
0.867704280155642,-9.000000000000007,-5,0,0
1.0003505082369435,7.166666666666671,-7,0,0
0.6784053156146179,-10.666666666666657,-2,0,1
0.7755242351323479,1.3333333333333286,-2,0,0
0.9563042028018679,-1.8333333333333428,-3,0,1
1.012913640032284,-4.0,-4,0,0
0.9200680272108843,0.1666666666666714,2,0,1
0.7087342709104367,-7.166666666666671,6,0,0
0.998062015503876,-14.5,2,0,0
1.1130136986301369,-4.833333333333329,3,0,0
0.8836935166994107,-18.333333333333336,0,0,1
0.921577315019938,-19.000000000000007,-2,0,0
1.117798796216681,15.166666666666664,3,0,0
0.9125286478227654,16.66666666666667,1,0,0
0.8870905587668594,-25.333333333333336,-3,0,0
1.0656961552818216,-16.5,-5,0,0
1.076831683168317,15.833333333333329,0,0,1
0.794578083237877,-4.999999999999993,0,0,0
1.1681981622053537,-5.833333333333329,1,0,1
0.7717041800643086,-17.5,2,0,0
1.104635761589404,-4.0,5,0,1
1.2393509127789046,19.16666666666667,2,0,1
0.8500345542501728,4.0,4,0,0
0.875060299083454,16.0,6,0,1
1.1306569343065693,10.333333333333336,5,0,1
0.9648991784914115,49.33333333333333,-1,0,0
1.0637175324675325,-20.166666666666664,-10,0,1
1.0105633802816902,-10.499999999999993,0,0,1
1.0228542407313357,-16.833333333333336,8,0,1
1.1804942630185349,7.5,-4,0,0
1.212396694214876,11.500000000000007,1,0,1
0.7851208459214502,10.333333333333329,1,0,0
0.9667497921862012,8.666666666666664,5,0,0
0.8523011059579022,2.166666666666657,-3,0,0
1.1311284046692607,19.166666666666664,1,0,0
1.1609143881667414,6.333333333333329,1,0,0
1.0205567451820128,25.0,1,0,1
0.9573535273017139,4.833333333333329,1,0,0
0.8475635152019991,10.833333333333336,5,0,0
0.9842143906020558,28.666666666666664,0,0,1
1.1301643713904932,12.333333333333329,1,0,0
1.0123051681706317,-0.3333333333333286,2,0,0
1.1060661096985107,2.8333333333333286,-1,0,0
1.1223938223938223,11.0,-6,0,0
1.032,2.6666666666666643,6,0,1
1.1293027360988526,4.833333333333329,-3,0,0
0.9963175122749591,-0.3333333333333286,-1,0,1
1.0134974196109567,-6.0,-4,0,1
1.2337725719863348,-18.33333333333333,4,0,1
0.6661490683229814,5.666666666666657,-2,0,0
0.9822064056939501,20.833333333333336,-3,0,0
0.8887147335423198,24.83333333333333,0,0,1
0.9946902654867257,-10.666666666666657,-1,0,0
1.3105882352941176,-3.6666666666666714,-3,0,1
1.0773026315789473,18.000000000000007,-2,0,1
1.1127659574468085,-9.499999999999993,0,0,1
0.8717105263157895,-26.166666666666664,1,0,0
1.0113179992698065,14.166666666666664,-2,0,0
1.3065068493150684,12.0,2,0,1
0.8485452371462734,1.6666666666666643,0,0,0
1.0708038317367763,3.1666666666666714,-1,0,0
0.6947019867549669,-25.833333333333336,-1,0,1
0.7584345479082322,-37.0,-4,0,0
1.3049579045837232,21.166666666666664,-7,0,1
1.0906062624916721,18.5,1,0,1
1.072881982981872,0.6666666666666714,-3,0,1
1.1721824686940967,-0.3333333333333286,5,0,0
1.0425685425685425,-3.5,-3,0,0
1.0161854768153982,-12.166666666666664,0,0,1
0.8392341040462428,-33.00000000000001,-8,0,0
0.78917089678511,-11.833333333333329,-1,0,0
0.7594799566630552,-22.000000000000007,1,0,0
0.945840554592721,-15.333333333333329,2,0,0
1.2571294997662459,36.166666666666664,9,0,1
0.9731881022203602,3.6666666666666714,-2,0,0
0.9528368794326241,-8.333333333333343,-9,0,1
1.2233908287757678,13.666666666666671,2,0,1
1.0495726495726496,14.333333333333329,1,0,1
0.9740040513166779,36.333333333333336,0,0,0
1.1188506747932085,14.166666666666664,-1,0,0
1.024559967253377,-4.666666666666664,3,0,1
1.1453328081922016,-0.8333333333333428,-7,0,0
0.975,15.333333333333329,-11,0,0
0.8685154975530179,4.5,3,0,1
0.8127110838194658,-13.666666666666671,-2,0,1
0.9444444444444444,16.0,-4,0,1
0.9812369701181376,3.666666666666657,4,0,1
0.9071628651460584,4.0,-3,0,0
0.8793650793650793,33.166666666666664,1,0,1
0.9618181818181818,2.1666666666666714,-2,0,0
1.3167903525046383,2.3333333333333286,4,0,1
1.037567084078712,11.0,-3,0,1
0.8589298123697012,-26.166666666666664,-1,0,0
0.8514975041597338,12.833333333333329,-1,0,1
1.130401819560273,9.166666666666671,-8,0,0
1.0599409033347404,8.333333333333329,4,0,1
1.0365296803652968,4.166666666666664,-1,0,1
1.0155440414507773,-13.166666666666664,3,0,0
1.1030172413793105,19.66666666666667,4,0,0
1.0053097345132744,11.166666666666671,-1,0,0
0.7237070461645262,-7.666666666666664,1,0,0
0.8122299767364572,-10.833333333333343,-5,0,0
1.169840652934318,14.666666666666657,-2,0,1
1.2146081247435372,-7.5,-5,0,0
1.007081038552321,-4.0,-3,0,0
1.0575482853764289,1.499999999999993,-4,0,0
1.1721275666229796,12.666666666666664,-2,0,1
0.8820403825717322,19.0,0,0,1
1.090776522056143,21.500000000000007,5,0,1
1.1729657625611383,3.5,3,0,1
1.0825278810408923,2.3333333333333286,-5,0,0
1.1360093530787216,-2.8333333333333286,-3,0,1
0.9991266375545852,-2.1666666666666714,5,0,1
0.8986615678776291,-12.833333333333336,1,0,0
1.0100806451612903,-4.833333333333329,-8,0,0
0.7405362776025236,-13.166666666666664,1,0,1
1.2191717077710562,-3.499999999999993,-5,0,0
1.0555555555555556,15.166666666666657,0,0,1
0.8682655543969413,-10.0,-5,0,0
0.7447756080849606,-19.500000000000007,-4,0,0
0.8554823711739635,-3.1666666666666714,0,0,0
1.1598639455782314,11.166666666666664,6,0,1
0.9158432708688246,21.5,-4,0,0
1.2103505843071787,12.666666666666657,-9,0,1
0.8907945397269863,-28.500000000000007,3,0,1
0.922165820642978,2.1666666666666643,-2,0,1
0.8305369127516778,-2.1666666666666714,4,0,0
0.9543515358361775,-21.833333333333336,-5,0,1
0.8416637539321915,2.8333333333333286,-7,0,0
0.9393401915572899,-15.999999999999993,-1,0,0
0.9404804589458587,-4.5,2,0,0
1.1862745098039216,1.6666666666666714,-4,0,0
1.20837297811608,16.333333333333336,1,0,1
0.8435159637366969,-28.333333333333336,1,0,0
0.931002331002331,6.666666666666664,1,0,1
1.0255506607929517,2.5,3,0,0
0.9244998112495281,-4.166666666666671,4,0,1
1.0065298507462686,17.66666666666667,-6,0,1
0.8835489833641405,-13.333333333333336,-3,0,0
0.6981884057971014,-10.500000000000007,6,0,0
0.9164794007490636,-22.499999999999993,-3,0,0
0.8906189178668743,4.833333333333336,-1,0,0
1.121223709369025,-6.166666666666664,5,0,1
1.0750838926174497,0.0,3,0,1
0.8090614886731392,-27.66666666666667,4,0,1
1.1648727984344422,14.833333333333336,-1,0,1
1.5812431842966195,21.000000000000007,-3,0,1
1.186206896551724,-9.166666666666671,11,0,0
0.9243542435424354,11.666666666666657,5,0,1
0.8375,-33.00000000000001,-6,0,0
1.0061349693251533,-1.0,-2,0,1
1.035948975647468,8.0,3,0,1
1.0172413793103448,17.5,0,0,0
0.8752791068580542,-21.16666666666667,-1,0,0
1.146280579131303,24.16666666666667,1,0,1
1.0113074204946997,-9.166666666666657,1,0,0
0.9879018320082958,12.166666666666664,5,0,0
1.0559350982066609,-23.33333333333333,3,0,0
0.8970017636684303,-8.333333333333329,-3,0,0
1.093737208350389,17.5,2,0,0
0.7558018704537582,13.166666666666657,4,0,0
1.1621181262729123,4.666666666666657,-4,0,1
0.9487757731958762,-3.333333333333343,0,0,1
1.0688854489164086,1.6666666666666643,0,0,1
1.1605871886120998,17.500000000000007,2,0,1
0.9601659751037345,8.666666666666664,-6,0,0
0.9823008849557522,7.5,-1,0,0
0.9878760664571172,-8.333333333333336,1,0,1
0.8607169529499626,-7.499999999999993,6,0,1
1.1708961141950833,4.333333333333329,0,0,1
0.8458823529411764,-26.5,4,0,0
0.9938750510412413,-2.6666666666666714,3,0,1
0.9541847041847041,7.333333333333329,8,0,1
0.7298512625389139,-9.833333333333336,-7,0,0
1.176110884631064,3.6666666666666643,1,0,1
1.4431197218082463,24.666666666666664,-3,0,1
1.2105263157894737,5.5,-3,0,1
0.9017114914425428,-11.166666666666671,7,0,0
0.9483500717360115,-0.6666666666666714,6,0,1
0.8474025974025974,4.333333333333336,-4,0,0
0.9540588760035682,7.5,-5,0,1
1.2520096463022508,7.666666666666664,2,0,0
1.1397214014352046,-5.166666666666657,1,0,1
1.178479931682323,18.33333333333333,4,0,1
0.9856035437430787,-8.666666666666671,0,0,0
1.0936073059360731,-3.166666666666657,-3,0,0
0.8633321592109898,-17.166666666666664,-7,0,0
1.1820092475830182,3.8333333333333357,0,0,1
0.9871559633027523,1.0,9,0,0
1.217467248908297,12.5,0,0,1
0.970137207425343,14.333333333333336,-7,0,0
1.4689550731953558,16.333333333333336,0,0,1
1.015063731170336,3.1666666666666714,3,0,1
1.190224570673712,5.666666666666664,-3,0,1
1.03640081799591,-14.5,-5,0,1
1.1743745261561789,28.16666666666667,5,0,1
1.2607170693686671,19.33333333333333,-6,0,1
1.0401195049082372,20.166666666666664,-1,0,0
0.9584332533972821,12.333333333333329,8,0,1
0.9752839011356046,27.500000000000007,2,0,1
1.0260319821494979,14.5,-5,0,1
1.1036036036036037,4.166666666666664,1,0,1
1.100438596491228,14.999999999999993,0,0,1
0.9497076023391813,-3.6666666666666714,-1,0,0
1.077992277992278,11.500000000000007,5,0,1
1.0969565217391304,21.333333333333336,-4,0,0
1.060594365109996,16.16666666666667,-1,0,1
1.0845790715971675,29.16666666666667,-4,0,0
0.9038112522686026,-33.66666666666667,-10,0,0
1.0984198645598193,-7.333333333333336,1,0,0
0.8340106283213504,1.500000000000007,-2,0,0
0.9693985226873022,-0.6666666666666714,2,0,1
0.8156794425087108,-31.000000000000007,-3,0,0
0.833879781420765,-16.833333333333336,2,0,0
1.2405228758169935,5.666666666666671,-5,0,0
0.9771346909610575,-15.833333333333329,-1,0,0
0.7507518796992482,-24.666666666666664,-1,0,0
0.9081632653061225,-14.333333333333343,-9,0,0
1.0295342673229837,11.166666666666657,-3,0,1
1.2332385209264527,5.0,-2,0,1
0.9755474452554744,-6.5,2,0,0
0.8747126436781609,-4.333333333333336,-3,0,0
0.8580128205128205,-2.6666666666666714,-3,0,1
1.2201907790143085,7.833333333333336,-5,0,1
1.1274864376130198,5.166666666666664,-1,0,1
1.0972328977709453,4.166666666666671,0,0,0
1.3651712493970092,9.666666666666664,3,0,1
0.8920065252854812,-8.833333333333343,-2,0,1
1.0185847033595425,0.0,-1,0,1
0.7640845070422535,-16.333333333333336,-6,0,1
0.9452054794520548,-2.1666666666666643,1,0,0
1.0152073732718894,5.333333333333336,0,0,1
1.0861182519280206,27.333333333333336,-3,0,1
1.0719334719334719,23.999999999999993,4,0,1
1.0086455331412103,30.833333333333336,-2,0,1
0.9899263851220457,29.666666666666664,-5,0,1
0.9547169811320755,-16.33333333333333,2,0,0
0.8455167446885128,-28.500000000000007,-3,0,0
1.0388,0.8333333333333428,-3,0,1
0.9004424778761062,-3.6666666666666643,2,0,0
1.0921900161030595,10.000000000000007,-4,0,0
1.0440881763527055,0.8333333333333357,4,0,0
1.046613896218118,2.0,4,0,1
1.3486323597589245,20.333333333333336,2,0,1
1.0465922217943782,16.499999999999993,-6,0,1
0.9728070175438597,-7.166666666666664,-4,0,0
0.969652650822669,-4.166666666666671,7,0,1
0.8287937743190662,-13.000000000000007,9,0,1
0.8979895755770663,-4.333333333333343,-1,0,1
1.1848560255954497,2.666666666666657,-4,0,1
1.360759493670886,27.16666666666667,2,0,1
1.0380914194065758,-7.333333333333329,1,0,1
0.8450257629805786,16.0,7,0,0
0.817741935483871,-8.666666666666671,-3,0,0
0.8444185141968106,10.0,-5,0,0
0.8431440443213296,-11.0,-1,0,0
1.0093696763202726,-2.3333333333333286,-3,0,1
0.8689607229753216,-18.83333333333333,3,0,0
0.8260715550832448,-17.666666666666664,3,0,1
0.9859320046893317,23.166666666666664,-4,0,1
0.866213921901528,16.83333333333333,0,0,0
1.1111638954869358,12.333333333333329,-3,0,0
0.8961887477313975,-29.499999999999993,2,0,0
1.0797422472815144,24.999999999999993,-2,0,1
0.9271356783919598,-12.0,3,0,0
0.78240302743614,-39.666666666666664,3,0,0
1.0222648752399233,3.8333333333333286,-1,0,1
0.9381476683937824,-1.3333333333333286,-3,0,0
1.2910101946246524,13.833333333333336,-2,0,1
1.0754001684919967,27.833333333333336,4,0,1
0.8859353970390309,-18.33333333333333,-1,0,1
1.331457800511509,10.166666666666671,5,0,0
0.9440800828443218,1.1666666666666714,5,0,1
0.9577264653641208,4.333333333333329,-1,0,0
0.9182648401826484,-3.6666666666666643,-1,0,0
1.0949033391915641,17.333333333333336,3,0,1
0.8504340962904499,-31.333333333333336,-2,0,0
0.9966680549770929,1.6666666666666643,-9,0,0
1.1716541978387365,6.0,5,0,1
1.0812231247013855,-1.3333333333333357,-2,0,0
1.2083682008368202,11.999999999999993,-5,0,1
0.8105612998522895,-23.166666666666664,6,0,0
0.9885057471264368,-27.999999999999993,0,0,0
0.7877316857899382,-12.5,3,0,0
1.1792035398230087,3.5,0,0,1
0.8462480857580398,-8.833333333333329,-5,0,0
1.0741726892354508,-6.333333333333329,1,0,1
1.264342453662842,13.499999999999993,2,0,1
0.9847494553376906,12.166666666666671,2,0,0
0.777541622387531,0.5,2,0,1
1.0184940554821664,-16.333333333333336,-3,0,0
1.1270110076206605,0.1666666666666714,2,0,1
1.104600865119937,-3.166666666666657,4,0,0
0.9834437086092715,3.0,11,0,1
1.2676234698184887,11.833333333333329,1,0,0
0.7805390269513476,-16.999999999999993,-6,0,0
0.8808713410483322,-15.999999999999993,-4,0,0
1.2874666666666668,32.666666666666664,-1,0,1
1.1514369933677229,26.333333333333336,-7,0,1
1.0447463044346783,23.166666666666664,-5,0,1
1.0099880143827407,2.8333333333333286,-3,0,1
1.14028128380815,17.5,-4,0,1
0.9616624865639556,26.66666666666667,4,0,1
1.1405382315249892,-0.3333333333333286,2,0,1
1.255890669180019,17.833333333333336,0,0,1
1.3188022897402025,8.833333333333336,9,0,1
0.9793553060485332,13.833333333333329,-1,0,1
1.096851145038168,12.5,0,0,1
0.9773076923076923,-9.833333333333336,-7,0,0
0.8437984496124031,-13.833333333333336,4,0,0
0.9507518796992481,-4.5,-1,0,0
0.9867659222497932,-3.1666666666666643,3,0,0
0.787436084733382,-7.833333333333336,0,0,0
1.0757894736842106,18.0,0,0,1
1.6270676691729324,23.166666666666664,-2,0,1
1.167860340196956,14.833333333333329,-1,0,1
0.8634608634608635,-10.833333333333329,-4,0,1
1.2749435665914222,29.5,2,0,1
1.1772575250836121,24.5,0,0,0
1.3182632050134289,33.50000000000001,1,0,0
1.2153846153846153,19.500000000000007,-3,0,1
1.07994976977815,3.5,0,0,1
0.8584187892821701,-13.333333333333329,0,0,0
0.7311756935270806,-21.166666666666664,0,0,0
0.9012539184952978,-1.6666666666666572,2,0,0
1.2020842772995015,33.50000000000001,7,0,1
1.0044354838709677,30.499999999999993,-5,0,1
0.9836065573770492,12.666666666666671,-5,0,0
1.0875,-8.833333333333336,2,0,0
1.0733983877810775,-9.5,9,0,0
0.8383458646616542,-20.166666666666664,-4,0,0
1.2219730941704037,33.5,-7,0,1
1.026671285071008,4.833333333333336,1,0,1
1.01484375,1.1666666666666643,0,0,0
0.8909014321819714,-4.0,7,0,0
1.1653992395437263,17.0,-5,0,0
0.8026366808840636,-28.16666666666667,-4,0,0
1.4656410256410257,28.83333333333333,2,0,1
1.0955443270555811,45.666666666666664,0,0,1
1.0375494071146245,-14.833333333333336,-3,0,1
0.8475770925110132,21.5,2,0,1
0.8761974944731025,-21.33333333333333,8,0,0
1.2471024571163654,1.1666666666666714,-1,0,1
0.9523809523809523,0.1666666666666714,-8,0,0
0.9604758250191865,-3.5,4,0,0
0.9862218999274837,-13.5,-5,0,0
0.8837675350701403,-20.666666666666664,9,0,0
1.037603305785124,16.166666666666664,-2,0,0
1.0293569431500467,8.166666666666671,3,0,0
0.9429407461594733,-0.3333333333333286,2,0,0
1.2284730195177955,13.666666666666657,-1,0,1
1.0048059149722737,14.333333333333329,0,0,0
0.9387931034482758,7.333333333333329,4,0,0
0.9495527728085867,1.8333333333333428,-1,0,1
1.0159045725646123,-6.666666666666664,-3,0,0
1.026725169525329,-34.666666666666664,1,0,1
0.97900466562986,2.5,0,0,0
0.9095174262734584,5.166666666666671,-1,0,0
1.0501381760757995,-6.166666666666671,4,0,1
1.1479234717685487,19.0,10,0,0
1.1162790697674418,42.166666666666664,9,0,1
1.1040963855421686,2.0,1,0,0
1.141676505312869,13.166666666666657,-1,0,1
1.2986641221374047,25.0,-1,0,0
0.8444619010212098,1.6666666666666643,-6,0,0
1.0687022900763359,-13.0,-1,0,0
1.1488121918422232,5.333333333333329,-9,0,1
0.6686501722518008,-27.833333333333336,-3,0,0
0.9507978723404256,-11.5,-7,0,1
0.9301994301994302,8.0,-3,0,0
0.9650190114068441,-16.0,-4,0,0
0.7998408276959809,0.8333333333333286,2,0,1
0.8807524353375882,-6.166666666666671,4,0,0
1.1422345483359746,21.333333333333336,1,0,1
0.8454810495626822,-10.833333333333329,1,0,0
0.9767634854771784,1.1666666666666572,1,0,1
0.9198606271777003,-18.66666666666667,2,0,0
0.8335895465026902,8.5,8,0,0
0.9750877192982456,4.166666666666657,1,0,1
1.0660876132930515,-26.33333333333333,0,0,0
0.7941622441243367,-29.499999999999993,2,0,0
0.9494290375203915,-19.333333333333343,1,0,0
1.0057565789473684,46.666666666666664,-5,0,1
0.7698715723707046,-29.166666666666664,8,0,1
0.9862012987012987,-2.8333333333333357,1,0,1
1.0273204903677757,1.6666666666666714,0,0,0
1.3595238095238096,13.500000000000007,6,0,1
1.2377086152458276,8.500000000000007,1,0,0
0.9524673439767779,4.666666666666657,3,0,0
0.972411186696901,-19.666666666666664,-2,0,1
0.7337045528987881,-14.333333333333329,4,0,1
0.948806641300588,-14.5,-1,0,0
1.0652087475149106,-5.333333333333329,0,0,0
1.1104114189756507,-14.166666666666664,7,0,1
0.9635009310986965,-12.5,-4,0,0
1.178370786516854,30.833333333333336,1,0,0
1.7159763313609468,43.49999999999999,1,0,1
0.9972200158856235,-35.166666666666664,0,0,1
0.7587921847246891,-22.83333333333333,8,0,0
0.9756554307116105,4.833333333333336,-1,0,0
1.022239872915012,4.833333333333329,-5,0,1
1.2235907153008052,9.666666666666664,0,0,1
0.9320353982300885,7.166666666666664,4,0,1
0.9840326773115484,9.666666666666671,-4,0,1
0.85741885625966,2.3333333333333357,0,0,0
1.0207972270363952,0.3333333333333428,-2,0,0
0.7536534446764092,-35.16666666666667,-5,0,0
0.7904624277456648,-18.666666666666664,1,0,0
0.9912428427079825,7.166666666666671,-2,0,1
1.2547511312217194,16.83333333333333,6,0,0
1.2271105826397146,34.99999999999999,3,0,0
0.930783242258652,-29.833333333333336,-9,0,0
1.1119202759678037,12.166666666666657,-2,0,1
0.8893320039880359,-3.5,-7,0,0
1.0252201761409128,24.83333333333333,1,0,1
0.8773519163763066,-10.666666666666664,-2,0,0
1.1010293556995807,24.166666666666664,5,0,1
0.9555084745762712,3.8333333333333357,2,0,0
1.059047619047619,11.0,3,0,0
0.8303009097270819,-22.666666666666664,7,0,0
1.0603161397670549,14.833333333333329,2,0,1
0.8846888125238641,-41.0,-3,0,0
0.8888888888888888,-26.333333333333336,1,0,0
0.9592326139088729,-21.666666666666664,1,0,1
1.0100347356233115,0.5,4,0,0
0.8130873651235642,-8.333333333333336,3,0,0
1.069525395503747,20.833333333333343,5,0,1
0.8572425828970331,1.1666666666666714,-10,0,1
0.8657375934738273,-43.5,4,0,0
0.9456856702619415,-9.833333333333336,-1,0,0
1.05512104283054,-25.166666666666664,-2,0,1
1.1038726022439378,6.666666666666671,-4,0,1
0.9629959875167187,-7.833333333333336,-1,0,1
0.7502899110939312,-7.333333333333336,0,0,0
0.9383275261324042,-17.16666666666667,2,0,0
0.9344677769732078,-15.0,-3,0,0
0.7932862190812721,5.333333333333336,-5,0,0
0.9706009511456982,0.6666666666666714,-1,0,0
0.7875706214689265,-3.8333333333333286,-1,0,0
1.0306406685236769,6.666666666666671,-2,0,0
1.1948869951834014,13.833333333333329,-1,0,1
0.8386610373944512,-19.333333333333343,4,0,0
1.1094589012804625,-13.000000000000007,3,0,1
1.1186287776274244,-13.0,-10,0,1
0.9973045822102425,12.0,4,0,0
1.0473295701259226,11.666666666666664,3,0,0
0.8690036900369004,-18.833333333333336,-2,0,0
0.8013268156424581,-31.999999999999993,9,0,0
1.08384979948961,17.166666666666657,-1,0,1
0.9846384413638066,14.0,3,0,1
0.9025735294117647,-25.499999999999993,0,0,1
0.9750812567713976,-4.0,-2,0,1
0.9324648611587247,6.999999999999993,1,0,0
0.8862629246676514,-27.666666666666664,-5,0,0
0.9891107078039928,-13.999999999999993,-1,0,0
1.0664678312739668,5.166666666666664,-2,0,0
0.7175597159457715,-3.166666666666657,1,0,0
0.7814540705267741,-5.0,-1,0,1
1.023372287145242,-1.8333333333333286,-6,0,0
1.1454545454545455,4.833333333333336,-7,0,1
0.8755020080321285,1.6666666666666643,0,0,0
0.8018465909090909,-41.99999999999999,1,0,0
0.7914490861618799,-25.333333333333336,-3,0,0
1.1856594110115237,1.3333333333333286,-1,0,1
1.2477496785255036,6.5,-1,0,0
0.8120195667365478,-3.3333333333333357,-2,0,0
1.044280442804428,11.666666666666664,-2,0,0
0.9121353979114152,-1.6666666666666714,-6,0,0
1.0611256056653,5.166666666666671,4,0,1
0.9114583333333334,-37.5,5,0,1
1.0970235794356398,8.333333333333329,-1,0,1
1.076980848666917,6.333333333333329,6,0,1
0.8665720369056068,-6.833333333333329,-1,0,0
1.0446785325099892,-6.5,-4,0,0
1.0857142857142856,6.5,-4,0,1
0.9610956728860659,20.166666666666664,1,0,1
0.8315602836879432,16.833333333333336,8,0,0
1.0914657481821661,11.166666666666657,1,0,1
1.1293510958315427,-5.666666666666657,-8,0,1
0.9910714285714286,2.3333333333333286,-2,0,1
0.7915708812260537,-26.83333333333333,0,0,0
0.9804753820033956,-19.833333333333336,5,0,1
0.8797385620915033,-16.833333333333336,-2,0,0
1.3628099173553718,-6.0,1,0,1
0.9139344262295082,0.5,-2,0,0
1.1612371134020618,12.0,-3,0,1
1.1756813417190777,-10.500000000000007,1,0,1
0.9620462046204621,18.16666666666667,-3,0,0
1.0055710306406684,6.666666666666657,3,0,1
1.0208333333333333,1.5,4,0,0
1.0100409074005205,4.0,1,0,1
0.9929052855622561,-8.166666666666671,1,0,1
0.796622097114708,-22.33333333333333,1,0,0
1.1431578947368422,6.833333333333343,-3,0,1
1.1624521072796934,2.3333333333333357,-2,0,0
1.1724546172059984,-0.5,-3,0,1
1.3750698714365568,37.00000000000001,0,0,1
1.0797708241516086,0.3333333333333428,-2,0,1
0.7813781788351107,-15.000000000000007,1,0,0
0.9091597274791824,-16.0,0,0,1
1.0275292498279422,6.666666666666671,0,0,1
1.0460496613995485,-9.166666666666671,2,0,1
0.969867416633186,11.5,-3,0,0
0.9382632293080054,19.166666666666657,0,0,0
1.2262401483541956,39.49999999999999,-3,0,0
0.9728260869565217,-24.16666666666667,3,0,0
0.8860619469026548,2.5,2,0,0
0.7416638598854833,-20.999999999999993,-3,0,0
1.1034324942791762,20.66666666666667,4,0,1
0.9184729860886445,-14.0,-3,0,0
1.071733229934083,-7.0,4,0,1
1.0345482156416097,-17.66666666666667,7,0,1
1.0560538116591929,8.166666666666657,2,0,0
1.2738146091413927,-6.166666666666671,-4,0,1
0.9655445544554455,-5.666666666666664,-9,0,0
0.8794970310862732,-29.499999999999993,-1,0,0
0.7598145285935085,-13.666666666666657,-4,0,0
0.9765834932821497,-2.6666666666666714,0,0,1
0.8768630234208659,-1.000000000000007,-4,0,1
1.0920770877944326,6.5,2,0,1
1.011118832522585,-5.666666666666657,-5,0,1
1.2045454545454546,-15.000000000000007,5,0,1
1.0660672400312745,8.166666666666664,3,0,1
1.3413071337035456,34.49999999999999,-3,0,1
1.0630782169890665,6.333333333333336,9,0,1
0.7216,-22.166666666666664,-3,0,0
0.8963435088896343,-5.5,4,0,0
0.8683427059212703,-27.66666666666667,2,0,0
1.0881039382866422,18.83333333333333,0,0,1
1.173621103117506,-3.6666666666666643,-2,0,1
1.237913486005089,16.500000000000007,0,0,0
0.7939914163090128,-6.5,3,0,0
0.9900517309988062,-18.333333333333336,-4,0,1
1.243811881188119,33.333333333333336,-4,0,0
1.0672164948453609,-34.83333333333333,3,0,1
0.9700690713737529,14.333333333333336,12,0,0
1.2690031861629494,25.999999999999993,5,0,1
0.8652230122818358,5.833333333333329,-2,0,0
0.9828259172521467,-6.0,-4,0,1
1.0374662031672461,8.833333333333329,6,0,0
1.1503914297486608,40.333333333333336,-2,0,0
1.0004101722723544,10.333333333333336,-3,0,1
1.0170499603489294,30.66666666666667,7,0,1
0.9648604269293924,-17.33333333333333,-4,0,1
1.2027613412228797,0.8333333333333428,0,0,1
0.8213045156310305,-10.0,-4,0,1
1.14877161055505,24.16666666666667,-5,0,0
0.8116654954321855,-14.833333333333329,7,0,1
1.1572327044025157,27.833333333333336,7,0,0
1.02968120190546,-6.5,1,0,1
1.0728193146417446,-4.333333333333343,-1,0,1
0.9494729189385678,13.000000000000007,10,0,1
0.9981831395348837,-12.999999999999993,-1,0,0
0.9302491103202847,12.833333333333336,-1,0,1
0.9225409836065573,-13.833333333333329,4,0,0
0.7828779599271403,-17.666666666666664,-8,0,0
0.9276595744680851,11.333333333333329,1,0,0
0.9846281678437889,-1.6666666666666643,-1,0,1
0.9803536345776032,1.0,5,0,0
0.96544797107272,-28.333333333333336,-6,0,0
0.8240519303040656,-25.33333333333333,4,0,0
1.0419235511713933,5.333333333333329,5,0,0
0.9576301615798922,45.33333333333333,-10,0,0
1.137870855148342,-2.5,2,0,1
0.7546399406087602,2.5,-7,0,0
1.0054880439043512,-4.666666666666657,0,0,0
0.8949704142011834,11.666666666666671,2,0,0
0.8856565656565657,1.0,0,0,0
0.9274884640738299,-17.166666666666657,1,0,0
1.2502304147465437,-1.6666666666666643,3,0,1
0.9131297104323681,-4.833333333333332,7,0,1
0.9789103690685413,-31.166666666666664,2,0,0
1.0652414301511242,-36.66666666666667,8,0,1
1.420353982300885,25.16666666666667,4,0,1
0.9859863456701401,-16.0,-2,0,1
0.9014876033057851,8.333333333333336,2,0,1
1.0630220197418374,-13.333333333333329,0,0,1
0.9053045186640472,-14.666666666666657,1,0,0
1.1987242394504416,-13.166666666666671,1,0,0
1.062730627306273,7.833333333333329,-2,0,0
0.8995215311004785,7.5,-2,0,1
0.9451198332754429,-0.1666666666666714,3,0,1
0.9756463094792057,3.499999999999993,4,0,1
1.1585923217550274,-23.0,-7,0,0
1.1260330578512396,0.1666666666666714,1,0,1
0.7597669636737492,-25.333333333333336,10,0,0
0.8646362098138748,-2.8333333333333286,0,0,1
1.0486080424215642,6.833333333333336,-4,0,1
1.1050737675422815,16.333333333333336,-5,0,1
0.9232514177693761,-2.5,-5,0,0
1.0193990110308102,1.3333333333333428,-1,0,0
1.0230141054194506,15.5,6,0,0
0.8470948012232415,16.500000000000007,3,0,1
0.9239723535831211,-14.166666666666671,4,0,1
1.0394736842105263,-0.1666666666666572,8,0,0
1.037842190016103,11.833333333333343,-3,0,1
0.90625,-32.33333333333333,-3,0,1
0.9074778200253485,-8.5,2,0,0
1.4873046875,23.333333333333336,2,0,0
1.076425855513308,11.5,4,0,1
1.1380706921944035,9.166666666666664,-6,0,1
0.7669839186084674,-17.33333333333333,-4,0,1
0.8735294117647059,5.0,3,0,1
0.9819787985865724,-11.5,2,0,0
1.2910821643286574,35.50000000000001,-2,0,1
1.1041509433962264,7.333333333333329,-2,0,0
0.9713128585892676,-9.166666666666671,4,0,1
0.7860768672951414,-11.833333333333329,1,0,1
1.1655260906757914,10.0,0,0,0
1.0951417004048583,-8.166666666666657,-7,0,0
0.8782209671726086,-17.833333333333336,1,0,1
1.3731109953100573,15.5,7,0,1
0.9454674220963173,-2.5,0,0,0
1.307426597582038,39.5,2,0,0
1.0919540229885059,-6.0,-3,0,0
0.8627977188862798,-32.99999999999999,-2,0,0
1.1191646191646192,8.666666666666671,-2,0,1
0.9185405176071277,-24.833333333333336,2,0,0
0.8972860125260961,-18.83333333333333,-2,0,0
1.3241498062849764,25.166666666666664,0,0,1
1.083629893238434,10.833333333333336,-1,0,1
1.1007272727272728,14.166666666666671,-1,0,0
1.0369942196531792,-0.5,-2,0,1
1.0490286771507864,-4.666666666666664,-2,0,1
1.0282608695652173,-1.5,-10,0,1
1.0418222554144885,9.5,0,0,0
1.2309699869508481,22.5,-3,0,0
1.060678642714571,4.5,3,0,1
1.0313467492260062,13.333333333333329,-3,0,0
1.4211822660098523,28.33333333333333,2,0,1
0.9393939393939394,-1.1666666666666714,0,0,0
1.1624343257443082,-3.8333333333333357,-2,0,0
0.8929544569871546,-3.8333333333333286,2,0,0
0.8259759211966435,-12.0,-2,0,0
1.2021739130434783,2.833333333333343,3,0,1
1.0711169284467714,2.0,-7,0,0
0.9969465648854962,-13.833333333333336,-3,0,0
1.0376282782212087,22.33333333333333,-2,0,1
1.0891089108910892,-2.1666666666666643,-5,0,1
1.0356853203568532,9.166666666666671,-7,0,0
1.1365522444360618,9.833333333333343,-1,0,1
0.8530214424951267,-2.5,2,0,1
0.9506126995915336,-17.83333333333333,-4,0,0
0.7594501718213058,-17.666666666666664,1,0,0
1.2265861027190332,4.666666666666671,-5,0,0
1.0547085201793722,-6.166666666666671,-7,0,0
1.1070690367920628,5.666666666666671,-2,0,1
0.9162598573037927,-11.0,2,0,0
0.9931060896208349,7.166666666666664,-5,0,0
1.086033117350612,0.6666666666666572,-2,0,1
0.9638364779874213,-4.833333333333329,-2,0,1
1.347388596070915,28.999999999999993,3,0,1
1.1564124783362217,46.49999999999999,-1,0,1
1.1038272072754831,6.333333333333336,-1,0,0
0.9772256728778468,0.5,-3,0,0
0.875089992800576,11.666666666666664,1,0,0
1.1079774375503626,9.166666666666664,2,0,1
0.8925680647534953,-8.0,0,0,0
1.023470839260313,-37.333333333333336,6,0,0
1.0269074824917066,-22.5,0,0,1
0.9412592332043616,4.5,4,0,0
1.1618589743589745,-11.333333333333329,3,0,1
1.1625659050966608,3.5,-6,0,0
1.1790306627101879,-18.5,5,0,1
1.2201951633432329,19.66666666666667,-2,0,1
1.040701754385965,22.0,2,0,1
1.0199004975124377,9.333333333333336,8,0,1
0.8328358208955224,-2.8333333333333357,2,0,1
1.0388998035363457,-26.666666666666664,4,0,0
0.9100204498977505,-11.666666666666664,-1,0,1
0.9048140043763676,8.0,-5,0,0
0.8678646934460887,-30.0,4,0,0
1.2455555555555555,37.33333333333333,-3,0,0
0.8938906752411575,-21.166666666666664,-3,0,1
0.8177848352520841,-0.3333333333333286,-1,0,0
0.9289783516900874,13.666666666666671,-4,0,0
0.9857881136950905,25.0,-4,0,0
0.8393194706994329,-2.3333333333333286,14,0,1
0.856988082340195,0.0,3,0,0
0.8919847328244275,12.166666666666671,-8,0,1
1.3909333333333334,27.499999999999993,-2,0,1
0.9967611336032388,-3.166666666666657,1,0,1
0.9538634658664666,22.833333333333336,1,0,1
1.090249433106576,-2.6666666666666714,-3,0,1
0.7631482162559765,-20.166666666666664,6,0,0
1.1194214876033057,25.666666666666664,-4,0,0
1.0132375189107412,10.833333333333336,-2,0,1
0.7801047120418848,-9.833333333333329,-5,0,0
1.0141467727674625,9.833333333333336,-7,0,1
0.976031018681706,17.16666666666667,7,0,1
0.8450226244343891,-4.333333333333336,1,0,1
1.2412037037037038,25.499999999999993,-4,0,0
0.8834841628959276,-13.166666666666664,-2,0,0
1.0649087221095335,-15.333333333333336,4,0,1
0.9577464788732394,11.166666666666664,-2,0,0
1.0498783454987834,-0.3333333333333357,-6,0,1
1.0535168195718654,19.66666666666667,-8,0,1
0.8772914328469884,-6.666666666666664,3,0,0
1.0846325167037862,-8.666666666666671,-5,0,0
1.020296643247463,-10.333333333333329,3,0,0
0.9064220183486239,19.0,-3,0,0
0.8340490797546012,-17.0,-5,0,0
1.0084095063985374,-12.499999999999993,-1,0,1
0.9438405797101449,-3.3333333333333357,13,0,1
1.2029887920298878,23.33333333333333,-2,0,1
1.3336543090996629,-3.0,4,0,1
0.9555382215288611,-43.833333333333336,-6,0,0
1.0587226746678098,4.666666666666664,-1,0,0
1.0793456032719837,-0.1666666666666643,1,0,0
0.9123050259965338,-1.3333333333333428,-2,0,1
0.9738339021615472,-0.8333333333333428,-2,0,1
1.418978102189781,39.166666666666664,1,0,1
0.9170013386880856,5.333333333333329,-3,0,1
1.4217436974789917,14.5,-4,0,1
0.9775435380384968,-12.833333333333336,1,0,1
1.1068729758906082,9.166666666666657,-14,0,1
1.0369710467706013,-2.5,3,0,0
1.2332112332112333,65.16666666666667,-2,0,1
0.8216019417475728,-6.666666666666671,6,0,0
0.959409594095941,-6.833333333333336,-6,0,0
0.7846738442051931,-25.833333333333336,3,0,0
1.162114537444934,-5.333333333333329,1,0,0
1.1265206812652069,25.000000000000007,4,0,1
0.8958333333333334,-4.166666666666657,2,0,0
1.25,8.333333333333329,-3,0,0
1.179175704989154,14.5,-8,0,1
1.1670761670761671,-14.833333333333336,-4,0,1
0.8247382706475378,-2.8333333333333357,-5,0,0
1.3205514864282637,36.50000000000001,-4,0,0
1.1484593837535013,2.5,1,0,0
1.1565743944636677,3.166666666666657,-1,0,0
1.4281466798810705,38.833333333333336,6,0,1
1.2216814159292035,26.5,-1,0,0
0.8172902288412641,-24.33333333333333,5,0,0
1.2987608994951814,15.666666666666664,-5,0,1
1.2067114093959732,18.16666666666667,-1,0,1
1.071040534893439,-4.333333333333336,-1,0,1
0.9204374057315233,-16.499999999999993,-3,0,0
1.125,6.833333333333336,1,0,1
1.2207632334837915,-7.999999999999993,0,0,0
1.0663527397260273,6.833333333333336,-3,0,0
0.9773382777091059,0.3333333333333286,-1,0,0
0.9904564315352697,21.666666666666664,0,0,1
1.0632045088566828,14.500000000000007,1,0,0
0.9051724137931034,-24.5,7,0,0
1.1471048513302033,-12.166666666666657,-4,0,1
0.9539842873176206,15.833333333333336,-2,0,1
1.1071428571428572,2.6666666666666643,-7,0,1
1.1003386960203219,3.0,2,0,0
0.8693342776203966,-17.833333333333336,-2,0,1
0.8415026833631485,-2.8333333333333286,-6,0,0
1.0827383452330954,-24.999999999999993,0,0,1
1.2266202696824706,24.16666666666667,-1,0,1
1.2361424064894095,-6.833333333333336,4,0,1
1.0691874497184233,-26.83333333333333,6,0,0
0.8947747747747747,-34.83333333333333,-5,0,0
1.152421052631579,5.666666666666664,-3,0,1
0.909856190810242,-7.0,-3,0,0
0.907157464212679,-10.666666666666664,7,0,1
1.188235294117647,20.166666666666664,-6,0,0
1.0228631727048891,-28.0,-6,0,1
1.3135669362084457,8.166666666666671,-5,0,1
0.9930121368150056,12.166666666666671,-1,0,1
0.994807121661721,7.666666666666664,-3,0,1
1.0962566844919786,18.166666666666664,1,0,1
1.1421979865771812,-5.5,-1,0,0
0.7810017271157168,-46.0,1,0,0
0.8161290322580645,-25.5,-5,0,1
0.907794015309673,14.833333333333343,4,0,1
0.8885967794939205,-5.333333333333329,6,0,1
0.6914100486223663,-22.833333333333336,-1,0,0
1.269010989010989,21.666666666666664,5,0,1
0.9462486002239642,-10.0,-1,0,1
1.4354187689202826,23.999999999999993,-4,0,1
0.8137665967854647,-2.1666666666666643,0,0,0
1.2076271186440677,-3.6666666666666714,5,0,1
1.1532783326096396,7.166666666666671,-7,0,0
0.8345724907063197,-40.33333333333333,-8,0,0
1.007529580494801,-3.1666666666666714,-9,0,1
1.2071486596263201,20.499999999999993,-7,0,0
1.1900085397096498,24.833333333333336,-1,0,1
0.8250719539494723,-6.833333333333329,-3,0,1
1.0971223021582734,18.5,3,0,1
0.7747071192550316,-20.83333333333333,-7,0,0
1.0334696913350687,-4.5,1,0,1
1.0039761431411531,1.6666666666666714,-3,0,1
0.8217784476262245,-27.666666666666664,1,0,1
0.8841698841698842,-4.833333333333336,0,0,0
1.0214797136038185,-19.5,3,0,1
0.9460842188114915,-13.166666666666671,-3,0,0
1.067063492063492,-21.166666666666664,-5,0,0
1.1938435940099834,2.1666666666666714,-2,0,0
1.0100574712643677,-8.5,-7,0,0
0.8159487362050551,-22.000000000000007,2,0,0
1.083617747440273,8.666666666666671,0,0,1
0.8747850017199862,-9.166666666666657,-8,0,1
0.9472849782005549,-0.5,8,0,1
0.8915289256198347,-14.333333333333336,-5,0,0
1.1393939393939394,32.166666666666664,6,0,1
0.9851992409867173,3.1666666666666714,1,0,0
0.9276069017254314,21.16666666666667,1,0,0
1.0352512155591571,-23.499999999999993,-7,0,1
0.8104026845637584,-13.666666666666664,0,0,1
1.0916099773242631,-2.0,-4,0,0
1.1656516443361753,41.666666666666664,5,0,1
1.20110847189232,-21.000000000000007,1,0,0
1.1080586080586081,11.833333333333329,-2,0,0
0.7119741100323624,-21.166666666666664,-5,0,0
0.8622526636225266,-17.66666666666667,-7,0,0
0.8147871545929798,-9.333333333333336,1,0,1
1.1211267605633803,2.0,0,0,1
0.9785553047404063,8.0,6,0,0
0.9467359532315687,-0.6666666666666714,-2,0,1
1.2106227106227105,33.83333333333333,-1,0,0
1.2521408182683158,17.83333333333333,3,0,0
1.0820957095709571,-9.833333333333336,-6,0,1
0.980319803198032,8.166666666666671,-5,0,1
0.9706734250543084,-7.0,2,0,1
1.1020408163265305,-3.5,2,0,0
0.8783505154639175,13.166666666666664,0,0,0
1.1536243822075782,8.0,1,0,1
1.0085106382978724,17.83333333333333,-3,0,1
1.1070551070551071,27.166666666666657,4,0,1
1.3649193548387097,10.833333333333336,3,0,0
1.2488829311885612,-3.6666666666666643,1,0,1
0.826271186440678,-39.833333333333336,-5,0,0
1.0969967532467533,30.5,-3,0,0
0.8249688925756947,-12.333333333333336,2,0,0
1.0243198680956307,-0.6666666666666714,-7,0,0
0.992822966507177,-6.0,-2,0,0
0.8258758237946583,-0.8333333333333286,2,0,0
0.8744477172312224,10.166666666666664,11,0,1
1.0585867620751341,30.999999999999993,5,0,1
0.9294117647058824,-22.499999999999993,0,0,0
0.8932076953278367,-4.666666666666671,5,0,1
1.1056369285397247,-3.166666666666657,-1,0,0
1.1147610921501707,-14.166666666666664,4,0,1
1.0689655172413792,-2.6666666666666643,5,0,0
0.8961084086170952,12.333333333333343,1,0,0
1.036617262423714,-2.1666666666666714,0,0,0
0.7493587394650055,3.6666666666666643,4,0,0
1.0231481481481481,19.999999999999993,-8,0,1
1.1979166666666667,0.1666666666666714,-2,0,0
1.1625835189309577,26.833333333333336,7,0,1
1.0039246467817897,3.0,4,0,0
1.4038657171922686,1.5,3,0,1
1.142147497134123,-19.66666666666667,-4,0,1
0.8300500834724541,5.166666666666657,-3,0,1
0.8087549336203803,0.5,1,0,1
0.9857328145265889,-19.66666666666667,-1,0,1
0.9513274336283186,8.333333333333329,-1,0,1
0.9248511904761905,22.33333333333333,1,0,0
0.8918020679468243,-33.33333333333333,-5,0,0
1.1005917159763314,-4.999999999999993,-3,0,0
1.28661800486618,46.166666666666664,-4,0,1
0.7234600262123198,-38.166666666666664,1,0,0
0.8689723977386099,-1.3333333333333286,1,0,0
0.8986311505734369,-21.5,-6,0,1
0.8767261704277535,2.6666666666666643,9,0,1
0.9072363356428021,1.499999999999993,2,0,1
0.9880373831775701,-11.499999999999993,-3,0,0
1.0163934426229508,-6.166666666666671,-1,0,1
0.9666303953572724,-10.0,4,0,1
1.0373082287308228,-12.0,-4,0,0
0.9897810218978103,18.500000000000007,9,0,0
0.8768656716417911,-8.333333333333329,-1,0,0
1.0111332007952287,-1.1666666666666643,10,0,0
0.9149722735674677,-26.333333333333336,-2,0,0
0.9688142563399589,-5.0,3,0,1
0.9431818181818182,-9.666666666666671,4,0,0
0.9717425431711146,12.833333333333329,0,0,0
0.9971098265895953,3.8333333333333286,8,0,1
0.9294548786074209,-5.0,-7,0,0
0.8887817422050788,-15.333333333333329,-5,0,1
0.7521206409048068,-24.666666666666664,2,0,0
0.757184371972877,-27.666666666666664,-4,0,0
1.1342572542226073,-5.666666666666664,-2,0,0
1.5286006128702758,25.5,2,0,1
1.0016522098306484,-19.999999999999993,-3,0,0
0.9410593389088012,-14.666666666666671,-1,0,0
1.11006018916595,5.166666666666664,5,0,1
0.9901477832512315,-8.333333333333343,-2,0,0
1.2015826738858808,9.666666666666664,1,0,1
1.0133851468048358,23.666666666666664,3,0,0
1.3232588699080157,34.33333333333333,4,0,1
0.897632058287796,12.333333333333336,1,0,1
1.0089053803339518,16.66666666666667,6,0,1
0.8670542635658914,-28.833333333333336,4,0,1
1.09765625,11.833333333333343,-1,0,1
1.2101038715769594,10.166666666666671,2,0,1
1.1884115096570753,3.1666666666666714,-1,0,1
1.3852122318575992,3.3333333333333357,-7,0,0
0.9856236786469345,-8.0,-1,0,0
0.9919106317411402,2.6666666666666643,4,0,0
1.2175863615971287,17.666666666666664,8,0,0
0.9549725920125294,-11.333333333333343,-12,0,1
0.7492497499166388,-26.66666666666667,3,0,0
0.9956553222302679,-3.6666666666666643,2,0,1
1.148132427843803,21.83333333333333,1,0,1
0.9440108585001696,-2.3333333333333286,3,0,1
0.9911894273127754,-8.166666666666664,4,0,1
1.0409005628517825,10.666666666666657,0,0,1
1.038253338145074,-7.0,1,0,0
1.0137686860739574,11.666666666666657,3,0,1
1.1277330264672036,9.0,4,0,0
1.0827612509534705,6.5,-4,0,1
1.2317460317460318,32.166666666666664,-4,0,1
0.7381667918858001,-6.0,4,0,0
0.8154046148846279,-20.833333333333343,3,0,1
1.1406510851419032,1.8333333333333428,8,0,1
0.9721706864564007,-6.666666666666671,1,0,0
1.0676795580110496,4.0,-7,0,1
1.0140675241157557,16.33333333333333,-2,0,1
1.1157142857142857,-5.833333333333329,-1,0,1
0.9428182437031994,-8.0,-5,0,1
0.8747628083491461,-5.833333333333336,5,0,1
1.1624863685932387,35.0,1,0,1
1.0454943132108487,4.833333333333336,-1,0,0
0.8327803583278036,-13.333333333333329,-5,0,0
0.923785594639866,-6.0,3,0,1
1.031198003327787,17.333333333333336,7,0,0
1.077079107505071,13.333333333333329,3,0,1
1.3486117232260908,12.166666666666671,3,0,1
0.9440883190883191,18.0,0,0,1
0.9087478559176673,6.0,2,0,0
0.9162303664921466,-2.8333333333333286,-1,0,1
0.8164022949713129,-28.5,-2,0,0
0.9163330664531625,-6.666666666666671,1,0,0
1.1235778736759514,4.0,-4,0,0
1.1501210653753027,-23.0,-3,0,1
0.9142572283150548,22.16666666666667,2,0,1
1.0268937696100404,-5.166666666666664,-2,0,1
1.128659793814433,-5.0,-9,0,0
1.107489328676756,4.666666666666671,1,0,1
1.0235294117647058,1.8333333333333286,-8,0,0
1.1613636363636364,8.833333333333336,-1,0,1
1.0295342673229837,13.833333333333343,1,0,1
0.88,16.0,-5,0,0
1.0175118569865014,-10.333333333333329,1,0,1
1.013124316441852,30.999999999999993,0,0,1
0.9885227693446872,18.0,-4,0,0
0.7924050632911392,-7.666666666666671,3,0,0
0.8672473867595819,-34.83333333333333,6,0,1
1.2652582159624413,38.00000000000001,-1,0,0
0.9715909090909091,5.5,0,0,0
1.138711054204012,26.0,1,0,1
1.2692128551467163,6.333333333333336,10,0,1
0.7574600971547536,-16.33333333333333,-8,0,0
1.0,2.5,-2,0,0
0.908465991316932,-17.33333333333333,4,0,0
0.9256492351476343,8.0,14,0,1
1.015625,4.833333333333336,-7,0,1
0.9421593830334191,5.833333333333329,5,0,1
1.292144373673036,9.166666666666671,-4,0,0
1.1565802113352546,-2.5,-1,0,1
0.9637801831806828,1.8333333333333357,3,0,1
0.8013422818791947,-39.66666666666667,8,0,0
0.7222222222222222,-16.0,-1,0,1
1.0715873721654068,-6.5,0,0,0
1.0212678936605317,3.5,-7,0,0
0.7906281156530409,-28.833333333333336,7,0,1
1.095315682281059,-29.33333333333333,-2,0,1
0.8575178102737158,-8.333333333333329,5,0,1
0.8904286174669674,21.0,-15,0,0
0.9130105900151286,9.999999999999993,-3,0,1
1.108555657773689,16.166666666666657,-5,0,0
0.8946996466431095,16.16666666666667,2,0,1
1.3486693730266126,-4.333333333333336,2,0,1
0.8783898305084745,-13.833333333333336,10,0,0
0.8081222056631893,-15.5,3,0,1
0.78860103626943,-9.333333333333329,-3,0,0
0.9689973614775725,1.6666666666666714,-1,0,1
0.8302397525135344,-11.5,2,0,0
1.276383910792513,28.66666666666667,-6,0,1
1.0148563882469461,15.666666666666671,1,0,0
0.7621359223300971,5.666666666666664,-6,0,0
0.9798109965635738,-7.166666666666671,-4,0,0
0.9780853517877739,-0.1666666666666714,1,0,0
1.1750098541584548,10.666666666666664,4,0,0
0.7365308804204993,-11.166666666666657,1,0,0
0.9618556701030928,8.666666666666671,2,0,0
1.1789934354485776,5.333333333333343,-3,0,1
0.9321843387036344,-24.500000000000007,-7,0,0
0.8748085758039816,-34.833333333333336,3,0,1
1.0120481927710843,-7.0,7,0,1
0.9064039408866995,-5.833333333333329,-1,0,0
1.0877464244298416,17.500000000000007,3,0,0
0.8073248407643312,-21.16666666666667,0,0,0
0.719461365822379,-40.00000000000001,13,0,0
1.1345917111202297,19.0,0,0,1
1.0598604480352551,14.5,-2,0,1
0.8499658236500341,-2.6666666666666714,-1,0,0
1.1785714285714286,20.166666666666664,-1,0,1
0.9900074019245003,8.833333333333343,2,0,1
0.7015895953757225,-7.000000000000007,0,0,1
1.2068511198945981,11.833333333333336,0,0,1
1.007390983000739,-5.166666666666671,-6,0,0
1.0747832369942196,-13.0,-3,0,0
1.0342307692307693,-3.499999999999993,1,0,0
0.9585356742622338,11.666666666666664,1,0,1
1.0740414279418247,9.0,3,0,0
0.9403495440729484,9.333333333333329,1,0,1
1.2348703170028819,23.499999999999993,-1,0,0
0.7844894777864381,5.166666666666671,1,0,0
0.8482596793116934,-0.6666666666666643,-2,0,0
1.0443645083932853,5.5,-2,0,1
1.0546706844597504,0.5,-6,0,1
1.0026666666666666,13.0,0,0,0
1.1848499285373988,22.999999999999993,4,0,1
0.7656742556917688,0.8333333333333286,1,0,0
0.8197503671071953,-31.166666666666664,-2,0,0
1.358249772105743,28.666666666666664,-5,0,1
1.068442471328154,-8.5,5,0,1
1.2109150594993845,15.499999999999993,2,0,1
1.3622047244094488,5.0,0,0,1
0.983633387888707,-32.333333333333336,0,0,0
0.8905263157894737,5.166666666666664,1,0,0
0.9669230769230769,19.000000000000007,5,0,1
0.9591836734693877,1.5,-4,0,0
1.1170431211498972,-16.333333333333343,0,0,1
0.8365217391304348,-8.833333333333336,6,0,1
0.8040983606557377,-18.499999999999993,-2,0,1
1.0679245283018868,27.499999999999993,-2,0,1
1.0058915946582876,-21.333333333333336,2,0,1
0.8289348171701113,5.833333333333343,-4,0,0
1.1156299840510366,10.166666666666657,1,0,0
0.7455509276789095,-31.166666666666664,-3,0,0
1.244915254237288,15.000000000000007,-2,0,0
1.1440609951845906,-12.166666666666664,2,0,1
1.041184636742249,15.333333333333336,4,0,1
1.3042240151874704,4.333333333333336,3,0,1
1.125098347757671,-11.666666666666671,1,0,1
1.0690653432588917,-10.833333333333336,3,0,0
1.0936502305782192,-9.0,2,0,1
0.7961135101789019,-4.0,-2,0,1
0.9528337771015595,-8.499999999999993,4,0,1
0.942314335060449,5.666666666666671,-2,0,0
0.9465286761535144,5.500000000000007,6,0,0
0.7284063260340633,-29.999999999999993,1,0,1
0.7025695177754312,-10.999999999999993,-3,0,1
1.0349942944085204,13.000000000000007,-4,0,1
1.0848852317020354,28.83333333333333,2,0,0
1.107904642409034,3.1666666666666714,3,0,1
1.0355656451002648,-17.833333333333336,1,0,1
0.8561765752936988,-17.833333333333336,2,0,1
0.8445040214477212,-34.49999999999999,0,0,0
1.1815533980582524,8.666666666666671,7,0,1
1.0345924453280317,4.5,-1,0,1
0.9366925064599483,-27.5,-4,0,0
1.0779537149817295,3.8333333333333286,-3,0,0
0.7857142857142857,2.333333333333343,0,0,0
0.8429602888086642,9.333333333333336,4,0,0
0.941635687732342,0.3333333333333357,4,0,0
0.9037800687285223,-3.1666666666666714,-1,0,0
0.9512195121951219,11.833333333333343,8,0,1
0.7123037604965315,-26.000000000000007,2,0,0
0.846542469213767,-1.8333333333333286,-3,0,0
1.108300395256917,19.16666666666667,1,0,0
0.9850287907869482,2.666666666666657,-1,0,0
1.2402159244264508,11.833333333333329,-4,0,0
0.931758530183727,23.500000000000007,3,0,0
0.8434108527131783,-13.666666666666664,-4,0,1
1.2656177695511337,1.1666666666666643,11,0,1
0.9843912591050988,0.3333333333333286,3,0,0
0.9082872928176795,-2.0,0,0,1
0.9736070381231672,-1.3333333333333286,-6,0,0
0.860410094637224,-22.999999999999993,-5,0,0
0.9538152610441767,-24.66666666666667,-9,0,0
1.1428571428571428,1.8333333333333286,-2,0,1
1.1977142857142857,33.50000000000001,0,0,0
1.0638559148587803,8.333333333333329,0,0,0
0.9732580037664783,13.499999999999993,3,0,1
0.7771626297577855,-15.666666666666671,-1,0,0
0.97837646224743,4.0,5,0,1
1.035653650254669,-4.833333333333336,-4,0,0
0.7899882675009777,-12.666666666666664,-2,0,1
0.7782101167315175,-35.83333333333333,5,0,1
0.9564393939393939,-0.8333333333333286,-1,0,1
0.7381896862603678,-9.166666666666664,-3,0,0
0.9827122550902805,10.0,0,0,0
1.0592,8.833333333333343,-1,0,0
1.2785158039395328,-8.666666666666664,1,0,1
1.0632743362831858,14.333333333333336,-1,0,1
0.9548762736535662,7.333333333333329,0,0,1
0.9771563607719574,8.833333333333343,-9,0,0
0.9930606281957634,-4.666666666666671,-7,0,0
1.0817941952506596,-11.0,0,0,0
0.9637943519188994,11.333333333333329,-6,0,1
1.027124052652573,-2.5,0,0,1
0.8654485049833887,-2.8333333333333286,2,0,1
0.9337121212121212,14.166666666666664,-7,0,0
0.7340694006309149,-1.6666666666666714,5,0,0
0.9515463917525773,12.333333333333343,1,0,1
0.7722388059701493,-10.0,-12,0,0
1.1615191986644406,-4.833333333333336,0,0,1
1.1714770797962648,8.666666666666671,4,0,0
1.2578160398731308,18.33333333333333,-1,0,0
0.988831615120275,-12.666666666666664,5,0,0
0.8286225402504472,-3.666666666666657,-5,0,1
0.9429494079655544,10.0,2,0,0
1.064158224794983,24.500000000000007,-2,0,1
1.082579185520362,-12.833333333333329,3,0,1
1.0468611847922193,-1.999999999999993,-9,0,0
0.9288417865253595,0.3333333333333286,2,0,0
0.8506254598969831,-3.1666666666666714,1,0,1
1.4191176470588236,-0.6666666666666714,1,0,1
0.8835068054443554,-1.5,3,0,0
0.9291187739463601,0.5000000000000071,4,0,0
1.1249056603773584,4.333333333333329,-5,0,0
1.2276519666269368,21.33333333333333,7,0,1
0.8225123500352858,-13.333333333333329,1,0,0
1.3002197802197801,31.666666666666664,-2,0,1
1.114119922630561,-0.6666666666666714,-3,0,1
1.0090729783037475,14.5,-5,0,0
0.8681280445372304,-10.166666666666671,-3,0,0
0.9966372425388819,4.5,3,0,1
0.9616788321167883,-25.833333333333336,-5,0,1
1.0492610837438423,6.166666666666671,-5,0,0
1.0876835236541598,17.5,3,0,1
0.9940855323020928,-9.5,-1,0,1
0.9219110378912685,-8.500000000000007,-3,0,0
1.072341980270369,-1.1666666666666643,-7,0,0
0.9173184357541899,36.0,-2,0,0
0.8266897746967071,9.333333333333343,-2,0,1
0.8765510658606427,4.0,6,0,1
0.8640847643405188,-21.999999999999993,-5,0,0
0.813614262560778,-18.499999999999993,4,0,1
1.0853922843519723,-0.5,-7,0,0
1.0098245614035088,-6.166666666666657,4,0,1
0.913373253493014,-23.66666666666667,0,0,0
0.8982990786676116,-7.666666666666657,-1,0,0
0.9143952299829642,1.3333333333333286,5,0,1
1.4456909739928607,3.8333333333333286,0,0,0
1.102750190985485,-17.16666666666667,2,0,0
0.9553435114503817,-19.16666666666667,0,0,1
0.9237866024869635,6.000000000000007,1,0,0
0.7530487804878049,-4.333333333333329,-4,0,1
0.9603766182816791,-18.333333333333336,1,0,0
0.5765578635014836,-36.666666666666664,-2,0,0
0.865301724137931,-13.499999999999993,-3,0,0
1.2344961240310077,-1.1666666666666572,1,0,0
0.8541021671826625,2.1666666666666643,-4,0,0
0.9515488482922955,-10.166666666666671,3,0,1
0.945119208277103,4.5,5,0,0
1.5764828303850156,21.833333333333336,-2,0,1
0.7726489838098519,-21.999999999999993,4,0,1
0.9849056603773585,-4.5,4,0,0
1.106651376146789,-1.3333333333333286,0,0,1
0.8306200207828195,-23.83333333333333,-7,0,0
1.1623779946761312,3.6666666666666643,-13,0,1
1.0332941637289463,-20.833333333333336,1,0,1
1.0344827586206897,14.666666666666664,0,0,1
0.9812,-21.166666666666664,-5,0,0
0.9772226304188097,4.833333333333329,-5,0,1
0.9358081979891725,-1.3333333333333286,-3,0,0
0.8620172478440195,-2.5,-1,0,0
1.0019646365422397,-9.833333333333336,7,0,1
0.7531025473546702,-3.8333333333333286,2,0,1
1.4235949837436135,11.000000000000007,8,0,1
1.1097852028639619,25.999999999999993,-6,0,1
1.6604567307692308,15.666666666666671,1,0,1
1.367389060887513,-2.333333333333343,0,0,1
0.7727574750830565,-22.666666666666664,-2,0,1
1.0014880952380953,11.333333333333336,-2,0,1
0.9228732207878186,-17.0,-5,0,0
0.9893858984078847,-8.166666666666671,1,0,0
0.9012433392539965,-5.666666666666664,-1,0,0
1.431513903192585,10.333333333333336,-3,0,0
1.177267131719327,6.0,2,0,0
0.923469387755102,-13.666666666666664,1,0,0
1.226876814599751,-10.5,-4,0,0
0.9068251533742331,-21.16666666666667,-3,0,0
1.0131789137380192,-2.6666666666666714,1,0,0
1.4497885835095137,20.83333333333333,-2,0,1
0.9657449442839455,-3.0,7,0,0
0.7751677852348994,-0.1666666666666714,0,0,0
0.8869597340229036,-6.166666666666671,-3,0,0
0.9358578052550232,-5.0,-2,0,1
0.8797853309481216,8.333333333333329,0,0,0
0.9578754578754579,12.666666666666671,2,0,0
0.9255356515630488,-31.500000000000007,0,0,0
1.1137476459510358,13.666666666666664,-2,0,0
0.9910296411856474,0.3333333333333286,-3,0,0
0.9156537753222836,-3.666666666666657,-9,0,0
1.1281198003327788,10.666666666666671,-5,0,0
1.0021413276231264,-10.333333333333336,-1,0,0
0.8266850068775791,-3.8333333333333357,0,0,0
0.9429175475687104,-10.833333333333329,4,0,1
1.1453763440860214,38.333333333333336,-7,0,1
0.7929577464788733,1.0,-10,0,0
1.095890410958904,3.1666666666666714,8,0,1
0.95079950799508,-9.499999999999993,1,0,0
0.9586041737940472,0.6666666666666714,-1,0,1
0.8632538569424965,-21.166666666666657,4,0,1
0.8099565389174239,-2.3333333333333286,-2,0,0
0.8933070866141732,-14.666666666666671,-1,0,1
1.3181183046110851,22.333333333333336,1,0,1
0.845771144278607,-10.5,12,0,0
0.920641447368421,-11.666666666666671,3,0,1
0.9907024793388429,9.666666666666671,-6,0,0
0.8546255506607929,11.0,4,0,0
1.1868495742667928,-1.1666666666666714,3,0,0
1.0153411384739603,5.0,0,0,1
0.6740213523131673,-24.0,-2,0,1
1.201146679407549,12.5,-1,0,1
1.085,6.666666666666671,6,0,1
0.968241965973535,-13.333333333333329,2,0,0
1.0903866248693834,20.66666666666667,1,0,1
1.2128691053327456,22.16666666666667,-2,0,0
0.817545152967195,-5.333333333333336,-5,0,0
0.8137432188065099,-36.0,1,0,0
1.0259842519685038,-14.833333333333329,-2,0,1
1.208895552223888,0.0,-1,0,0
1.1768650461022632,22.333333333333336,2,0,0
0.7764524817237399,-21.833333333333336,1,0,1
0.9455497382198953,-20.16666666666667,2,0,1
1.048692152917505,-3.833333333333343,-5,0,0
0.8075880758807588,-24.333333333333336,-2,0,1
0.9604543542280185,-25.333333333333336,4,0,0
1.0925545043192102,0.6666666666666643,1,0,1
0.9512099921935987,10.000000000000007,-6,0,0
0.998330550918197,0.0,2,0,0
0.8001332445036642,-19.83333333333333,-8,0,0
0.7832116788321168,-1.6666666666666643,-3,0,0
1.06786355475763,7.833333333333329,-3,0,1
1.0907743608743978,20.333333333333336,-6,0,0
1.1882010801828002,15.333333333333336,-7,0,1
0.9219047619047619,-15.333333333333329,-7,0,0
0.8820493918171766,5.333333333333336,-2,0,1
1.1500843170320405,30.500000000000007,1,0,1
1.0559413580246915,-7.0,-4,0,0
1.1817447495961229,21.666666666666664,-3,0,0
0.7684647302904565,-10.5,0,0,1
1.1966181675186787,16.166666666666664,0,0,1
1.0431451612903226,15.166666666666664,-2,0,1
0.9192672998643148,-28.500000000000007,-1,0,0
0.9288551823763092,1.6666666666666714,4,0,0
1.0175438596491229,14.333333333333336,9,0,1
1.085444234404537,19.83333333333333,-2,0,1
1.118857622847543,15.833333333333343,0,0,0
0.9944690265486725,-8.0,-6,0,1
1.0311760063141278,6.0,1,0,0
0.7777777777777778,-26.33333333333333,1,0,1
0.7620877361511367,-38.833333333333336,-9,0,0
1.1878109452736318,-2.8333333333333286,-7,0,0
1.2842615012106537,30.66666666666667,-2,0,1
1.0862919132149902,12.833333333333336,2,0,0
1.0645549318364074,17.5,-3,0,0
1.034908471690081,6.333333333333336,-3,0,0
0.9846475924633635,15.666666666666671,1,0,0
0.7777777777777778,-21.500000000000007,3,0,0
1.0441302485004285,-3.500000000000007,4,0,1
1.1308097747963584,16.833333333333336,-6,0,1
1.6312820512820514,34.0,-4,0,1
0.8016167059616033,-38.16666666666667,0,0,0
1.0705073086844368,6.666666666666671,1,0,0
1.2364990689013036,4.000000000000007,-1,0,1
1.0847606499780413,-4.833333333333329,0,0,0
0.9821428571428571,-4.833333333333343,1,0,0
0.8599397590361446,2.3333333333333357,-4,0,0
0.7650375939849624,-19.83333333333333,-3,0,0
1.2073265783320344,19.166666666666664,-2,0,1
1.0681169757489302,-3.499999999999993,10,0,0
0.8370748299319728,-4.333333333333329,0,0,0
0.6425576519916143,-20.166666666666664,1,0,1
0.99875,-5.833333333333336,-1,0,1
0.971019809244314,8.166666666666657,6,0,0
0.8306643952299829,-2.333333333333343,-1,0,0
0.9256854256854257,2.8333333333333286,-1,0,1
1.0229378032642258,-14.166666666666664,-2,0,1
1.2652885443583117,27.500000000000007,-1,0,0
1.104602510460251,18.33333333333333,-1,0,0
1.0083238743851684,-3.5,8,0,1
0.8947368421052632,20.500000000000007,6,0,1
1.1228699551569508,3.8333333333333357,-2,0,1
0.9464285714285714,8.333333333333329,0,0,0
0.9865229110512129,-21.33333333333333,-8,0,0
0.8454842219804135,-27.0,-1,0,1
1.1217825585862466,-12.5,1,0,1
0.8732658417697787,-32.33333333333333,-1,0,1
1.1064718162839249,16.5,2,0,1
1.0960680989055533,27.0,-2,0,0
0.8925506350841057,-7.166666666666657,-1,0,0
0.8969325153374234,-2.0,-7,0,0
0.898747763864043,1.8333333333333286,-3,0,0
0.822141560798548,0.5,-7,0,1
1.1376613218615566,25.666666666666664,-2,0,1
0.9758435582822086,-10.5,4,0,0
1.0094650205761317,-13.833333333333329,4,0,1
0.7748319641523524,-22.66666666666667,0,0,0
0.9341100843712334,-8.5,1,0,1
1.177685950413223,40.5,2,0,1
0.7304758445332364,-19.33333333333333,3,0,0
1.3350125944584383,40.50000000000001,2,0,1
0.945141065830721,5.166666666666671,1,0,1
0.9226765799256506,-4.166666666666657,-3,0,0
1.0989559691330004,3.8333333333333286,4,0,1
0.9972133757961783,7.166666666666671,3,0,0
0.8874637980968142,-21.666666666666664,-1,0,1
0.7850746268656716,-40.5,-4,0,0
0.6508370345063205,-9.833333333333336,2,0,0
1.0759282436378808,-3.499999999999993,6,0,1
1.0080707148347425,-0.3333333333333357,-6,0,0
0.9770258980785297,5.666666666666664,1,0,0
1.0110584518167456,20.5,-4,0,1
1.0765384615384614,9.0,-2,0,1
0.9988434849653045,0.3333333333333357,-10,0,1
0.8716636197440585,-27.166666666666664,-2,0,0
0.8036605657237936,-14.833333333333329,-2,0,1
1.0607709750566894,-3.6666666666666643,5,0,1
1.1192523364485982,15.0,2,0,1
1.0253560263980548,5.166666666666664,-1,0,1
0.7659722222222223,-17.5,-8,0,0
1.1276690391459074,-6.0,-1,0,0
0.7474048442906575,-4.833333333333336,-3,0,0
0.9956691208315288,2.666666666666657,-1,0,0
0.8785397475264415,-21.000000000000007,-8,0,0
1.2384386932541367,-3.8333333333333286,5,0,1
0.9247111442415207,6.0,6,0,1
0.8709923664122138,-36.833333333333336,-1,0,0
0.7987143431096826,-20.666666666666664,-2,0,0
0.8473413379073756,-10.333333333333329,1,0,0
1.0021023125437982,1.1666666666666714,-2,0,1
0.8951048951048951,6.333333333333329,-4,0,1
0.9480943738656987,6.833333333333329,-9,0,1
0.9932910920611256,-13.0,4,0,0
0.944466325324931,-2.0,-1,0,1
0.96484375,-11.0,1,0,0
1.0977306002928258,10.0,-2,0,1
1.0497907949790795,0.1666666666666643,-7,0,0
1.228414442700157,9.5,-5,0,1
0.9853174603174604,16.83333333333333,0,0,1
0.9416666666666667,-8.166666666666671,-1,0,0
1.167843788948899,13.0,0,0,1
0.9642449600608597,7.166666666666671,-2,0,1
1.0579816513761469,5.0,0,0,1
0.8397913561847988,-1.3333333333333357,2,0,0
0.9200841219768665,-24.833333333333336,-5,0,1
0.8240819812126388,-28.500000000000007,2,0,1
0.8366168478260869,-30.833333333333336,-1,0,1
1.10989010989011,12.166666666666664,-5,0,1
0.8778262594208648,-17.0,-2,0,0
1.0892945239269858,-14.166666666666664,4,0,0
1.3227628149435273,20.166666666666664,0,0,0
1.5355086372360844,18.833333333333336,-1,0,1
0.9179389312977099,-11.5,-1,0,1
1.2277714718123345,44.49999999999999,2,0,0
0.9902132121635792,0.3333333333333286,4,0,1
1.1162613981762919,14.833333333333336,-2,0,1
1.0135472370766487,7.833333333333329,-5,0,0
1.1973628243300722,11.166666666666671,3,0,0
1.0500863557858378,4.5,-3,0,0
1.0810408921933086,18.500000000000007,-4,0,1
1.0899854862119014,11.166666666666671,-4,0,1
0.651844843897824,-48.166666666666664,3,0,0
0.8638698630136986,-10.666666666666671,-2,0,0
1.2534278959810874,17.833333333333336,-1,0,1
1.1518429487179487,11.999999999999993,3,0,0
0.8977035490605428,-5.833333333333336,6,0,1
1.0476190476190477,11.833333333333329,1,0,1
0.839152608866222,19.166666666666664,5,0,0
0.8480553724456164,-24.499999999999993,-5,0,1
0.7708955223880597,-11.333333333333329,1,0,0
1.0808510638297872,-0.5,0,0,0
1.039756782039289,5.666666666666664,-1,0,1
1.1163723916532906,51.83333333333333,5,0,1
1.0865800865800865,1.8333333333333286,0,0,1
1.0820895522388059,-7.166666666666664,2,0,1
0.8354095885239713,-2.6666666666666714,-5,0,0
0.9516129032258065,-11.833333333333329,4,0,0
1.0644490644490645,9.666666666666664,-5,0,0
0.7892976588628763,-24.666666666666664,-1,0,0
1.249412869891968,26.666666666666664,7,0,0
1.0010578279266573,3.0,-6,0,1
0.917225201072386,-12.666666666666671,-4,0,0
1.0952,8.166666666666664,2,0,1
0.9402194475974271,-11.333333333333336,-6,0,0
0.8034662045060659,-7.666666666666664,-1,0,1
0.81672760511883,-5.166666666666671,1,0,0
1.4576538663861125,30.000000000000007,7,0,1
0.9197901049475262,-26.166666666666664,1,0,0
0.9357508868742609,-3.3333333333333286,-1,0,0
1.084206722081677,-31.833333333333336,0,0,0
0.9809352517985611,18.66666666666667,1,0,1
0.7909029192124916,-19.33333333333333,2,0,0
1.1243284727551803,37.166666666666664,-2,0,1
1.0952775476387737,7.166666666666664,-5,0,0
0.8678237650200267,-2.5,8,0,0
1.0855505525992633,-4.833333333333336,-3,0,0
0.7390516460283902,-17.16666666666667,4,0,0
1.1777292576419214,19.499999999999993,3,0,1
1.0116686114352391,-4.5,0,0,0
1.0327044025157233,-4.5,4,0,0
1.1899684044233807,-10.5,-4,0,1
0.7580238009376127,-14.666666666666664,-4,0,1
0.9344929681717247,-32.0,-4,0,0
1.050385837494326,0.3333333333333357,-3,0,1
1.134721631959201,-9.166666666666664,3,0,0
1.0107775211701309,0.5,4,0,1
0.7109589041095891,-27.33333333333333,-7,0,0
1.1283557046979866,-11.5,4,0,0
0.9736842105263158,-6.333333333333329,3,0,0
0.9191919191919192,-2.5,-3,0,0
1.1431372549019607,28.833333333333336,1,0,1
1.0365659777424483,-15.166666666666671,2,0,1
0.8602749907097733,16.666666666666664,-5,0,0
0.8469170800850461,-9.666666666666664,0,0,0
1.244435612082671,9.333333333333336,-2,0,1
0.8575010447137484,-18.0,5,0,1
1.0680054769511638,-12.833333333333336,-2,0,1
1.1544354838709678,2.5,-5,0,1
1.1711210096510765,-25.33333333333333,0,0,1
0.8537390029325513,-4.833333333333329,-3,0,0
0.8004905968928864,-20.000000000000007,0,0,0
1.0335766423357664,15.833333333333329,-3,0,1
1.0548330404217927,-14.166666666666671,1,0,1
1.1590623691921307,11.666666666666664,2,0,1
1.028673835125448,-4.833333333333329,-2,0,1
1.3176420695504665,30.333333333333336,-1,0,1
1.0356223175965664,15.666666666666664,0,0,1
1.1836973478939157,4.333333333333343,-7,0,0
1.1522928060580564,-4.333333333333336,0,0,1
0.944683908045977,-6.833333333333329,-5,0,0
1.0570114942528737,-1.8333333333333286,10,0,0
1.0898834148176006,-7.333333333333336,5,0,1
1.036929460580913,-21.0,4,0,0
0.9762875138940348,-8.166666666666671,-3,0,1
0.785692068429238,-9.666666666666671,1,0,0
0.8605998636673483,-20.83333333333333,-5,0,0
0.8947181850407657,12.5,-1,0,0
1.1084386465552385,-2.5,3,0,1
0.8536231884057971,-9.666666666666664,-5,0,0
1.1122320302648172,16.500000000000007,-3,0,1
1.2652113330236878,7.666666666666664,6,0,0
0.9503017394391197,-9.166666666666671,-1,0,0
1.2018234562784915,25.0,-7,0,0
0.9522706209453198,-9.666666666666664,7,0,0
1.1850706713780919,-5.0,2,0,0
1.011519078473722,19.16666666666667,3,0,0
1.0263598326359833,-1.1666666666666572,3,0,1
1.0808407437348424,-16.833333333333336,2,0,1
1.4167782240071396,38.99999999999999,2,0,1
1.1250980392156862,16.166666666666657,-1,0,1
0.915828677839851,-13.0,0,0,0
1.0769525267993874,-1.1666666666666643,0,0,1
1.023597678916828,-5.5,2,0,0
1.0403039312851008,-7.5,-5,0,0
0.8695167286245353,-17.83333333333333,-2,0,1
0.8381542699724518,-31.83333333333333,2,0,0
0.8120641562064156,-8.333333333333343,-3,0,0
1.013063063063063,-6.166666666666664,7,0,1
0.911929543634908,-14.999999999999993,1,0,1
0.936986301369863,-16.83333333333333,-1,0,1
1.0341660543717854,-16.0,-2,0,0
1.0754793961648308,6.0,-2,0,0
1.1565557729941291,8.666666666666671,-1,0,0
0.7205712080277885,-47.66666666666667,-1,0,0
0.8781038374717833,17.5,-5,0,1
0.8812695924764891,-24.83333333333333,0,0,1
1.0351694915254237,-30.333333333333336,-3,0,0
1.1537154989384288,-1.5,7,0,0
1.3402366863905326,3.5,4,0,0
1.0418984056358918,13.333333333333343,-8,0,1
0.9846153846153847,-19.16666666666667,-3,0,0
1.4483122362869199,3.0,2,0,0
0.8685393258426967,3.5,8,0,1
0.7940102264426588,-4.499999999999993,-2,0,0
0.9190154823342597,-0.1666666666666714,-1,0,0
1.0464116888697894,-12.333333333333336,3,0,1
0.949685534591195,-7.5,-2,0,0
0.6947552447552447,-24.5,-2,0,0
1.1695501730103806,27.499999999999993,10,0,1
0.8965896589658966,0.8333333333333357,-1,0,0
1.0895161290322581,20.166666666666664,-3,0,0
1.1009463722397477,10.333333333333336,3,0,1
1.104862579281184,8.333333333333343,-5,0,1
0.692638036809816,-37.00000000000001,5,0,0
0.8991935483870968,-10.666666666666671,0,0,1
1.0536964980544747,27.999999999999993,1,0,0
1.0095808383233533,4.833333333333336,-7,0,1
1.121024370095002,12.5,-1,0,0
1.2234283129805519,22.166666666666664,-14,0,0
1.1848049281314168,5.0,3,0,0
1.0391524643021648,2.3333333333333357,3,0,0
1.152330428192497,50.833333333333336,5,0,1
0.7133628017681061,-20.000000000000007,-2,0,0
0.8966789667896679,1.8333333333333428,3,0,0
1.225713104588673,27.166666666666664,1,0,1
0.9988090512107979,6.166666666666664,-2,0,0
0.9513184584178499,-2.0,-3,0,0
0.7830586431582982,-0.1666666666666714,-4,0,0
1.0435967302452316,-14.166666666666657,-10,0,0
0.8058176100628931,-20.166666666666664,0,0,0
0.8735210118319053,-15.0,7,0,0
1.017695635076681,-12.833333333333329,2,0,1
1.0166139240506329,-2.6666666666666643,10,0,1
0.8644436389996375,-16.999999999999993,1,0,1
0.9340425531914893,6.666666666666671,8,0,0
1.0080873433077233,-20.666666666666664,-3,0,1
1.1187139323990107,11.166666666666664,11,0,1
1.0008591065292096,-15.333333333333329,-6,0,1
0.9711431742508324,12.666666666666671,2,0,0
0.9733646690168429,15.333333333333329,-2,0,1
0.9397590361445783,-14.166666666666671,-1,0,0
1.008610567514677,-0.5,-6,0,1
1.1004347826086958,23.0,1,0,0
1.0108554059921842,-19.16666666666667,-6,0,1
1.0418132082844862,10.333333333333343,-6,0,1
1.1154545454545455,7.166666666666671,-2,0,1
1.0095356550580432,-1.3333333333333357,0,0,1
0.9260670731707317,-6.5,3,0,1
0.942537909018356,-3.1666666666666643,1,0,1
0.9062271062271062,-1.0,5,0,1
0.8563515509601182,1.5,-2,0,0
1.0761938202247192,26.666666666666664,-1,0,1
1.0874773139745917,-21.0,8,0,1
0.9244781783681214,8.0,2,0,0
1.361344537815126,19.833333333333336,7,0,1
0.9695409695409696,-0.1666666666666714,-9,0,1
1.0347506132461162,-4.166666666666664,1,0,1
1.021455938697318,15.0,-4,0,1
1.0759890325107717,20.166666666666664,-13,0,0
0.8808129521184981,-0.5,2,0,0
0.833596837944664,-38.833333333333336,7,0,1
1.0864888123924268,4.166666666666657,-1,0,0
1.0424874468906913,15.5,-5,0,0
0.8174442190669371,-18.83333333333333,7,0,0
1.189695550351288,-15.333333333333336,0,0,1
1.3602050326188257,18.66666666666667,1,0,1
1.0716363636363637,12.666666666666671,0,0,0
1.0083484573502723,-1.0,-5,0,0
1.0381125226860255,-20.0,-4,0,1
0.9269729093050648,-1.3333333333333428,2,0,1
0.8053035589672016,-37.49999999999999,-3,0,0
1.255050505050505,23.000000000000007,-1,0,0
0.9751798561151079,-33.666666666666664,-2,0,1
0.9023502151605428,3.3333333333333286,-2,0,1
0.8717557251908397,7.833333333333329,5,0,1
1.0220125786163523,9.0,3,0,0
0.7769423558897243,-5.5,2,0,0
1.0320924261874198,7.500000000000007,4,0,1
0.7160321341250436,-15.166666666666664,-3,0,1
1.120050547598989,14.166666666666664,1,0,0
1.1154408183146616,2.5,13,0,1
0.8747292418772563,-7.666666666666664,4,0,0
0.9691310975609756,-5.166666666666664,5,0,0
1.202581926514399,1.3333333333333286,2,0,1
0.9306644655385885,11.0,2,0,0
0.9337818696883853,2.3333333333333286,2,0,1
0.9778960294719607,-20.83333333333333,1,0,0
1.0475996745321399,5.0,-6,0,1
0.9095092024539877,-1.6666666666666643,4,0,1
1.069983136593592,7.333333333333336,8,0,1
0.8577487765089723,-27.833333333333336,3,0,1
1.0732274312282062,1.3333333333333357,-2,0,0
0.8222405952873088,-25.000000000000007,-2,0,0
1.3881673881673882,36.0,-3,0,1
1.1266094420600858,-25.499999999999993,1,0,0
0.9052674561045324,-37.99999999999999,2,0,0
1.0818983620327594,29.500000000000007,-5,0,1
0.8153789004457652,-25.833333333333336,1,0,0
1.0558220671609246,-16.166666666666664,-1,0,1
1.145561632309634,4.166666666666664,-2,0,1
0.9042301184433165,-6.333333333333329,-5,0,1
1.4388560157790926,7.166666666666664,10,0,1
0.8445541064504759,14.5,6,0,1
0.9930097087378641,6.000000000000007,6,0,1
1.018735362997658,10.5,-3,0,0
0.8584868678949431,10.833333333333336,-3,0,0
0.8553672316384181,-12.499999999999993,12,0,1
0.8580190125728304,-30.83333333333333,-6,0,1
0.9469992205767732,-16.66666666666667,5,0,0
0.9939544807965861,-25.16666666666667,-2,0,1
0.8890583301563095,-42.00000000000001,-1,0,0
1.0133056133056133,10.499999999999993,-1,0,0
1.1407199625993454,-8.833333333333329,2,0,0
1.142684887459807,5.666666666666671,-1,0,1
0.8977176669484361,-3.5,-2,0,0
1.1381135707410972,30.833333333333336,-4,0,1
1.1766493055555556,-12.166666666666671,-10,0,0
0.8349041273968151,22.5,0,0,0
0.6725233644859813,-60.166666666666664,2,0,1
1.0460176991150443,1.8333333333333286,-3,0,0
0.8403225806451613,-37.00000000000001,-1,0,1
0.9538393253439857,-22.333333333333336,6,0,0
1.090423162583519,4.166666666666664,-1,0,1
1.0734046477314645,3.1666666666666714,2,0,0
0.9298998569384835,-8.666666666666664,6,0,1
0.8154300479881875,-24.333333333333336,6,0,0
1.0016659725114536,11.666666666666671,-1,0,1
1.2659725508755324,16.5,-6,0,1
1.073491773308958,-9.166666666666671,-5,0,0
1.2575818843509907,24.666666666666664,8,0,0
0.9192982456140351,8.0,-6,0,1
0.8721374045801527,-1.0,2,0,1
0.8944300518134715,-12.333333333333329,-5,0,0
0.8430034129692833,-9.666666666666671,2,0,0
1.061995597945708,-3.8333333333333286,-5,0,1
0.9239529757531227,4.166666666666671,1,0,0
0.7683810838798757,-21.833333333333343,-5,0,1
1.0034129692832765,9.666666666666671,-3,0,0
0.8735371838429596,0.0,2,0,1
0.8155241935483871,-37.16666666666666,3,0,1
1.0407204385277995,13.0,9,0,1
0.7821305841924399,-22.333333333333336,0,0,0
0.7243781094527363,-18.999999999999993,-1,0,1
1.2512124151309407,20.5,2,0,1
0.9698447893569845,-24.666666666666664,8,0,1
1.16255442670537,37.666666666666664,8,0,1
1.2210330386226151,17.16666666666667,2,0,1
0.9954954954954955,8.166666666666657,-3,0,0
1.0922493681550127,17.166666666666664,10,0,1
0.9346058677978084,4.833333333333329,-7,0,1
0.8860759493670886,-18.16666666666667,3,0,1
1.145219846712384,-0.8333333333333357,-2,0,0
0.9159138290479499,5.5,-2,0,0
0.9471316085489314,-26.5,4,0,0
1.1406117247238743,5.666666666666664,1,0,0
1.0909893992932862,-3.3333333333333357,5,0,1
0.9945823927765237,-1.3333333333333357,-4,0,0
0.8622465400708078,-28.166666666666664,-2,0,0
1.2438423645320198,3.1666666666666643,-1,0,1
1.1289719626168224,19.333333333333336,-8,0,1
0.9440211990725406,-7.666666666666671,-3,0,0
1.0178368121442125,10.833333333333336,0,0,1
1.004149377593361,-17.833333333333336,2,0,1
1.0690196078431373,-0.8333333333333428,0,0,0
0.8728370221327968,28.66666666666667,0,0,1
1.142737547090833,12.500000000000007,4,0,1
0.8559837728194726,-3.0,1,0,1
1.009273570324575,-1.3333333333333286,3,0,1
0.7687976151043392,-25.833333333333336,3,0,0
1.2220843672456576,23.666666666666657,-2,0,1
0.7423014586709886,-28.166666666666664,7,0,0
1.082585278276481,-14.166666666666664,-5,0,1
0.967266775777414,-27.000000000000007,7,0,1
0.9754129850172878,-4.666666666666671,0,0,1
1.1020036429872495,32.666666666666664,-8,0,0
0.7566117286316596,-17.166666666666664,-5,0,0
0.9023329379201266,6.166666666666671,-2,0,1
1.2021969080553296,11.833333333333336,-7,0,1
0.9306967984934087,-13.166666666666671,-2,0,1
0.7686622320768662,-23.33333333333333,5,0,1
1.0644887568943573,12.666666666666664,4,0,0
0.9528374233128835,-7.333333333333336,1,0,1
0.8671841310909875,-36.33333333333333,-1,0,0
0.7894736842105263,-30.66666666666667,-2,0,0
0.9236700077101002,-21.833333333333336,4,0,0
0.9955930958501653,-28.666666666666664,2,0,0
1.0865987460815048,8.166666666666664,8,0,0
0.9040839265642563,-5.833333333333329,-3,0,1
0.9659474039109912,-6.0,4,0,0
0.8688811188811189,-5.5,-9,0,0
0.9765342960288809,-19.166666666666664,-2,0,0
0.9652945924132365,7.500000000000007,10,0,1
0.8957271658173266,-7.166666666666671,-6,0,1
0.835126582278481,-15.166666666666671,5,0,0
0.9119675456389452,15.333333333333329,9,0,0
0.7980412022965214,-41.99999999999999,1,0,1
1.0564817965294317,0.8333333333333286,-4,0,1
0.9724393253805018,-5.5,-5,0,1
0.8950495049504951,-22.833333333333336,-2,0,0
1.037037037037037,8.166666666666664,1,0,1
1.1339605734767024,-16.333333333333336,-4,0,0
0.8908021839563208,-16.5,8,0,0
1.1651242084754019,3.0,-5,0,1
1.1262648482182138,0.5,-6,0,0
1.2316910785619175,4.833333333333343,-3,0,1
0.8297730307076101,-38.00000000000001,0,0,0
1.1150479366402668,3.0,-10,0,0
0.9765217391304348,-15.666666666666664,1,0,0
0.9201535508637236,-20.66666666666667,1,0,1
0.9223443223443224,-28.500000000000007,-1,0,0
0.9806231003039514,-32.333333333333336,2,0,1
0.9361326746647848,0.6666666666666714,0,0,0
1.216977046340407,15.166666666666671,-1,0,1
1.0125461254612547,-7.5,-1,0,0
0.8803290949887809,-28.166666666666664,-7,0,0
0.988198269079465,-4.666666666666664,-7,0,0
0.9661596958174905,-36.83333333333333,-9,0,0
1.0931868131868132,6.5,10,0,1
1.127751402675874,-14.999999999999993,-4,0,1
0.8969740634005764,-20.5,4,0,1
0.9803773584905661,-2.6666666666666714,-3,0,0
0.8968646864686468,24.833333333333336,4,0,0
0.854251012145749,-24.66666666666667,-3,0,0
0.9958960328317373,6.333333333333343,0,0,0
0.8072453861927547,-24.166666666666657,-6,0,1
1.0066176470588235,-8.333333333333329,-8,0,1
1.0804769001490313,5.833333333333329,2,0,0
0.9924385633270322,-21.333333333333336,-3,0,0
0.986810551558753,23.333333333333336,0,0,0
0.9263434798947764,12.000000000000007,1,0,0
1.0046620046620047,24.666666666666664,-1,0,1
1.1272650653181626,31.000000000000007,-3,0,1
0.9469153515064562,-9.0,-4,0,0
0.9119338605319913,-3.833333333333343,-1,0,0
0.890248046211349,11.0,6,0,0
0.8679104477611941,-17.0,-1,0,1
1.2228739002932552,27.166666666666664,-2,0,1
0.9734513274336283,26.16666666666667,0,0,1
0.7229970807654882,-4.833333333333336,-4,0,0
0.9296930763740185,1.3333333333333428,8,0,0
0.9030181086519115,-13.333333333333336,0,0,0
1.1831501831501832,2.1666666666666714,-3,0,0
0.9836244541484717,4.833333333333336,1,0,0
0.8735119047619048,8.0,-1,0,1
0.7942664418212478,-17.16666666666667,0,0,0
1.106776180698152,-23.833333333333336,1,0,1
0.9785629217943629,11.999999999999993,6,0,0
0.9723210755239226,13.833333333333336,-4,0,1
1.0278818143986683,1.1666666666666643,1,0,1
0.9970260223048327,-0.8333333333333357,-1,0,1
0.9274193548387096,-3.8333333333333357,0,0,1
0.9630013831258645,2.0,-8,0,1
0.901904419690981,11.5,0,0,0
1.005586592178771,9.5,-3,0,1
0.9393939393939394,-24.166666666666664,2,0,0
1.1253427340383861,11.499999999999993,1,0,1
0.9191956124314442,-7.833333333333329,0,0,0
1.0099561927518916,-0.8333333333333357,3,0,1
1.0989951618905842,-11.5,-2,0,0
1.0082372322899507,3.0,3,0,0
0.9912974683544303,-8.333333333333329,-9,0,1
0.9444235824258356,-0.1666666666666643,2,0,1
0.8043323863636364,-24.5,8,0,1
0.9963913392141138,17.166666666666664,6,0,1
0.9455252918287937,2.0,7,0,0
0.8710398807305255,-16.333333333333336,4,0,0
0.8878281622911695,-14.833333333333329,-1,0,0
1.0658105939004816,-4.5,5,0,1
1.15545340576682,1.3333333333333286,-5,0,1
0.9962546816479401,18.66666666666667,5,0,1
1.0405582206716093,0.5,0,0,0
1.092814371257485,5.333333333333343,-4,0,1
0.9201060204468005,-10.166666666666664,2,0,1
1.2693790149892934,33.66666666666667,2,0,1
1.036888888888889,19.833333333333336,-8,0,1
0.9469283896764813,-27.666666666666664,-3,0,1
0.9238398866454127,-3.8333333333333286,3,0,1
0.8866438356164383,-34.166666666666664,0,0,0
0.9929849175727815,2.5,-1,0,0
1.1310375670840787,2.6666666666666714,-1,0,0
1.1465634956759216,10.833333333333336,3,0,0
1.0432300163132138,-0.8333333333333428,-7,0,1
0.8820931022765885,-41.333333333333336,-7,0,0
0.9320910973084886,1.0,3,0,0
1.012354923249719,-23.66666666666667,5,0,1
1.0244269071777528,11.5,1,0,1
1.1482939632545932,-4.333333333333329,4,0,0
1.0725120236773955,46.166666666666664,1,0,1
1.1552410437859355,34.50000000000001,-3,0,1
1.066718995290424,4.333333333333343,2,0,0
0.9483454398708636,6.833333333333336,4,0,1
1.1001912045889102,12.833333333333329,10,0,1
0.9884080370942813,-17.0,-10,0,0
1.273492286115007,-5.166666666666657,-7,0,1
0.7976782752902156,1.6666666666666643,-3,0,1
0.8075868372943327,-16.833333333333336,-3,0,0
1.517384535547483,25.000000000000007,0,0,1
1.0199769496734536,-0.6666666666666714,-4,0,0
1.0790448744339234,21.16666666666667,3,0,1
1.1394190871369294,16.666666666666664,7,0,0
1.117771509167842,21.166666666666657,-2,0,0
0.9508323654665118,-16.333333333333336,5,0,1
0.9488428745432399,-16.333333333333336,-3,0,0
0.9044652128764278,2.0,-3,0,1
1.1613025369178342,13.666666666666657,0,0,1
0.6188340807174888,-28.833333333333336,-10,0,1
1.2188449848024316,28.833333333333336,-1,0,1
1.0291051259774109,-6.833333333333329,3,0,1
0.9953091684434968,12.333333333333336,0,0,1
0.9718951766046335,15.666666666666671,-2,0,0
1.1743503772003352,16.666666666666664,4,0,0
0.823201174743025,-17.0,0,0,0
0.9921372408863474,-8.666666666666671,7,0,0
1.1865263157894737,27.5,1,0,0
1.0896030245746693,2.8333333333333357,4,0,1
1.1972350230414746,19.5,3,0,1
1.408675799086758,35.5,-3,0,1
0.7379518072289156,-30.833333333333336,6,0,0
0.7733136748986362,-19.500000000000007,-4,0,0
0.9196234612599565,-9.666666666666671,2,0,0
0.8902532617037605,-2.0,-4,0,0
1.1637426900584795,-8.833333333333329,-2,0,1
1.1786551993745114,2.5,0,0,1
1.0267314702308628,18.16666666666667,-1,0,0
1.3081597222222223,35.33333333333333,-1,0,1
0.7480373831775701,-26.833333333333336,-2,0,0
0.9954819277108434,-5.5,7,0,1
0.9260162601626016,-11.333333333333336,1,0,0
0.8809523809523809,-15.166666666666671,0,0,0
1.0157004830917875,-26.83333333333333,-1,0,0
1.3848623853211008,12.5,0,0,1
1.0570194384449243,-3.0,3,0,0
1.0711206896551724,-4.666666666666664,-4,0,1
0.9117923052862058,-7.833333333333343,1,0,0
1.0402029664324746,-20.33333333333333,-1,0,0
0.7322934232715008,-6.833333333333336,3,0,0
0.969946679592826,1.5,-3,0,0
0.8306709265175719,20.83333333333333,0,0,1
0.6927393896878288,-10.833333333333336,2,0,0
0.974973563623546,-14.166666666666671,-3,0,0
0.9165247018739353,-11.166666666666657,-5,0,0
1.1751234845083072,24.499999999999993,-7,0,0
1.193490860454748,15.0,3,0,1
0.9450016175994823,-3.5,0,0,1
0.6845183133271776,-4.5,3,0,0
1.1770796144234201,14.833333333333336,-7,0,0
0.7333776595744681,-20.166666666666664,-1,0,0
1.1373581847649918,16.166666666666664,4,0,0
0.8465643762508339,-10.0,1,0,0
1.216526734423332,17.5,4,0,1
0.9954198473282443,4.833333333333329,-5,0,1
0.783362831858407,-3.0,1,0,0
1.1736,17.666666666666664,0,0,0
1.100114198705748,-14.333333333333336,-11,0,1
1.1052430156907769,14.166666666666671,-3,0,1
0.8598949211908932,-10.833333333333329,1,0,1
1.265495867768595,22.16666666666667,2,0,1
0.978921043229725,9.833333333333336,-7,0,1
0.954515491100857,-28.500000000000007,-3,0,0
1.1073083778966133,14.5,2,0,1
1.2366957903097697,39.33333333333333,1,0,1
0.893543428132206,-0.3333333333333286,2,0,0
0.9756906077348066,-5.333333333333329,5,0,1
1.1633587786259543,19.0,2,0,1
1.2692652329749103,-8.5,4,0,0
1.3290408525754884,24.666666666666664,-4,0,0
1.085460170146945,-5.5,-2,0,0
0.9234657039711192,-13.333333333333329,-4,0,0
1.03855421686747,0.1666666666666572,3,0,1
1.0303347280334727,-1.8333333333333357,4,0,0
0.9626436781609196,5.666666666666664,1,0,1
1.1737756714060033,29.666666666666664,3,0,1
0.8321263989466754,-7.333333333333343,-7,0,0
1.0564733000384172,-5.333333333333329,-3,0,0
0.8531746031746031,-24.999999999999993,7,0,1
1.0429864253393666,15.999999999999993,1,0,1
0.9068255687973997,-24.0,-3,0,0
0.8796296296296297,-39.166666666666664,12,0,0
1.126431718061674,-7.5,-6,0,0
1.1063915857605178,17.666666666666664,4,0,1
1.0842323651452281,11.666666666666664,-2,0,0
1.094578067672238,4.5,6,0,1
0.7483153638814016,2.0,7,0,1
0.8750407830342577,-11.499999999999993,2,0,1
0.7774007465218866,-24.999999999999993,-5,0,0
0.8996655518394648,-11.333333333333329,5,0,1
1.0914139256727895,-10.833333333333329,2,0,1
0.885234899328859,-4.666666666666671,-2,0,1
0.8608058608058609,-12.5,1,0,0
1.14106988783434,0.8333333333333357,-2,0,0
1.1785028790786949,10.166666666666671,5,0,0
1.0403258655804482,-11.833333333333329,-6,0,0
0.9283858998144713,-2.3333333333333286,4,0,0
0.8031555221637866,-25.5,-2,0,1
0.8883873615100534,-22.83333333333333,-7,0,1
0.9360655737704918,-5.833333333333336,1,0,1
0.876808905380334,-9.666666666666671,-6,0,1
0.9134295227524972,-21.000000000000007,6,0,0
0.9512195121951219,8.166666666666664,-1,0,0
1.056012534273404,5.166666666666664,6,0,1
1.0738007380073802,1.8333333333333286,-1,0,1
0.8765714285714286,-11.166666666666664,-3,0,1
0.8445544554455445,-39.0,-4,0,0
0.8780889621087314,22.5,-4,0,0
0.9882992060175512,13.833333333333336,-1,0,1
0.8749253731343284,-6.666666666666671,1,0,0
0.9575883575883576,-1.5,-2,0,0
1.5256813417190775,28.166666666666664,-3,0,0
1.2531433361274098,7.666666666666671,-5,0,1
0.9861823924200552,12.833333333333329,0,0,0
0.7548701298701299,-24.83333333333333,0,0,0
0.917004048582996,-14.333333333333329,5,0,1
0.9032853451458103,-3.6666666666666714,6,0,0
0.875886524822695,-25.5,1,0,0
0.8055372445616348,-15.999999999999993,3,0,0
1.0578833693304535,4.833333333333329,8,0,1
0.9895382395382395,-16.666666666666664,2,0,1
1.380604796663191,7.166666666666671,-4,0,1
1.060956790123457,-3.3333333333333357,-1,0,1
1.2586377097729515,32.833333333333336,-1,0,1
0.987410071942446,25.333333333333336,2,0,1
1.1679913294797688,33.66666666666667,7,0,1
0.9529644268774704,-8.666666666666664,4,0,1
1.1266233766233766,-6.166666666666671,1,0,1
1.0516413130504403,-3.6666666666666643,-1,0,1
1.168859649122807,22.33333333333333,6,0,1
0.9934959349593496,1.8333333333333286,-8,0,1
0.9819034852546917,-10.0,-3,0,0
1.102,13.833333333333336,-4,0,1
1.0017889087656529,13.333333333333329,2,0,0
0.9532924961715161,-2.8333333333333286,0,0,1
1.26708984375,18.833333333333336,-2,0,1
1.1123348017621146,7.166666666666664,4,0,0
1.0652920962199313,18.833333333333336,6,0,1
1.1515703231679564,7.833333333333336,-1,0,0
0.905608755129959,4.0,-3,0,0
0.8898905344494527,-19.333333333333336,-8,0,0
0.9920997920997922,29.66666666666667,3,0,0
1.203311513284559,25.66666666666667,-2,0,1
1.3227111785533636,-2.666666666666657,6,0,0
0.9534883720930233,6.5,3,0,0
0.9354561101549054,-21.166666666666664,-1,0,0
1.1243633276740237,-14.0,0,0,1
0.9862606758262161,-10.833333333333336,-4,0,1
1.1380915438324282,22.83333333333333,-5,0,1
1.0645428216797683,-23.83333333333333,-6,0,0
0.9822134387351779,-8.166666666666664,-3,0,0
0.971521268925739,-23.66666666666667,-1,0,1
1.025844930417495,22.5,8,0,1
1.0270380991396968,0.1666666666666714,-4,0,1
0.896551724137931,-5.833333333333329,0,0,0
0.925,-1.1666666666666572,-3,0,0
1.2371601208459215,16.166666666666664,1,0,0
0.959349593495935,-22.16666666666667,7,0,0
1.089718142119889,3.833333333333343,-6,0,0
1.082505729564553,-6.0,-2,0,1
1.0372893510218717,-18.166666666666664,3,0,1
0.7181544633901705,-3.0,7,0,0
1.1605995717344755,-5.5,0,0,1
0.7642766497461929,-29.0,0,0,0
0.9022556390977443,2.1666666666666643,-11,0,0
1.3281458425967096,1.3333333333333286,4,0,0
0.8513291762389236,-0.6666666666666572,-2,0,0
0.8194107452339688,-11.5,-4,0,0
1.0577743311360992,-4.666666666666671,0,0,1
1.197318810222036,31.833333333333336,2,0,1
0.918939393939394,-13.666666666666664,1,0,0
0.7869731800766283,-5.5,1,0,0
1.1256366723259763,18.5,-2,0,0
1.0315828130738156,0.0,0,0,1
1.315538608198284,-7.5,-3,0,1
1.2348922753547031,13.333333333333336,-1,0,1
0.9140239605355884,-38.00000000000001,-3,0,0
0.946236559139785,-13.499999999999993,3,0,0
0.884453781512605,-15.833333333333343,-2,0,0
0.8854660347551343,10.333333333333336,-4,0,0
0.7504046617028165,-35.333333333333336,-1,0,0
0.8861480075901328,7.166666666666664,3,0,1
1.1270944013077238,16.000000000000007,-2,0,0
1.0517985611510792,9.666666666666671,5,0,0
0.9665529010238908,22.666666666666657,2,0,0
0.9008771929824562,-6.666666666666664,1,0,0
1.0768867924528303,-22.333333333333336,6,0,0
0.9399865138233311,-25.66666666666667,2,0,0
0.953799159984727,0.3333333333333357,0,0,0
0.8251240931653303,-24.0,3,0,1
1.0337980566117448,-8.833333333333329,0,0,1
0.8389185072353389,4.666666666666657,-2,0,0
0.9581132075471698,-2.5,-3,0,0
1.1134840871021776,4.0,-2,0,0
1.1155127730470196,7.5,7,0,0
0.853078721745908,-4.0,1,0,0
0.9665254237288136,14.833333333333336,0,0,0
1.145973819912733,-7.333333333333329,3,0,1
1.237234878240377,37.16666666666666,10,0,1
1.1034353995519044,10.833333333333329,-1,0,1
1.1057251908396946,20.500000000000007,1,0,1
1.2793650793650793,-4.333333333333329,4,0,1
0.9293639053254438,-16.33333333333333,0,0,0
0.7400733048259011,-32.833333333333336,-4,0,0
0.946313285762827,-26.166666666666664,-7,0,0
0.901219992129083,23.166666666666664,4,0,1
0.8211038961038961,-17.666666666666664,0,0,0
0.9617404351087772,-2.0,-1,0,0
0.9180565627266135,-10.333333333333336,3,0,0
0.7284565300651091,-16.33333333333333,-11,0,1
1.0196435067297198,12.666666666666657,-3,0,0
0.8783521181500195,-4.500000000000007,1,0,1
0.8611111111111112,-1.8333333333333357,9,0,0
1.1107430194036914,7.333333333333336,-5,0,0
0.9258241758241759,33.666666666666664,1,0,1
1.1497120921305182,-3.8333333333333286,-1,0,1
1.2103929024081115,9.166666666666671,-6,0,1
1.0382139983909895,-27.333333333333336,0,0,0
0.9872659176029962,-3.0,3,0,0
0.9861733931240658,-26.166666666666664,-7,0,0
0.7742530431575064,0.5,8,0,0
0.9568965517241379,-28.66666666666667,-1,0,0
0.9288873766587274,22.33333333333333,0,0,1
0.9541955350269438,12.833333333333329,4,0,1
1.186836518046709,7.0,1,0,0
1.1042471042471043,12.333333333333336,2,0,1
1.302697759487883,27.33333333333333,-2,0,1
1.0685876623376624,2.6666666666666714,-3,0,0
1.0863279636513836,6.333333333333336,1,0,1
1.115491651205937,24.83333333333333,11,0,1
0.8425391591096455,-11.666666666666671,-1,0,1
1.1118503118503118,14.166666666666671,2,0,1
1.0767252464637806,30.16666666666667,1,0,0
1.075812274368231,30.666666666666664,1,0,1
0.9429698708751794,4.5,-2,0,1
0.9996404171161453,-14.666666666666671,4,0,1
0.9368183527641971,-7.0,9,0,0
1.0356617647058823,-15.333333333333329,1,0,0
1.155764705882353,-11.999999999999993,1,0,1
0.810892081523555,-17.500000000000007,9,0,1
1.1816538635336646,2.3333333333333357,0,0,0
0.9628237259816207,12.333333333333336,2,0,1
1.1433857539315448,8.5,4,0,0
0.7359154929577465,-28.166666666666664,3,0,1
1.140582347588717,0.5,-3,0,0
0.8890516294397657,-18.000000000000007,-4,0,0
1.1764452113891286,22.833333333333336,8,0,1
0.9192738509076863,-9.166666666666671,-4,0,1
0.9245768947755703,-2.0,-3,0,1
1.2662974009373669,-5.5,0,0,0
1.0361111111111112,7.666666666666664,-2,0,1
0.8157695223654283,-24.999999999999993,-5,0,1
1.060634328358209,-16.333333333333336,6,0,1
1.0580302411115652,-3.499999999999993,-7,0,1
1.1179591836734695,16.5,4,0,1
0.9074074074074074,-20.166666666666664,1,0,1
1.1316891577477897,-2.1666666666666714,-3,0,0
1.0670289855072463,-1.1666666666666572,-1,0,1
1.1911690918213749,3.6666666666666643,2,0,1
1.2017738359201773,11.833333333333329,9,0,0
1.3955223880597014,14.333333333333343,-7,0,1
0.8324363114459993,-6.0,3,0,1
0.8774055595153243,-21.33333333333333,0,0,1
0.9416577730345073,-25.166666666666657,-5,0,1
0.8676351896690879,-5.666666666666664,-4,0,0
1.093305439330544,-8.166666666666664,-3,0,0
0.9600413365483982,18.33333333333333,-5,0,0
0.8883861236802413,-44.83333333333333,3,0,1
1.1132228063081278,-0.8333333333333428,2,0,1
0.7546607009694258,-15.666666666666671,-6,0,0
0.8370607028753994,-11.166666666666671,-2,0,0
0.9754838709677419,-28.5,1,0,0
1.031857031857032,-10.833333333333336,-7,0,0
0.8481824661439772,-18.666666666666664,2,0,1
1.324766355140187,6.5,-6,0,0
0.8893760539629005,-17.83333333333333,3,0,1
1.1216660577274389,39.166666666666664,-2,0,1
1.0823076923076924,-4.5,-3,0,1
1.0071187710753091,14.666666666666671,1,0,0
1.0057183702644745,22.83333333333333,3,0,1
0.9606616003576218,-27.333333333333336,-6,0,0
0.8414770607982096,9.166666666666664,6,0,1
0.9426002766251729,-6.666666666666657,5,0,0
1.002571638501102,15.833333333333329,0,0,1
0.7312356604392003,-28.33333333333333,-3,0,0
1.0459312839059673,1.6666666666666643,5,0,1
1.0449745795854517,4.166666666666657,-8,0,0
1.097444089456869,14.166666666666671,0,0,1
0.9056195965417867,-13.166666666666664,-5,0,1
1.251487290427258,12.5,-1,0,1
1.1025641025641026,-11.333333333333336,-2,0,1
0.9780027932960894,-5.333333333333329,-4,0,1
0.9186602870813397,-7.166666666666671,-2,0,0
0.8108581436077058,2.6666666666666643,2,0,1
1.023358840112767,1.1666666666666572,-1,0,1
1.0924479166666667,8.333333333333329,-2,0,0
0.8668076109936576,-10.0,-3,0,1
1.036942209217264,-6.666666666666671,6,0,1
0.8651535380507344,11.333333333333336,7,0,0
1.0614800759013283,6.666666666666671,-1,0,1
1.1525204653166738,7.0,-3,0,1
1.045571481073135,-0.6666666666666572,-2,0,1
1.0043982407037184,-7.666666666666671,2,0,0
1.06950246866692,-12.000000000000007,3,0,0
0.9475735033652143,15.0,-7,0,0
0.7993932499051953,-14.5,3,0,0
0.8488175675675675,8.5,1,0,0
0.7695560253699789,-29.666666666666664,2,0,1
1.0263482914779745,13.166666666666671,4,0,1
1.2047894302229563,11.5,0,0,0
0.9127813504823151,-2.8333333333333357,-1,0,0
1.0867532467532468,4.666666666666664,-3,0,1
1.0795148247978437,-15.666666666666671,-4,0,0
0.8579720040969614,2.333333333333343,3,0,1
0.9335907335907336,17.333333333333336,2,0,1
1.0099447513812154,6.666666666666657,1,0,1
1.2743362831858407,22.666666666666664,0,0,1
1.3654562383612663,12.666666666666664,4,0,1
1.1416498993963782,-5.833333333333329,1,0,1
0.8761904761904762,-3.6666666666666643,1,0,0
1.0132945575405068,19.666666666666664,6,0,0
1.0164051355206847,32.833333333333336,-2,0,1
0.8659300184162063,-12.000000000000007,-2,0,1
0.919774011299435,-20.66666666666667,-2,0,1
1.1479732388823298,30.5,6,0,1
0.7736916548797736,-2.8333333333333357,-8,0,0
0.9361111111111111,-25.333333333333336,1,0,0
1.1544401544401544,3.1666666666666714,-5,0,0
1.159493670886076,16.499999999999993,1,0,1
1.023637056805185,-12.999999999999993,0,0,1
0.8888433141919606,10.166666666666664,-7,0,1
1.073040152963671,4.666666666666671,-7,0,1
1.0102752293577981,6.333333333333336,17,0,1
1.3932885906040269,15.500000000000007,2,0,1
0.999315537303217,-29.5,5,0,0
0.9576923076923077,28.83333333333333,2,0,1
0.9498235985887887,-1.1666666666666572,-2,0,0
1.3005390835579516,24.166666666666664,-3,0,1
1.250877192982456,14.333333333333343,0,0,1
1.0229931423961274,9.666666666666657,3,0,1
1.2474645030425964,10.833333333333329,1,0,1
0.8520408163265306,-21.5,0,0,0
0.8854904886236479,-21.333333333333336,6,0,1
1.018181818181818,19.666666666666664,-2,0,1
0.9144783534421576,-5.666666666666671,-2,0,0
0.8089291289416173,-26.999999999999993,-1,0,0
1.0522727272727272,14.499999999999993,-2,0,1
0.7637614678899083,-0.8333333333333357,2,0,0
1.023576512455516,15.666666666666664,1,0,0
1.3290143452105507,17.333333333333336,5,0,1
1.0378693300041615,-10.0,5,0,0
0.9761805265357292,-3.6666666666666643,3,0,1
1.1489927784112506,-4.333333333333329,-3,0,1
1.2718932443703086,2.999999999999993,-5,0,1
0.975609756097561,6.0,-2,0,1
0.9399830938292477,5.166666666666671,7,0,1
1.1766575840145324,-1.0,4,0,1
1.2271528998242531,6.666666666666671,6,0,1
1.465415019762846,21.66666666666667,2,0,1
0.9251316779533484,-16.166666666666664,5,0,0
1.1210401891252955,8.0,-1,0,0
1.3523489932885906,18.33333333333333,-2,0,1
0.8421052631578947,-12.0,8,0,0
0.8246353322528363,-30.5,-3,0,1
1.0965909090909092,-7.5,-1,0,1
0.7993504150126308,-25.500000000000007,3,0,0
1.1931330472103003,-3.6666666666666714,-3,0,1
0.9912146676852559,18.833333333333336,-2,0,0
1.0531962449709433,15.166666666666671,-1,0,0
0.9797724399494311,-2.5,9,0,1
0.8822081575246132,20.166666666666664,1,0,0
1.0108780108780109,8.833333333333343,6,0,1
0.8537360890302067,4.166666666666657,6,0,1
0.9477216531261039,3.333333333333343,2,0,1
1.0062473969179508,-5.333333333333329,-1,0,1
0.7964664310954064,7.333333333333336,4,0,1
0.9888551165146909,2.833333333333343,4,0,1
1.1012037449843959,1.1666666666666714,-1,0,0
1.1183044315992292,24.999999999999993,6,0,1
0.9550425273390036,19.000000000000007,-3,0,1
1.076950998185118,14.833333333333329,-1,0,0
0.7787325456498388,-29.33333333333333,-5,0,0
1.1198830409356726,48.83333333333333,5,0,1
0.8975047984644914,-6.5,-2,0,0
0.8597285067873304,32.00000000000001,4,0,0
0.943252091669698,-3.6666666666666643,3,0,0
0.9785714285714285,0.8333333333333428,-8,0,1
1.151892890120037,-4.833333333333336,-4,0,0
1.2549712770658419,9.166666666666671,-3,0,1
1.0135566188197767,-10.333333333333336,3,0,1
1.2803347280334727,28.5,2,0,1
0.8644251626898047,-21.83333333333333,-4,0,1
0.9397400551398188,-9.333333333333336,-10,0,0
1.000721240533718,-6.833333333333329,-1,0,1
0.9027187765505522,-5.5,-3,0,0
0.7107438016528925,-1.5,6,0,0
0.7845601436265709,-22.333333333333336,1,0,0
1.2287687931735067,1.6666666666666714,-1,0,1
0.8585931834662799,0.1666666666666714,0,0,0
1.1591397849462366,21.999999999999993,0,0,1
0.941198224852071,16.0,1,0,1
1.1880077369439073,6.5,1,0,1
0.8918918918918919,-3.0,-4,0,0
0.7715231788079471,-25.666666666666664,-1,0,0
1.122611464968153,3.8333333333333286,-4,0,0
1.0777272727272726,19.0,4,0,1
0.9803528468323978,-26.000000000000007,5,0,1
1.2245297805642634,20.499999999999993,3,0,1
1.002466091245376,-5.833333333333336,3,0,0
0.8285317598056231,-21.000000000000007,-4,0,0
1.1395056556346879,25.333333333333336,1,0,1
0.915927750410509,-1.3333333333333286,6,0,1
1.0373574518285489,22.166666666666664,-3,0,1
1.3137614678899083,-2.0,1,0,0
0.9384846211552889,6.333333333333336,10,0,0
0.9730382293762575,-14.333333333333329,-4,0,0
1.1201612903225806,9.0,-2,0,0
1.011864406779661,-4.166666666666671,13,0,1
0.9996275605214152,-1.3333333333333286,6,0,0
0.8389796731765644,-7.0,5,0,0
1.1692461308037942,1.3333333333333357,-7,0,1
0.8577181208053691,-21.0,3,0,1
1.3274932614555257,5.333333333333336,-4,0,1
1.106913486966377,9.666666666666664,3,0,1
1.0891397430906968,33.5,-4,0,1
0.8994555353901996,-15.833333333333329,5,0,1
1.0781073976717988,25.666666666666664,1,0,1
1.0753768844221105,14.833333333333336,5,0,0
0.871031746031746,14.5,-2,0,1
1.1997002622705133,-2.833333333333343,-2,0,1
1.2243285939968405,34.66666666666667,-2,0,0
1.3745704467353952,16.666666666666657,-6,0,1
0.9451101662156939,2.8333333333333286,-2,0,1
1.0619607843137255,6.5,-3,0,0
1.0706605222734256,7.666666666666657,1,0,0
1.0636012032660078,16.16666666666667,-2,0,1
1.0746407046824293,12.499999999999993,-4,0,1
0.9933333333333333,-14.666666666666664,-3,0,0
0.8780487804878049,-16.66666666666667,-5,0,0
0.9725460699511095,-16.83333333333333,-3,0,1
1.0087100788054748,-2.0,2,0,1
1.1505949938448912,39.5,-2,0,0
0.9743290548424738,-17.999999999999993,2,0,0
0.8713814584096738,-4.833333333333329,1,0,0
0.9625668449197861,-20.166666666666664,4,0,1
1.0300638857572342,4.0,-4,0,0
1.3143507972665147,30.166666666666664,1,0,1
0.9834605597964376,-6.833333333333343,0,0,0
0.8231854145166838,-25.0,0,0,1
0.9840961986035687,1.1666666666666714,1,0,1
1.0164512338425382,-19.499999999999993,2,0,0
0.8208005985783764,-8.333333333333329,2,0,0
1.0717247097844114,-4.0,4,0,1
1.1909677419354838,13.666666666666664,-1,0,0
1.1760299625468165,30.83333333333333,1,0,1
1.034357316087308,-24.833333333333336,-1,0,1
0.9577464788732394,19.499999999999993,0,0,1
1.3883575883575883,13.333333333333336,-2,0,1
1.319693094629156,27.500000000000007,1,0,1
1.1332236842105263,24.5,-3,0,1
1.00326264274062,-10.666666666666664,3,0,1
1.1847619047619047,6.0,3,0,1
1.3387175721977485,9.166666666666664,-3,0,1
1.2114649681528662,2.5,1,0,0
1.1627906976744187,9.666666666666671,4,0,1
1.2219730941704037,7.0,5,0,1
1.2562628336755646,47.666666666666664,-4,0,1
0.9909379247847757,18.166666666666664,2,0,0
1.2436006825938566,15.0,2,0,1
1.1647479158396188,19.16666666666667,5,0,1
1.1320992848127893,9.166666666666664,1,0,1
0.8883458646616541,-8.0,-1,0,0
0.8740404745289603,-24.833333333333336,1,0,0
1.1653543307086613,16.5,-6,0,1
0.9763401109057301,19.833333333333336,-1,0,1
0.7920827389443652,-16.33333333333333,3,0,0
0.8116169544740973,-39.50000000000001,4,0,0
0.93208895949166,-27.499999999999993,-1,0,1
1.2,45.83333333333333,-3,0,1
1.0693430656934306,-17.33333333333333,2,0,1
0.7843411394617267,7.500000000000007,-1,0,0
1.2957811775614279,25.0,3,0,1
1.1897435897435897,4.333333333333343,-8,0,1
0.8885744605588963,-12.500000000000007,2,0,0
1.0807234230260256,9.5,4,0,0
1.005706134094151,5.5,6,0,1
0.7166193181818182,-21.0,-3,0,0
0.8456920903954802,0.1666666666666714,-3,0,1
1.2150041911148366,8.333333333333336,4,0,1
0.9528163862472567,-13.5,-3,0,0
1.0515151515151515,20.66666666666667,-6,0,0
1.270967741935484,-4.166666666666664,0,0,1
0.9053896859247771,-7.666666666666671,-6,0,0
0.9094269870609981,8.666666666666664,0,0,0
0.9333333333333333,7.166666666666671,0,0,1
1.0303272146847566,7.0,0,0,1
1.151969981238274,4.0,0,0,1
1.2298850574712643,-15.166666666666671,-3,0,1
0.6203803372802297,-9.0,5,0,0
1.1090369113279592,-15.833333333333336,4,0,0
0.8549912434325744,14.833333333333343,5,0,0
1.0154346060113728,13.5,-1,0,1
0.8944684189878384,8.166666666666664,3,0,1
1.2163575844032335,2.1666666666666714,-7,0,1
1.2687640449438202,5.666666666666671,10,0,1
0.8825105243015691,-5.833333333333336,-2,0,1
1.0053394355453853,4.833333333333336,-6,0,1
0.9746115953012505,-17.16666666666667,0,0,0
0.8926337734537874,-7.833333333333336,-1,0,1
1.0012,-24.500000000000007,-4,0,0
0.8272333726879182,-16.333333333333336,1,0,1
0.9118908382066276,-38.50000000000001,-3,0,0
1.1151541095890412,1.8333333333333286,5,0,0
1.30024115755627,35.333333333333336,3,0,1
1.1197061365600691,38.66666666666667,9,0,0
1.2779690189328743,17.499999999999993,-10,0,1
1.2438524590163935,16.83333333333333,0,0,1
0.8865626189569852,-30.999999999999993,0,0,0
0.8477935676888556,-19.16666666666667,-5,0,0
0.9364535768645358,-15.833333333333329,-5,0,0
1.239479392624729,5.5,-2,0,1
1.1635399673735727,1.8333333333333286,2,0,1
1.1532447224394058,0.3333333333333428,5,0,1
1.0182717929196803,-35.16666666666667,-3,0,0
1.0314487632508833,9.5,-1,0,1
1.1267381803734604,-8.833333333333336,2,0,0
0.8292922673656619,-29.5,2,0,0
1.3464566929133859,17.16666666666667,-1,0,1
0.9782193351165457,-18.5,-1,0,1
1.3413461538461537,30.33333333333333,5,0,1
1.0954301075268817,6.833333333333329,-2,0,1
0.9898605830164765,3.0,5,0,1
0.9806553493880774,14.333333333333336,-5,0,0
1.3038793103448276,31.66666666666667,1,0,1
0.836783988957902,-13.0,1,0,0
1.2780960775672103,8.333333333333336,0,0,1
0.8507520246818358,18.333333333333336,5,0,0
1.5186915887850467,13.666666666666671,-9,0,1
0.9193302891933028,16.33333333333333,5,0,0
1.203616352201258,10.500000000000007,-1,0,1
0.9620811287477954,24.33333333333333,5,0,1
1.0970919324577861,-6.833333333333336,8,0,1
0.9665327978580991,-2.3333333333333286,-1,0,0
1.0404580152671756,15.000000000000007,5,0,1
1.1073049938093273,4.833333333333329,3,0,0
1.037938144329897,-0.3333333333333286,0,0,0
0.9568932038834952,-33.833333333333336,-8,0,0
0.8786476868327402,-7.5,0,0,1
0.8333333333333334,5.833333333333336,1,0,1
0.993428681870893,16.83333333333333,5,0,1
1.118734447209385,44.166666666666664,-1,0,1
0.8023093072078377,-41.66666666666667,-2,0,0
1.0192678227360308,-11.5,0,0,1
0.9616449189402926,-0.8333333333333286,2,0,1
0.8979366249078851,-2.8333333333333357,0,0,1
1.0560165975103735,3.6666666666666643,2,0,0
0.911697247706422,-10.5,-3,0,0
1.0036036036036036,-8.666666666666671,-6,0,1
0.8833798882681564,5.166666666666671,-5,0,1
1.165685830692621,19.33333333333333,-8,0,0
1.221851145038168,19.833333333333343,2,0,1
1.1141263940520445,15.666666666666664,-9,0,0
1.1318252730109204,18.500000000000007,2,0,1
1.0906676783004552,23.999999999999993,-3,0,1
0.8844339622641509,6.166666666666664,-1,0,1
1.1980026052974382,26.66666666666667,-1,0,1
0.9239675800849093,-24.999999999999993,-1,0,0
1.0905050505050504,8.666666666666671,1,0,0
1.2553571428571428,16.833333333333336,10,0,1
0.9691528545119705,-13.166666666666671,2,0,1
1.1147342995169083,6.333333333333329,-2,0,0
0.8822886297376094,1.3333333333333286,-3,0,0
0.7624857033930614,-13.833333333333329,4,0,1
1.042687747035573,25.333333333333336,4,0,0
1.0559112249253095,6.666666666666671,5,0,1
1.0268505079825834,3.0,9,0,1
1.02188679245283,9.333333333333336,1,0,1
0.930655681428081,-8.999999999999993,4,0,1
0.9007220216606499,-13.833333333333329,-1,0,0
1.296148738379814,45.833333333333336,2,0,1
1.137007874015748,-5.833333333333329,-4,0,0
0.8583855254001391,-6.166666666666671,-2,0,1
0.9541800643086816,3.0,6,0,1
1.101338432122371,14.5,-1,0,1
1.1080565101183657,2.6666666666666714,-3,0,0
1.0738636363636365,14.333333333333329,1,0,1
1.0008288437629507,-12.5,-1,0,0
0.9965899403239556,-3.3333333333333357,0,0,1
0.9354568315171836,-16.666666666666664,1,0,0
1.0112820512820513,13.0,-4,0,1
1.2645502645502646,16.666666666666664,-3,0,0
1.0443137254901962,-9.5,3,0,0
0.7635701275045538,-13.666666666666671,-1,0,1
0.7124579124579125,-17.833333333333336,4,0,0
1.0999614048629873,27.166666666666657,-1,0,0
0.826056338028169,-3.1666666666666643,2,0,1
1.0063291139240507,20.833333333333336,-1,0,0
0.9838039867109635,11.833333333333329,-2,0,1
0.9546366920915295,12.833333333333336,-3,0,0
1.0624113475177306,16.499999999999993,2,0,0
0.9111747851002865,6.666666666666664,7,0,0
1.1637604245640636,32.16666666666667,10,0,1
1.0747935891209326,-7.0,-4,0,1
1.0225648740127868,11.666666666666671,-5,0,0
0.8016366612111293,13.833333333333329,1,0,0
0.9921608725289707,-0.6666666666666572,0,0,1
0.9485179407176287,0.0,7,0,1
1.0297504798464492,-9.500000000000007,-7,0,0
1.2207401032702236,-4.5,4,0,1
1.392875851231011,38.166666666666664,-4,0,1
1.0563106796116506,14.166666666666664,3,0,1
0.9305870904962699,-4.333333333333343,-6,0,0
0.9171131421367791,0.6666666666666714,1,0,1
0.9399529042386185,-1.0,7,0,0
0.8015325670498085,1.5,-1,0,0
1.2084267144778127,31.33333333333333,-3,0,0
0.9808429118773946,-1.6666666666666714,5,0,0
1.1002731174404994,-7.666666666666664,-1,0,0
1.099047619047619,14.166666666666671,1,0,1
0.9235335195530726,-2.166666666666657,-3,0,1
1.2145405887600358,-0.8333333333333286,1,0,1
1.1189812972542779,12.0,-7,0,1
0.8937048503611971,-27.16666666666667,1,0,0
0.8261327713382508,-29.999999999999993,3,0,0
0.9793271179570329,-16.16666666666667,5,0,0
0.6788111217641419,-24.16666666666667,2,0,1
0.7427007299270073,-1.8333333333333286,3,0,0
0.9919199692189303,1.5,6,0,0
0.9876325088339223,-7.833333333333329,3,0,0
1.2987012987012987,30.333333333333336,-2,0,0
1.4465136422693807,35.0,5,0,1
1.0483408439164277,-8.333333333333329,-4,0,0
1.32570944515036,16.5,-3,0,1
0.8951486697965572,1.8333333333333286,-12,0,1
0.8858267716535433,-27.833333333333336,2,0,0
1.0789473684210527,2.833333333333343,7,0,1
0.9601263324121595,0.8333333333333357,-5,0,0
1.180887372013652,17.666666666666664,4,0,0
1.2525796321220277,2.1666666666666643,1,0,1
1.0561914672216441,-7.5,-2,0,0
1.3042153377348908,5.000000000000007,-6,0,1
0.9913824057450629,29.166666666666664,-6,0,1
0.9511811023622048,-14.666666666666664,3,0,1
1.2268226822682269,28.999999999999993,6,0,0
0.8439213157046114,-17.33333333333333,5,0,0
1.0454209748892171,-16.666666666666664,7,0,0
0.8822143698468787,-18.500000000000007,-7,0,1
0.9010649261422191,5.833333333333329,-7,0,1
0.9105594956658787,-26.666666666666657,-7,0,0
0.7569629912247234,-23.833333333333336,1,0,0
1.0382139983909895,0.8333333333333357,4,0,0
0.7676902536715621,-37.333333333333336,-2,0,0
1.0191649555099247,15.166666666666671,-1,0,1
1.478886756238004,27.16666666666667,2,0,0
0.8324894514767932,-5.333333333333329,4,0,1
1.132484076433121,13.833333333333329,-2,0,1
0.9923728813559322,0.5,1,0,0
0.8944971537001898,-12.166666666666671,-2,0,0
0.8981818181818182,-14.000000000000007,-2,0,0
1.1289640591966172,13.666666666666671,-11,0,1
0.9379721669980119,10.000000000000007,0,0,0
0.9702143116600073,7.833333333333343,2,0,0
1.152109075415424,-5.833333333333336,1,0,1
0.9995959595959596,12.166666666666671,1,0,0
0.8047781569965871,-12.666666666666664,3,0,0
0.8215384615384616,-18.166666666666657,-6,0,0
1.0975,4.0,-5,0,0
0.9483301827347196,6.666666666666671,1,0,1
0.8073089700996677,-10.166666666666671,0,0,1
1.2854030501089324,17.83333333333333,-1,0,1
0.9817987152034261,-14.0,-5,0,0
0.9801980198019802,1.6666666666666714,0,0,1
0.872588424437299,-2.0,3,0,1
0.7479462285287528,7.833333333333329,2,0,0
0.9689140088817118,8.166666666666671,-1,0,0
0.9127147766323024,-15.666666666666657,-9,0,0
0.8140417457305503,-14.333333333333343,-6,0,0
1.2410233393177739,27.666666666666664,0,0,1
1.1488609583660645,20.833333333333343,-2,0,0
0.8841269841269841,-3.5,4,0,0
1.00440722785368,3.3333333333333357,-2,0,1
0.7335892514395393,3.6666666666666643,1,0,0
0.9285714285714286,4.0,5,0,0
1.050467289719626,-12.333333333333336,10,0,1
0.9752122241086587,22.333333333333336,-2,0,0
1.1477561388653683,4.499999999999993,-4,0,1
0.6836973478939158,-24.16666666666667,2,0,1
0.8436055469953775,-1.3333333333333428,-2,0,0
0.9491935483870968,-7.5,-9,0,0
0.9908151549942594,13.333333333333343,2,0,1
0.8358157256667821,-24.833333333333336,5,0,1
0.9095443964083805,-8.666666666666671,8,0,1
0.9680701754385965,-40.33333333333333,-6,0,0
1.181859003143242,5.333333333333329,-6,0,1
1.1102141102141103,19.0,11,0,1
1.020488573680063,3.8333333333333286,1,0,1
0.9125,-3.3333333333333286,2,0,1
1.1195445920303606,16.66666666666667,-3,0,1
1.2705882352941176,11.0,3,0,1
1.074955595026643,16.999999999999993,-1,0,0
1.183547313361864,-5.166666666666657,0,0,1
1.0086853533359652,-15.833333333333336,1,0,0
0.9834586466165414,4.5,7,0,1
1.0087752766119802,-28.499999999999993,4,0,0
0.9964071856287425,-10.333333333333336,2,0,1
1.049645390070922,6.999999999999993,6,0,0
1.0074257425742574,6.0,2,0,1
0.9984819734345352,7.166666666666671,1,0,0
1.1970321516900246,22.5,1,0,0
0.9044315992292871,-25.83333333333333,0,0,0
0.7675774134790528,-15.166666666666664,2,0,0
1.139344262295082,-1.1666666666666572,-2,0,1
0.6254695717505635,-24.333333333333336,2,0,1
1.1372373714796602,20.499999999999993,-2,0,0
1.1501553331032102,11.833333333333329,4,0,1
0.8381831085876508,-16.5,-5,0,0
1.0050465838509317,-17.666666666666664,4,0,0
1.3398804440649017,32.166666666666664,-3,0,1
1.0620851229988286,23.333333333333336,5,0,1
0.8246895544192842,-5.333333333333329,-1,0,1
0.9830899308224442,-8.5,3,0,1
1.3884057971014492,10.833333333333329,-2,0,1
0.6301369863013698,-62.166666666666664,2,0,0
0.7928516525749424,-47.66666666666667,-5,0,1
0.9313973063973064,5.666666666666671,-11,0,0
1.0080676142912024,13.499999999999993,2,0,0
0.8095076400679118,-7.833333333333343,-2,0,0
0.9543873212214921,-19.166666666666664,3,0,1
0.9400157853196527,25.5,5,0,1
1.026143790849673,-2.0,5,0,1
1.0042900042900043,8.333333333333336,2,0,1
1.129734436221158,-14.166666666666671,2,0,0
0.8869395711500975,11.5,1,0,0
0.8416542473919523,-26.0,-3,0,0
1.1008035062089117,6.0,-1,0,0
1.1663636363636363,16.666666666666664,4,0,1
0.8308529945553539,12.0,-1,0,0
1.1256971256971258,-6.333333333333336,-1,0,0
1.1318548387096774,28.499999999999993,-3,0,0
0.9534246575342465,-6.666666666666671,-1,0,0
0.9449264428517541,12.0,2,0,0
0.8374581939799332,-46.5,-7,0,0
1.0112876254180603,5.0,1,0,1
1.1468634686346864,16.5,2,0,1
0.9919797382861967,6.666666666666657,11,0,0
1.1160822249093107,-16.5,-6,0,0
1.0912806539509536,1.8333333333333357,-2,0,0
0.8003466204506066,-30.5,4,0,0
1.3529411764705883,22.999999999999993,-3,0,0
1.044703987112364,-4.0,2,0,1
0.8686567164179104,-10.666666666666664,4,0,1
0.9407869107908063,-33.50000000000001,-2,0,1
1.051871898962562,-21.5,-2,0,0
0.8657082748948106,-26.166666666666664,-7,0,1
0.8946374622356495,-19.666666666666664,3,0,0
1.0297872340425531,-7.833333333333329,0,0,0
0.6492091388400703,-15.5,-6,0,0
1.0402498265093685,24.66666666666667,4,0,1
0.7569823434991975,-48.333333333333336,-4,0,0
0.8060582218725413,-2.3333333333333286,1,0,1
0.8314522197140707,-25.666666666666664,-6,0,0
0.7084447841039359,5.833333333333336,2,0,0
1.178250204415372,-2.1666666666666643,-6,0,1
0.8835059171597633,28.500000000000007,-6,0,1
0.8792828685258964,1.3333333333333286,-1,0,0
0.9875612514134942,-14.166666666666671,-3,0,1
1.1673753382296095,5.833333333333329,-3,0,0
1.0807281361297982,22.5,2,0,1
1.4589715536105032,15.833333333333336,4,0,1
1.1273833671399593,10.5,7,0,0
0.988759187202767,23.000000000000007,-5,0,0
0.9707052441229657,-3.0,8,0,1
1.0394689630426983,17.16666666666667,5,0,0
1.0789233576642336,-14.333333333333336,2,0,0
0.8300865800865801,-22.833333333333336,1,0,0
0.8597606581899776,-8.5,1,0,0
1.194825558604469,24.499999999999993,2,0,1
1.167584579071597,19.33333333333333,3,0,1
1.126145787865561,9.833333333333336,1,0,0
1.3971526755031909,31.166666666666664,7,0,1
0.7861013707363723,7.5,2,0,0
1.2709844559585493,2.0,-6,0,0
0.8716865155589704,4.666666666666664,2,0,0
0.9188712522045855,-28.66666666666667,3,0,1
0.9008792965627498,4.0,-2,0,1
1.0947791164658633,4.166666666666657,1,0,0
1.1220472440944882,20.333333333333336,3,0,1
1.2191717077710562,-5.0,-3,0,0
1.1079611650485437,-1.3333333333333286,1,0,1
1.0515723270440251,-11.833333333333329,4,0,0
0.8420523138832998,-17.0,-3,0,1
0.8289634146341464,10.000000000000007,-7,0,0
0.9431743958197256,-4.5,13,0,1
1.2044577796828118,0.8333333333333357,-2,0,1
1.3164495899662325,10.833333333333336,3,0,1
1.0056992547128452,-6.0,-3,0,0
0.9300426136363636,-13.166666666666664,-2,0,0
1.1922621397552309,29.166666666666664,-4,0,0
0.9555817610062893,-12.166666666666671,-7,0,0
1.2244732576985413,36.333333333333336,2,0,1
1.051835035944003,-11.000000000000007,5,0,0
1.010454362685967,2.8333333333333357,-4,0,0
0.9956474428726877,4.666666666666671,2,0,1
1.1977186311787071,-9.666666666666671,1,0,1
1.4010230179028134,20.666666666666664,2,0,1
1.0402542372881356,-0.5,-2,0,0
1.104961049610496,0.8333333333333286,-4,0,1
0.8250481695568401,-8.333333333333336,0,0,1
1.0767903364969802,12.166666666666671,-1,0,0
1.1012608353033886,11.5,-2,0,1
1.1669374492282698,19.0,0,0,1
0.9737237237237237,2.8333333333333286,1,0,0
0.8145012881854987,0.8333333333333428,2,0,0
1.0960581706850363,29.499999999999993,6,0,1
0.6883942766295708,-13.499999999999993,-5,0,1
1.2551103843008995,0.0,5,0,1
1.0990685859441152,6.666666666666671,1,0,1
0.8949462793473936,-0.6666666666666572,1,0,1
1.0304468169236853,13.0,-6,0,0
0.8524426719840479,-18.666666666666664,-3,0,0
0.9574393246570524,4.833333333333329,-1,0,0
1.1612472160356346,-1.1666666666666643,0,0,1
1.054613935969868,-0.6666666666666643,-3,0,0
1.171292281006071,19.666666666666664,-2,0,0
0.8797756747283562,-17.0,-5,0,0
1.1930241775663892,4.166666666666664,1,0,0
0.9733066399733067,-12.333333333333343,2,0,1
0.8357570573139436,-15.333333333333336,-2,0,1
1.3446418955304253,25.166666666666664,0,0,1
0.7446068197633959,11.666666666666664,-6,0,0
0.9127864005912787,-5.0,-4,0,0
1.4707070707070706,32.83333333333333,-2,0,1
0.9479985035540591,-33.833333333333336,-1,0,0
1.0003734129947721,-19.499999999999993,-2,0,0
0.9797486033519553,1.8333333333333357,-3,0,1
1.4396135265700483,18.666666666666664,-10,0,1
1.1108742004264391,-13.666666666666671,-6,0,1
1.372746553552492,-12.833333333333329,3,0,0
1.151654796816087,3.1666666666666643,0,0,0
1.0458252427184467,7.499999999999993,6,0,1
0.901652559451834,-5.333333333333336,-2,0,1
1.1010815307820299,16.999999999999993,4,0,0
0.9450800915331807,8.166666666666664,-4,0,0
0.8827536751523843,-23.500000000000007,-1,0,0
1.011623401782255,-3.0,-2,0,1
1.0862683023347843,0.0,4,0,1
0.8521855188521855,-15.666666666666671,0,0,1
1.070349761526232,5.666666666666671,-2,0,0
1.216699801192843,13.333333333333336,-3,0,0
0.9292534722222222,-32.33333333333333,-2,0,0
1.070943396226415,11.833333333333329,-2,0,1
1.0674242424242424,17.33333333333333,-2,0,1
1.2326631103816168,12.333333333333343,2,0,1
0.9108159392789373,-15.833333333333336,-1,0,1
1.1620591039084842,22.666666666666664,6,0,1
0.8980526918671249,-0.5,3,0,0
0.9071096820292962,-5.666666666666671,0,0,0
0.995249406175772,9.5,1,0,0
1.0550903481710003,-3.833333333333343,-5,0,1
0.967741935483871,-7.166666666666657,-2,0,0
0.8567619047619047,-22.333333333333336,1,0,0
1.0528184642698624,0.3333333333333357,1,0,0
1.1835616438356165,6.833333333333336,1,0,0
0.9680895151263986,-13.333333333333336,-12,0,0
0.9542342342342343,-24.666666666666664,0,0,1
1.0901271503365744,24.33333333333333,0,0,1
0.9286321155480034,-22.333333333333336,-3,0,0
0.9134507306107156,-4.166666666666671,1,0,0
1.0765625,18.33333333333333,0,0,0
0.9410460992907801,5.333333333333329,-1,0,0
0.911410864017499,-6.666666666666657,-4,0,0
0.8816081038303261,8.666666666666671,3,0,0
1.0779615254809314,-22.16666666666667,3,0,1
0.8986486486486487,-22.33333333333333,2,0,0
1.2444954128440366,1.6666666666666714,2,0,1
1.0687475306203083,-4.0,3,0,1
0.6923346167308365,-9.666666666666671,-2,0,1
1.2445,-9.166666666666664,2,0,1
0.9619607843137254,4.166666666666671,-1,0,0
1.0842911877394636,4.333333333333336,3,0,1
0.9350268685881779,-24.33333333333333,-10,0,0
0.9761519805982215,-14.666666666666664,0,0,0
0.8028622540250447,-3.3333333333333357,1,0,0
1.5967825635703166,38.00000000000001,0,0,1
0.9678044996121024,-23.0,-6,0,0
0.9210766423357665,-28.500000000000007,-3,0,1
1.195631970260223,14.0,18,0,1
0.7896602658788774,-11.5,2,0,0
1.10530579181855,3.5,-1,0,0
0.9971274685816877,2.3333333333333286,4,0,1
0.8614649681528662,-16.33333333333333,-1,0,0
0.9896249002394254,12.833333333333336,-7,0,0
1.0010764262648009,24.5,6,0,0
1.1310679611650485,2.1666666666666714,-7,0,1
0.8576936558009113,9.666666666666671,-2,0,0
0.8135656041512231,-19.666666666666664,4,0,1
0.8780334068704696,-41.0,1,0,0
0.9778149853495186,-17.16666666666667,0,0,0
1.0582891748675245,-10.333333333333329,-1,0,0
0.9492347891004106,12.333333333333329,2,0,0
1.2426435118186203,-5.333333333333329,-3,0,1
1.1707762557077626,7.666666666666664,-1,0,1
0.9922630560928434,-4.333333333333329,1,0,1
1.177319587628866,17.33333333333333,2,0,1
1.0840998685939554,-12.333333333333336,-5,0,1
0.8683982683982684,-18.333333333333336,-4,0,1
0.9444850255661067,6.0,3,0,1
1.0608208955223881,8.0,-8,0,1
1.0256950294860994,5.333333333333336,1,0,0
0.7395348837209302,-27.66666666666667,-1,0,1
1.105303910181959,23.5,4,0,1
1.1140115163147792,30.0,3,0,1
1.04754230459307,-14.333333333333336,-2,0,1
1.1766917293233083,19.166666666666664,-1,0,0
0.7592592592592593,-21.500000000000007,5,0,0
1.0627539503386005,26.000000000000007,2,0,1
1.0761061946902655,8.0,0,0,1
0.952689041649818,-3.1666666666666643,2,0,0
1.2786177105831533,27.166666666666664,4,0,1
0.6989932885906041,2.8333333333333357,-1,0,1
0.8549918166939443,-9.5,6,0,0
0.6793478260869565,-19.000000000000007,-7,0,0
1.041359971959341,11.333333333333329,-2,0,1
0.9157342657342658,0.5,-8,0,1
0.9294532627865961,-17.66666666666667,3,0,1
1.1641721234798879,-8.333333333333336,2,0,0
0.8779983457402812,-17.666666666666664,0,0,0
1.2122331691297208,14.833333333333329,6,0,1
0.8198103266596417,8.166666666666657,3,0,1
1.0030792917628946,10.333333333333336,-4,0,0
0.9647819063004847,-2.0,5,0,1
1.3312678741658723,21.999999999999993,-7,0,0
1.2739972960793151,31.166666666666664,2,0,1
0.9290123456790124,10.333333333333329,0,0,1
1.2222222222222223,20.0,4,0,1
0.7649006622516556,-8.833333333333343,-5,0,0
0.8688639551192145,-13.0,-6,0,0
0.8626057529610829,-28.666666666666657,2,0,0
0.884393063583815,-1.1666666666666643,-8,0,1
0.9542056074766355,-18.666666666666664,-1,0,1
0.8805293005671078,-10.166666666666664,4,0,1
1.1491803278688524,11.166666666666664,5,0,0
1.1284185493460166,8.0,7,0,1
1.3025594149908593,49.833333333333336,1,0,1
1.16262024736601,-6.833333333333336,-3,0,1
0.8558046169287387,-7.999999999999993,-2,0,0
0.9934990439770555,13.166666666666664,-1,0,1
0.8192389006342494,-6.5,0,0,0
0.7454488386691777,-19.0,2,0,0
0.8831372549019608,-8.333333333333343,1,0,0
0.936373276776246,-13.5,2,0,0
0.9342560553633218,-14.000000000000007,9,0,0
1.079245283018868,-12.333333333333336,2,0,1
0.8696554586965546,-9.000000000000007,2,0,1
0.9383226776983828,-18.0,11,0,1
1.0036945812807883,-19.0,-5,0,0
1.001109057301294,-6.0,4,0,0
1.0602688919796013,8.666666666666664,1,0,1
0.8523654159869495,-29.833333333333336,3,0,0
0.9788494077834179,1.3333333333333357,-10,0,0
1.2532649253731343,8.666666666666664,4,0,1
1.3821966341895482,25.666666666666664,0,0,0
0.8794560823226755,-14.833333333333329,5,0,0
0.9266584260403791,-6.333333333333329,2,0,1
0.9412425149700598,14.5,4,0,0
1.0873044743543108,4.166666666666671,-1,0,0
0.9415584415584416,-8.333333333333336,0,0,0
0.999625468164794,-6.5,-1,0,1
1.1423987164059366,3.6666666666666643,2,0,1
1.0159906396255851,-1.8333333333333286,4,0,1
0.7801047120418848,-35.833333333333336,-3,0,1
0.9711815561959655,-17.999999999999993,2,0,1
0.8805436337625179,-16.166666666666664,-2,0,0
0.9431739431739432,-16.0,-4,0,1
1.04,-0.5,-11,0,0
1.0133967156439068,-13.000000000000007,-3,0,1
0.92075608869502,10.166666666666671,1,0,0
1.0467043314500941,24.166666666666664,1,0,1
0.9246073298429319,-8.333333333333329,4,0,0
0.8306135770234987,14.333333333333336,6,0,0
1.097612958226769,16.833333333333336,5,0,1
1.2507781236104936,-10.166666666666664,6,0,1
1.0487256371814093,-21.999999999999993,-5,0,0
0.696113074204947,-32.99999999999999,9,0,0
0.901039501039501,-2.5,-8,0,0
0.9783208513992905,24.666666666666664,6,0,1
1.1626095423563778,-6.166666666666671,-1,0,0
0.8132956152758133,-4.500000000000007,2,0,1
1.0529556650246306,-3.1666666666666714,2,0,0
1.1188455008488964,5.833333333333343,2,0,1
1.0678733031674208,2.666666666666657,5,0,1
1.0990774167669475,10.666666666666671,-7,0,1
0.8863554107853782,1.0,2,0,1
1.0611320754716982,-19.5,1,0,1
1.0344275420336269,5.666666666666671,-2,0,1
0.7486725663716814,-0.1666666666666643,-3,0,0
1.0013175230566536,-10.166666666666664,-2,0,0
1.003443822643134,8.166666666666664,-2,0,1
0.783249581239531,-2.5,2,0,1
0.949634093844167,5.333333333333329,-1,0,1
1.3284263959390863,1.6666666666666643,-2,0,1
0.8256062767475035,-20.500000000000007,-6,0,1
1.002997858672377,-18.333333333333336,-6,0,1
0.9327868852459016,-13.5,3,0,1
0.7114695340501792,-21.499999999999993,-3,0,1
1.15372487189594,9.166666666666671,-3,0,1
1.2711323763955342,8.833333333333329,4,0,1
1.0812023328847016,8.0,5,0,1
1.0688244047619047,17.666666666666657,-4,0,0
1.2422145328719723,12.999999999999993,6,0,1
0.845451223967848,1.3333333333333286,2,0,1
1.1914451827242525,28.66666666666667,3,0,0
0.9319727891156463,-15.0,4,0,0
0.9954545454545455,22.499999999999993,1,0,0
1.0960151802656546,36.333333333333336,3,0,1
0.8623942745608328,-8.333333333333343,4,0,0
0.6898714330511132,-27.000000000000007,5,0,0
1.1799075241698191,-12.499999999999993,-2,0,1
0.9969088098918083,-12.666666666666664,6,0,1
1.0755572346052134,-7.0,5,0,1
1.1886252045826513,2.8333333333333286,-3,0,1
1.0932336742722266,-8.833333333333329,-13,0,0
1.1308943089430894,-3.1666666666666714,-1,0,1
1.1167883211678833,17.166666666666657,-2,0,0
1.1921739130434783,25.833333333333336,0,0,0
1.0684345594525235,1.0,0,0,1
1.211280628756357,27.666666666666664,-1,0,1
1.257447754557581,11.833333333333343,5,0,1
1.120492151039457,5.166666666666664,5,0,1
1.176444833625219,-3.6666666666666714,-3,0,1
1.1670428893905191,-23.500000000000007,-1,0,1
0.8421455938697318,0.0,6,0,1
0.9811730629978277,16.333333333333336,1,0,1
0.7467186945725435,-28.833333333333336,1,0,0
1.0632264063226406,-3.666666666666657,3,0,1
1.4634146341463414,38.99999999999999,-5,0,1
0.919175911251981,-27.500000000000007,-1,0,1
1.155576382380506,5.666666666666671,-4,0,0
0.9678082191780822,1.6666666666666714,-1,0,1
0.8501237186284907,-13.333333333333329,-4,0,1
1.0693529639674544,-11.499999999999993,3,0,1
1.0781435938119794,0.5,4,0,0
1.1118446601941747,6.0,-3,0,0
0.9128226830300465,-4.5,1,0,1
0.947927031509121,4.166666666666657,-1,0,1
0.8158844765342961,-0.6666666666666643,5,0,1
1.0135685210312075,-34.83333333333333,-7,0,0
1.0592105263157894,6.833333333333329,2,0,1
0.8716408472968701,-3.8333333333333286,1,0,0
0.8536060279870828,-8.666666666666671,2,0,0
1.0513019821220366,14.0,0,0,1
1.0579825258141382,-2.0,2,0,1
0.7471391657438169,-1.0,9,0,1
0.8305851923698675,-6.333333333333336,-1,0,0
0.9254368932038834,-16.0,5,0,1
1.1018136850783182,-2.0,-2,0,0
0.9288446824789595,-41.33333333333333,-5,0,0
1.2674933569530558,11.333333333333336,0,0,1
0.8220372572334522,-13.000000000000007,-2,0,1
1.0061674008810573,-4.333333333333336,-2,0,0
1.3038239916186485,14.166666666666671,-2,0,1
0.7700534759358288,-11.666666666666657,-4,0,0
0.8200864649151979,-10.666666666666671,3,0,1
0.8290070045323444,-20.166666666666664,-9,0,0
0.902247191011236,8.0,-3,0,1
0.9481923220275811,-0.5,5,0,1
1.153737658674189,30.0,3,0,0
0.9789320741009807,-2.6666666666666714,-6,0,1
0.7877668308702791,-2.1666666666666714,-2,0,0
1.0154454022988506,-21.166666666666664,-1,0,1
0.8195808775376555,-15.833333333333336,-1,0,0
0.9906359734685914,11.500000000000007,2,0,0
1.1513021909880117,-1.3333333333333286,-4,0,1
0.9161816065192084,1.6666666666666643,12,0,1
1.2328840970350405,-1.8333333333333286,-4,0,0
1.027037773359841,-1.5,1,0,1
0.8542441663848495,-9.5,-4,0,0
1.0342052313883299,-9.5,-4,0,0
1.0177165354330708,14.5,-1,0,1
1.1389236545682102,-1.999999999999993,5,0,0
1.0635039223010834,-11.833333333333329,6,0,0
1.2087912087912087,22.66666666666667,-6,0,1
1.0997516556291391,13.5,11,0,0
0.9331560957083175,-7.5,4,0,1
1.1600571632725973,15.0,-6,0,1
1.134567901234568,27.166666666666664,1,0,0
1.0096346848655158,10.166666666666671,1,0,1
0.8547297297297297,-8.0,3,0,1
0.9449915110356536,23.83333333333333,8,0,1
1.1278504672897196,-2.333333333333343,4,0,1
1.011641910879165,17.666666666666664,-1,0,0
1.462953995157385,27.499999999999993,1,0,1
0.9627184466019417,4.333333333333343,-2,0,1
0.7287234042553191,-35.333333333333336,6,0,0
0.9625836943678614,12.333333333333329,0,0,1
1.2253917235837686,22.666666666666664,4,0,1
0.8969000348310693,-3.5,0,0,0
1.2080276219249029,-11.333333333333336,5,0,1
1.1817440912795436,-0.3333333333333428,4,0,1
0.8895324782788581,-17.333333333333336,-7,0,0
0.8615490061686086,-32.83333333333333,5,0,0
0.9970577418168445,9.833333333333336,7,0,1
0.9642992783896696,-1.8333333333333286,-2,0,0
1.2107496463932108,2.3333333333333357,2,0,1
1.0544515103338632,19.166666666666664,-2,0,1
1.2274774774774775,17.16666666666667,-1,0,1
0.9571322985957132,16.83333333333333,0,0,1
1.6105263157894736,21.66666666666667,-4,0,0
0.8245432609445019,-13.166666666666671,1,0,0
1.1640324647586502,4.5,8,0,1
1.240571655418817,6.0,-4,0,1
1.0712572798903734,-10.666666666666671,0,0,0
0.8968609865470852,-4.333333333333343,6,0,0
0.93376,-10.166666666666671,3,0,1
0.8728813559322034,30.333333333333336,-2,0,1
0.8194304857621441,-7.166666666666671,1,0,0
1.3302107728337236,17.5,4,0,0
0.7756820478275513,13.666666666666664,-2,0,1
1.0714580751755474,-10.499999999999993,7,0,1
0.8829231916480239,-7.500000000000007,4,0,1
0.9693363844393593,-7.333333333333336,4,0,1
1.0194667795175625,3.0,4,0,0
0.9222462203023758,-1.1666666666666714,-1,0,0
1.0617021276595744,9.666666666666671,2,0,0
0.9830633284241531,9.999999999999993,1,0,1
1.3519417475728155,9.166666666666664,0,0,1
1.0850661625708884,-14.333333333333336,-4,0,0
1.089579524680073,17.0,-8,0,0
1.1864734299516908,24.500000000000007,-1,0,1
1.0717969059896866,17.333333333333343,-1,0,1
0.9171974522292994,1.3333333333333357,0,0,0
0.9362637362637363,-2.6666666666666714,7,0,0
0.8830219333874898,-10.5,-4,0,0
1.168858869534305,16.666666666666657,-2,0,0
1.0235778443113772,17.16666666666667,1,0,0
1.0754639175257732,7.166666666666664,7,0,1
1.1146771037181995,3.3333333333333286,8,0,0
0.9017896115233522,31.0,0,0,0
0.9698744769874477,27.499999999999993,2,0,0
1.147774979009236,3.8333333333333357,-2,0,1
1.0752269779507133,22.5,2,0,0
1.0998293515358362,15.833333333333336,3,0,1
0.989010989010989,4.833333333333336,-4,0,0
0.8634146341463415,-24.83333333333333,7,0,0
0.8462738977760437,4.833333333333336,3,0,1
0.9721713658000732,0.0,-1,0,0
0.9370979270907791,-48.00000000000001,-4,0,0
0.9824775876120619,-22.000000000000007,1,0,0
0.9654545454545455,-13.333333333333329,-1,0,1
1.2898886827458256,23.000000000000007,0,0,1
0.9844863731656185,12.0,5,0,1
0.7767361111111111,-15.499999999999993,2,0,0
0.8464912280701754,1.5,-5,0,0
1.2238878143133463,8.166666666666671,2,0,0
0.9845031905195989,-5.166666666666664,-8,0,0
1.1604110813226094,14.0,-1,0,0
1.1486779367143476,6.500000000000007,3,0,1
1.0278201219512195,18.66666666666667,-2,0,0
1.1083000443852642,5.5,1,0,1
0.9949961508852964,13.666666666666664,3,0,1
1.0293478260869566,-9.000000000000007,1,0,1
0.8071428571428572,-22.999999999999993,0,0,0
0.825009248982612,0.1666666666666643,-5,0,1
1.135630178805059,20.0,4,0,1
1.0653674380836378,5.5,-2,0,0
1.0399159663865547,20.499999999999993,3,0,1
0.8013377926421404,-22.33333333333333,-6,0,0
1.0218774860779634,-3.0,-1,0,0
0.9466192170818505,3.3333333333333286,5,0,0
0.836582772066643,-16.166666666666664,6,0,0
1.1233573548113607,23.500000000000007,-2,0,0
0.804915514592934,7.0,2,0,0
1.0102618542108988,6.0,-6,0,0
0.8694267515923567,-26.5,0,0,0
0.863846427301813,-35.333333333333336,4,0,0
0.8587319243604005,9.833333333333329,-4,0,1
0.8951557093425605,-11.999999999999993,-6,0,1
0.8775150017649135,-9.5,9,0,1
1.1018644838562983,17.833333333333336,-4,0,1
1.1733870967741935,-7.666666666666671,2,0,0
1.0968460111317253,-19.66666666666667,-6,0,0
1.1486486486486487,12.333333333333329,2,0,0
0.9556514913657771,4.0,1,0,1
0.8162911611785095,-20.0,2,0,1
1.107371794871795,30.166666666666664,4,0,0
0.7571969696969697,-26.166666666666664,-6,0,1
1.2013979903888161,14.166666666666664,4,0,1
0.9601238869531552,-8.666666666666671,-7,0,0
1.3089860643921192,8.666666666666664,8,0,1
0.8807471264367817,-3.1666666666666714,2,0,1
1.2381861575178998,22.166666666666664,4,0,0
0.8875763747454175,26.499999999999993,-5,0,1
0.926693817104776,-2.0,-3,0,0
1.1401245551601424,-1.6666666666666714,-6,0,0
0.7988454706927176,-26.166666666666664,-5,0,0
1.0021497671085633,-5.0,-1,0,0
0.9022556390977443,15.666666666666664,0,0,0
0.9769687964338781,-8.833333333333336,9,0,0
0.9183993723028638,-16.500000000000007,-1,0,0
0.9116527037319117,4.166666666666671,0,0,0
0.9433368310598111,5.833333333333343,0,0,0
0.907132768361582,-6.0,3,0,0
0.892821368948247,-6.333333333333329,5,0,0
1.0032507110930515,8.666666666666671,-3,0,1
1.0925438596491228,5.833333333333336,-3,0,1
1.0624761904761906,1.8333333333333286,0,0,1
0.9245689655172413,2.833333333333343,2,0,1
0.957687338501292,3.5,1,0,1
0.9992500937382827,-15.833333333333329,-2,0,0
1.5010330578512396,-4.833333333333336,1,0,1
1.1010309278350516,25.833333333333336,2,0,1
0.7982912332838039,-9.499999999999993,-2,0,0
1.4057742782152232,29.999999999999993,4,0,1
0.8215286114445778,-17.666666666666664,4,0,0
0.9191629052113254,4.666666666666664,-1,0,1
0.9438837303189342,11.166666666666671,4,0,1
1.069422150882825,2.5,-3,0,1
0.9545251894783772,-5.5,0,0,1
0.9386321626617375,-1.6666666666666572,6,0,1
0.9145234493192134,14.833333333333329,-4,0,0
0.7484737484737485,-24.833333333333336,-6,0,0
1.375921375921376,3.1666666666666714,-4,0,0
1.0096674400618717,17.000000000000007,-3,0,0
0.8396089790007241,3.5,1,0,1
0.9658782473827064,5.5,5,0,1
1.2409195402298852,11.0,-3,0,1
0.9035460992907801,-4.333333333333343,-5,0,0
1.3546296296296296,0.3333333333333357,4,0,1
0.9877211989888046,13.166666666666671,-1,0,0
1.1842424242424243,36.166666666666664,1,0,0
1.0982658959537572,-25.333333333333336,-2,0,0
1.044059795436664,-1.8333333333333286,-6,0,0
0.9197231833910035,-12.666666666666657,4,0,1
0.9828178694158075,2.5,17,0,1
0.9771863117870723,-16.83333333333333,0,0,0
0.8760667903525047,-12.166666666666664,0,0,0
0.7002762430939227,-15.666666666666664,4,0,0
1.1957819339434939,18.0,-4,0,0
1.2070484581497798,18.833333333333336,1,0,1
1.062165500205846,3.1666666666666714,-8,0,0
1.1251980982567353,10.999999999999993,-2,0,1
1.0616844602609727,6.166666666666657,1,0,0
1.170609645131938,17.0,-2,0,0
0.9372858122001371,-10.5,1,0,0
1.1323313782991202,15.833333333333329,8,0,1
0.7595129375951294,-38.00000000000001,-9,0,0
1.0606430606430606,0.5,7,0,1
1.0085470085470085,-12.5,-1,0,1
1.0857142857142856,12.166666666666671,-6,0,1
1.130912162162162,49.0,-2,0,0
0.7153900210822206,-21.5,-1,0,1
1.008817046289493,-7.0,-2,0,1
0.8940170940170941,-6.666666666666671,0,0,0
1.1064638783269962,-3.0,-4,0,1
0.8288123167155426,-6.166666666666664,-2,0,0
0.6747994652406417,-36.99999999999999,-2,0,0
0.8458347735914276,4.333333333333329,0,0,0
1.333806146572104,4.833333333333329,3,0,0
0.8675182481751825,-0.4999999999999929,-3,0,0
0.71552,-36.666666666666664,-3,0,0
0.924520766773163,4.666666666666664,-2,0,0
1.1448516579406631,6.666666666666671,2,0,1
0.8623663332183512,3.1666666666666714,6,0,1
1.1084240225715438,-7.0,0,0,1
1.086276262852034,4.833333333333329,2,0,0
0.9824057450628366,9.666666666666657,-4,0,1
0.9637366968860859,16.000000000000007,5,0,1
1.0615316511730855,-10.666666666666664,3,0,1
0.7355085039916696,-4.833333333333329,2,0,0
0.876141761052247,-3.999999999999993,-5,0,0
1.0842477876106196,11.333333333333343,-5,0,1
1.0529634300126103,5.0,6,0,1
0.6879588839941263,-42.66666666666667,-2,0,0
1.076827757125155,10.999999999999993,-2,0,1
1.2535079513564078,21.333333333333336,3,0,1
0.8910400720396218,-9.833333333333336,-7,0,0
1.1396396396396395,47.0,4,0,1
1.0521856997627923,-1.1666666666666714,-1,0,1
0.7319162436548223,-28.0,-6,0,0
1.2849438202247192,35.5,5,0,1
0.9638306617344842,-12.0,5,0,1
1.0073937153419594,1.8333333333333286,1,0,0
0.6774755927475593,3.333333333333343,-7,0,0
0.8807843137254902,-7.666666666666664,-1,0,1
0.9058373870743572,-21.83333333333333,6,0,0
1.0643974241030358,14.666666666666664,2,0,0
1.118200408997955,4.166666666666664,-1,0,0
0.9360683760683761,-3.0,-2,0,1
1.1542576905929558,-2.000000000000007,4,0,1
1.0050632911392405,-8.166666666666664,-2,0,0
1.1059338908801275,16.33333333333333,6,0,1
1.1021505376344085,-3.833333333333343,-3,0,1
0.8715753424657534,0.8333333333333286,-2,0,1
1.127906976744186,22.333333333333336,0,0,1
1.0505087209302326,28.499999999999993,-2,0,0
0.8779931584948689,-29.500000000000007,4,0,0
1.003217733285663,-9.333333333333329,-1,0,0
1.0291820797369502,-10.499999999999993,0,0,0
1.2446808510638299,10.666666666666664,-3,0,0
0.9925343811394892,8.833333333333329,-3,0,0
1.031768953068592,-19.0,1,0,0
1.0603190428713858,-9.0,-3,0,0
1.401965601965602,25.999999999999993,3,0,1
0.8895348837209303,-0.5000000000000071,0,0,1
0.7946505608283002,-16.333333333333336,3,0,1
0.9709076803723817,-0.6666666666666714,-7,0,1
1.1468068535825544,-0.8333333333333286,-1,0,0
1.1354961832061068,-1.6666666666666572,4,0,1
0.981101068200493,5.166666666666671,-1,0,1
0.8581378299120235,-20.333333333333336,1,0,0
1.0078060805258833,-8.666666666666671,2,0,1
1.1520833333333333,-7.5,0,0,0
1.2650759219088936,14.833333333333336,-8,0,1
0.8913870632998963,-0.8333333333333286,0,0,0
1.5458435207823962,22.83333333333333,0,0,1
1.0745098039215686,27.66666666666667,2,0,1
1.0135458167330678,-12.000000000000007,3,0,0
0.8438356164383561,-8.000000000000007,0,0,1
1.0362290611608882,3.3333333333333286,5,0,1
0.6837881219903692,-26.0,2,0,0
0.802247191011236,4.833333333333329,-1,0,0
1.0741263678079773,25.16666666666667,14,0,1
1.3567720622935346,2.0,-6,0,1
1.4118203309692672,8.833333333333329,1,0,1
0.9865942028985507,-11.0,6,0,1
1.0574248541947062,8.5,0,0,1
1.2716417910447761,25.000000000000007,-3,0,1
0.9995969367190649,20.333333333333336,0,0,0
0.9096025325360535,-11.166666666666664,-1,0,0
1.1761032472939217,-5.833333333333336,0,0,1
1.0743045387994143,-22.833333333333336,-2,0,0
0.7868389180460235,-44.666666666666664,4,0,0
0.9310910582444627,-7.499999999999993,2,0,1
1.3023861171366595,31.666666666666664,-2,0,1
1.127265715387582,23.83333333333333,-4,0,0
0.937799043062201,-19.166666666666664,4,0,0
1.05736137667304,-18.83333333333333,-1,0,1
1.290249433106576,16.83333333333333,-4,0,1
0.988394584139265,16.16666666666667,2,0,0
0.7542033626901521,7.000000000000007,-1,0,1
0.9909668785547006,-25.166666666666664,-3,0,1
0.8492379058979457,15.5,0,0,1
1.0579584775086506,-8.833333333333336,5,0,0
0.7797945205479452,0.5,-2,0,0
0.8561861120902362,1.8333333333333286,-2,0,0
0.8021978021978022,-8.166666666666664,-3,0,0
0.9164334266293482,-10.833333333333329,-3,0,0
1.0198895027624308,3.0,1,0,1
1.0498374864572049,14.166666666666657,-5,0,0
0.6783216783216783,4.166666666666671,13,0,1
1.199823555359506,14.499999999999993,-2,0,1
0.9985102420856611,-13.666666666666671,-1,0,0
0.9227086183310533,-6.833333333333329,3,0,1
1.0247139588100687,-4.833333333333336,2,0,0
0.8696490551484767,-36.33333333333333,-2,0,1
1.3399076793957196,19.66666666666667,-2,0,1
0.9760394644115574,13.5,0,0,0
1.0039577836411608,20.833333333333336,-2,0,1
1.0096339113680155,-5.666666666666664,-3,0,0
0.771334431630972,-6.5,2,0,0
0.9355945121951219,-1.000000000000007,-4,0,1
1.2087123025370992,21.000000000000007,-6,0,1
1.0735353535353536,-8.5,1,0,1
0.9569377990430622,0.6666666666666714,2,0,0
1.0844748858447488,5.166666666666657,2,0,0
0.9330427892234548,-16.999999999999993,3,0,0
0.9254658385093167,-12.0,-2,0,1
1.145934065934066,15.333333333333336,0,0,0
0.8416206261510129,-4.5,3,0,1
0.9540942928039702,-4.0,1,0,1
0.8084602368866328,-28.666666666666664,-3,0,1
0.9622093023255814,10.166666666666671,5,0,0
1.0392964071856288,6.833333333333329,-13,0,1
0.9412602349590602,-37.833333333333336,-2,0,1
0.7621265036864571,-7.333333333333336,0,0,1
1.0344444444444445,-4.333333333333329,10,0,0
1.0925373134328358,30.666666666666664,0,0,1
1.1791630340017436,-12.333333333333336,-3,0,1
1.125057897174618,4.166666666666664,-12,0,1
1.029598308668076,-1.6666666666666714,1,0,1
0.9964119124506639,16.833333333333336,4,0,0
1.1017402945113788,20.16666666666667,8,0,0
1.024083769633508,0.8333333333333357,3,0,0
0.8635329795299469,0.6666666666666714,5,0,0
0.8633147113594041,-4.333333333333343,-1,0,0
0.9849122807017544,0.0,4,0,1
0.9549380398047315,-27.499999999999993,-5,0,0
1.2036814725890357,13.999999999999993,2,0,1
1.2161654135338347,34.49999999999999,-4,0,1
0.9149765990639626,1.5,-7,0,1
1.17012617012617,15.000000000000007,-1,0,1
0.8272138228941684,-15.666666666666671,-7,0,0
1.0557885906040267,-9.166666666666671,2,0,0
0.9027982326951399,-1.6666666666666643,1,0,1
0.9209100758396533,0.3333333333333286,-13,0,0
1.165367254821502,-2.0,9,0,1
0.8177178271965002,10.333333333333329,1,0,0
1.06058125255833,13.000000000000007,-4,0,0
0.8155444126074498,1.0,4,0,1
0.8070417673455299,-28.166666666666664,-4,0,1
1.2280351437699681,2.5,0,0,0
1.2240110395584176,22.500000000000007,3,0,1
1.0250883392226149,10.5,-2,0,1
0.7910342393222732,-37.333333333333336,7,0,0
1.0415078356628547,5.666666666666671,-1,0,1
0.9852295409181637,1.3333333333333286,5,0,1
0.8126047603084143,-8.333333333333329,-4,0,0
1.3042889390519188,29.333333333333336,4,0,1
1.1526520051746443,12.0,1,0,1
1.0688748685594112,-9.5,7,0,1
0.9844329132690882,-27.500000000000007,0,0,0
0.9183375865840321,-2.1666666666666714,-5,0,1
0.8804907004352988,-5.333333333333329,-3,0,1
1.0014836795252227,13.999999999999993,-2,0,1
0.7478448275862069,-8.666666666666664,3,0,0
0.8898643256185156,12.833333333333336,-1,0,0
1.0385852090032155,5.333333333333329,3,0,1
1.2198100407055632,-10.166666666666671,1,0,1
0.9323589394969408,-16.5,6,0,1
0.9770626497774735,18.16666666666667,3,0,1
0.8141495601173021,-19.499999999999993,2,0,0
1.0251428571428571,-4.833333333333329,-1,0,0
0.7859706362153345,-9.499999999999993,-1,0,0
0.8103318250377074,-31.5,-1,0,0
1.0013297872340425,16.83333333333333,-3,0,1
0.7443799854967368,-20.166666666666664,-4,0,0
0.9766105867870333,-2.3333333333333286,0,0,0
0.996866295264624,16.5,3,0,1
0.959916347159289,5.166666666666671,2,0,0
1.1716318363717209,8.5,-1,0,0
0.9946257197696737,-14.333333333333336,-6,0,0
1.1820715281003251,22.666666666666664,11,0,1
0.8471926083866382,14.833333333333336,2,0,0
1.1764705882352942,26.166666666666664,6,0,0
0.9717671662600209,-7.5,-3,0,1
1.0627266134880349,26.999999999999993,-4,0,0
0.9705762157744177,-8.833333333333336,-4,0,1
1.0036036036036036,1.1666666666666714,-2,0,1
0.949430676490288,-35.33333333333333,4,0,1
0.8870748299319728,-1.8333333333333428,-2,0,0
1.318297009630005,4.0,-3,0,1
0.6561004784688995,-21.0,3,0,0
1.026544821583986,4.000000000000007,-9,0,0
1.0866752910737387,-11.166666666666671,4,0,1
1.304914744232698,14.666666666666664,3,0,1
1.06796875,-2.333333333333343,0,0,1
0.8773972602739726,-8.0,-1,0,0
0.8444355803749501,-7.166666666666664,1,0,1
1.129981884057971,-7.833333333333329,-2,0,0
1.1274692508386135,5.333333333333336,2,0,1
1.0712177121771218,1.6666666666666572,2,0,0
1.125879593432369,-10.333333333333343,1,0,1
0.9210040605389442,-1.3333333333333428,12,0,0
0.9672131147540983,6.333333333333343,-4,0,1
1.063434196135618,56.99999999999999,7,0,0
0.7853354134165367,-2.0,-1,0,0
0.8627748294162244,-49.333333333333336,-4,0,0
0.9183673469387755,14.166666666666671,2,0,0
1.1807592752372735,19.833333333333336,0,0,1
0.8348214285714286,-30.499999999999993,-1,0,0
0.9408194233687405,-1.0,5,0,0
0.8526315789473684,-20.5,1,0,0
1.0592532467532467,3.0,-1,0,0
1.293816631130064,-6.333333333333336,-2,0,0
0.9404437524328533,-1.5,-3,0,0
0.9051282051282051,6.333333333333336,0,0,1
0.9307747489239598,3.1666666666666714,2,0,0
1.0107784431137725,-26.0,2,0,0
0.9260081391046985,4.0,-1,0,0
0.922752808988764,8.333333333333329,1,0,1
0.9813953488372092,-4.333333333333343,2,0,1
1.031594975256947,17.999999999999993,-4,0,0
1.2934990439770555,1.1666666666666714,-8,0,0
1.1434177666785588,41.333333333333336,-7,0,0
1.0910973084886129,35.5,3,0,1
1.028735632183908,-4.833333333333329,2,0,1
1.0713539853811347,-12.0,-2,0,0
0.6779119318181818,-16.500000000000007,2,0,0
0.9253456221198156,8.833333333333336,0,0,0
0.9253065774804905,-13.166666666666657,5,0,1
1.150095238095238,2.8333333333333286,4,0,0
0.9893939393939394,-18.833333333333336,1,0,0
0.8423513694054776,-3.5,5,0,0
1.2826571555951851,12.999999999999993,-3,0,1
1.1485389610389611,11.833333333333336,2,0,0
0.9558823529411765,27.333333333333336,0,0,1
0.9804469273743017,15.833333333333336,-1,0,0
0.8675521821631879,10.666666666666664,-1,0,1
0.9373881932021467,23.333333333333336,1,0,0
0.9991830065359477,-17.166666666666664,0,0,1
0.8904290429042905,-28.66666666666667,6,0,0
1.0123456790123457,5.166666666666671,-1,0,0
1.15688622754491,-4.666666666666671,1,0,0
0.8828685258964143,-6.166666666666664,6,0,0
0.9931766489764974,1.5,-2,0,0
1.2228057014253564,16.5,0,0,1
0.6726758571933545,-37.66666666666667,-2,0,0
1.077570093457944,17.999999999999993,-7,0,1
0.8901665344964313,-24.0,-3,0,1
1.0482474226804124,8.5,0,0,1
1.010432766615147,-9.666666666666664,-3,0,0
1.162109375,15.0,-2,0,0
0.944868238557559,-26.833333333333336,10,0,1
0.8618951612903226,-4.333333333333329,8,0,1
1.0548936170212766,6.333333333333336,-2,0,1
1.0031225604996097,-28.16666666666667,-8,0,1
1.4003768252472917,16.666666666666664,-4,0,1
0.9290441176470589,-2.666666666666657,-5,0,0
0.8089851325145443,3.1666666666666714,-5,0,1
0.948203302039495,-5.0,2,0,0
1.0294953802416489,22.83333333333333,-7,0,1
0.7516466485858194,3.500000000000007,0,0,1
1.0562336530078467,10.0,2,0,1
1.0754486133768353,-2.3333333333333286,1,0,0
1.2948255114320095,20.66666666666667,-2,0,1
0.959731543624161,9.666666666666657,-4,0,1
0.8794007490636704,19.499999999999993,2,0,0
0.95,-9.0,-10,0,1
0.9384378607156598,-24.33333333333333,5,0,0
1.014963503649635,9.666666666666671,3,0,0
0.7125097125097125,13.0,4,0,1
1.0365126676602086,-1.5,-5,0,1
0.9653406853091768,-10.333333333333343,-5,0,0
0.7706511175898931,5.166666666666671,-3,0,0
1.1728971962616823,16.000000000000007,5,0,1
1.0439321444106133,-8.0,5,0,1
1.2364956876985929,11.999999999999993,0,0,1
1.2584410170904543,-0.5,-7,0,0
0.8881188118811881,-14.500000000000007,-5,0,0
1.040059347181009,7.166666666666671,7,0,1
0.9150675195451314,-11.333333333333329,-3,0,1
0.7485578554462164,-11.166666666666664,5,0,0
1.146090534979424,-4.666666666666664,-17,0,0
1.0871985157699444,3.0,-6,0,0
1.2804133395960544,10.166666666666664,-5,0,0
1.0843900306077832,25.666666666666664,-1,0,0
1.0318767908309456,9.666666666666664,1,0,1
1.1578293289146644,32.5,-2,0,0
0.8736205055179779,-25.999999999999993,6,0,1
1.2134670487106016,-7.5,-4,0,1
0.8863636363636364,6.666666666666664,-3,0,1
1.0574198359433258,-20.500000000000007,3,0,0
1.1978731484998102,15.0,1,0,1
1.262645011600928,13.666666666666664,-2,0,1
0.9677990092002831,-4.5,2,0,1
0.9803690616411465,-32.333333333333336,0,0,0
1.0300601202404809,-18.833333333333336,-1,0,1
1.20304114490161,-15.333333333333336,-1,0,1
0.7443961191033791,-29.83333333333333,4,0,0
0.8754039497307001,-25.0,-3,0,1
1.2088392423506558,5.666666666666664,9,0,1
1.1100806451612903,11.666666666666664,-5,0,1
0.9936401047512159,18.166666666666664,6,0,0
0.7274956217162872,-18.16666666666667,-3,0,1
0.9682220434432823,-0.8333333333333357,1,0,0
0.6409947853991176,-27.33333333333333,3,0,0
0.9343891402714932,-4.666666666666671,-1,0,1
1.0329985652797704,-3.8333333333333286,3,0,1
0.7915632754342432,12.666666666666671,-2,0,0
0.7169414240617328,-4.166666666666664,3,0,0
0.9764462809917356,1.8333333333333357,0,0,0
1.1478412559965112,15.666666666666657,-6,0,0
0.8202839756592292,-15.833333333333329,-4,0,0
0.9782608695652174,-4.333333333333336,-2,0,0
0.947588302316749,9.833333333333343,1,0,0
1.148462783171521,4.5,-1,0,0
0.7486725663716814,-30.500000000000007,-4,0,0
0.9383620689655172,8.666666666666671,3,0,1
0.9942133815551537,-17.166666666666664,-1,0,0
1.0973597359735974,4.833333333333343,-2,0,0
0.9928656361474435,-4.166666666666664,6,0,0
1.275233874938454,6.833333333333336,-2,0,0
1.088211382113821,13.333333333333336,2,0,1
0.8163908589440504,-11.166666666666664,5,0,0
0.797962648556876,-50.833333333333336,2,0,0
0.9149277688603531,-7.0,2,0,0
1.13247311827957,17.333333333333336,8,0,0
1.0504963314630988,-13.499999999999993,1,0,1
1.087227414330218,17.833333333333336,-3,0,1
1.4708716600963645,18.16666666666667,5,0,1
0.6632085957762134,-13.833333333333336,6,0,0
1.3380070105157738,37.0,-6,0,1
0.9003503308680421,-10.500000000000007,-6,0,0
0.9009107468123861,-9.666666666666671,8,0,1
0.9783393501805054,-10.333333333333343,2,0,0
1.1388888888888888,17.33333333333333,-7,0,1
1.0580046403712298,3.3333333333333286,-5,0,1
0.891151919866444,0.6666666666666572,1,0,1
0.9814471243042672,7.833333333333336,-4,0,0
0.8245445829338447,-9.333333333333329,2,0,1
0.6417560321715817,-17.833333333333336,0,0,0
0.8549618320610687,3.5,-5,0,1
0.8439108061749572,-13.5,7,0,1
1.2048140043763675,15.0,-1,0,0
0.9541666666666667,-29.166666666666664,-1,0,0
1.1071583514099783,-24.499999999999993,-1,0,1
0.842436974789916,3.6666666666666643,4,0,0
1.0852272727272727,5.333333333333343,-11,0,0
0.8965275341985268,-37.333333333333336,0,0,0
0.85423197492163,-12.666666666666664,-1,0,1
0.880220646178093,-3.666666666666657,-3,0,1
0.9524969549330086,20.333333333333336,2,0,1
1.0540650406504064,-18.833333333333336,1,0,1
1.2605042016806722,30.333333333333336,-2,0,1
0.8312575331458417,13.500000000000007,-8,0,0
0.8653723742838956,0.1666666666666572,4,0,1
0.8300970873786407,-11.500000000000007,-6,0,0
0.9044609665427509,-10.333333333333329,3,0,0
1.1006581494386372,14.333333333333329,4,0,0
0.8254716981132075,1.3333333333333357,-1,0,0
1.2049224184055645,17.83333333333333,6,0,1
1.0269953051643192,0.3333333333333286,-2,0,1
0.9719694211867492,-28.833333333333336,2,0,0
0.8481600571632726,11.5,1,0,1
0.9882478632478633,1.1666666666666714,-5,0,0
0.8547963206307491,-19.833333333333336,2,0,1
0.954213158907272,-15.833333333333329,-1,0,0
0.9662447257383966,21.166666666666664,0,0,1
0.8781261007396971,-13.666666666666657,6,0,0
1.1242484969939879,6.833333333333343,3,0,0
1.147452114203108,8.666666666666671,-2,0,0
1.0093562874251496,2.3333333333333286,-7,0,1
0.9927392739273927,-21.0,3,0,1
1.152645273200347,2.8333333333333357,-2,0,0
1.044811320754717,-2.0,-1,0,1
1.0446096654275092,6.666666666666657,0,0,1
1.0355029585798816,-12.833333333333329,3,0,1
0.868632707774799,0.1666666666666643,-1,0,0
0.8051359516616314,2.6666666666666714,5,0,0
1.016095890410959,-4.833333333333343,6,0,0
0.8320297951582868,15.166666666666664,-4,0,1
0.6737373737373737,-32.0,5,0,0
0.9363704819277109,-16.16666666666667,2,0,0
0.8105263157894737,-15.666666666666657,-5,0,0
0.9137996219281663,3.5,0,0,1
0.8721244925575101,29.833333333333336,8,0,1
1.116652211621856,29.5,-8,0,0
0.8662926601215521,-13.666666666666671,1,0,0
1.186752529898804,40.66666666666667,-7,0,1
0.949811320754717,11.166666666666671,7,0,1
0.8631295655517108,26.5,-2,0,0
1.0637785800240673,16.833333333333336,3,0,1
0.9757023538344722,-17.499999999999993,-8,0,1
1.227535037098104,35.33333333333333,4,0,0
0.8741007194244604,-2.1666666666666714,2,0,1
0.9723171565276828,2.1666666666666714,5,0,0
0.8385922330097088,-7.166666666666671,-9,0,0
1.0852778956300382,22.33333333333333,-3,0,0
0.9935135135135135,-13.5,10,0,1
1.0219530658591975,-17.16666666666667,0,0,0
1.2018268812527186,-8.0,-6,0,1
0.9959758551307847,-3.5,-6,0,0
1.036707882534776,-12.833333333333329,-4,0,0
0.9049660593068953,-15.166666666666664,-7,0,0
0.9188417618270799,-15.833333333333343,6,0,0
1.0038247566063978,10.5,4,0,1
0.8860759493670886,-30.333333333333336,-3,0,0
1.1536705971852415,-31.333333333333336,-3,0,1
0.956122022565817,-1.5,-1,0,0
0.8596622889305816,-4.0,-2,0,1
1.2057142857142857,29.16666666666667,-9,0,1
1.0322061191626408,-10.0,2,0,0
1.0,1.8333333333333357,2,0,1
1.0229468599033817,-32.50000000000001,-3,0,0
1.2129186602870814,8.333333333333329,-4,0,0
0.8783211397766654,-5.000000000000007,-4,0,0
1.1835973904939423,15.0,1,0,0
1.0492733073378235,21.33333333333333,-3,0,0
1.0359392367543534,10.5,3,0,1
1.0130850528434827,-12.0,-1,0,1
0.9652777777777778,-8.166666666666671,1,0,0
1.2805247225025227,16.166666666666664,-2,0,1
1.2658730158730158,28.166666666666664,-3,0,1
1.0111441307578009,13.0,-9,0,0
1.0310805926996747,-4.5,2,0,0
0.9915966386554622,4.333333333333336,-7,0,0
1.2526539278131634,-10.333333333333336,-4,0,1
1.0232273838630808,23.166666666666664,4,0,1
1.187821273230526,3.3333333333333286,-3,0,1
1.082975064488392,-9.666666666666657,-1,0,1
0.928623188405797,-18.500000000000007,2,0,1
1.127326565143824,-4.333333333333336,-2,0,0
0.8896125040703354,-32.16666666666666,-13,0,0
0.9231360491929285,6.333333333333329,5,0,1
0.7377155873739017,-30.833333333333343,0,0,0
0.7452440033085195,-0.1666666666666643,0,0,0
1.3169198533263489,2.0,3,0,1
0.8313648293963255,1.1666666666666714,3,0,0
1.1955933513722459,2.1666666666666714,-1,0,0
0.9529366005445352,3.499999999999993,-1,0,1
1.1892127011744236,9.666666666666671,-1,0,1
0.8303599374021909,-9.666666666666657,-17,0,0
1.0438661710037174,6.833333333333329,3,0,0
1.059488692232055,11.0,6,0,0
1.04989604989605,-5.166666666666671,4,0,0
0.9165241190557646,-21.83333333333333,-4,0,0
1.0513501549358124,7.833333333333336,7,0,1
1.207182320441989,-2.1666666666666643,0,0,1
1.064750957854406,12.666666666666671,-7,0,0
1.288240495137047,36.33333333333333,4,0,0
0.8041904761904762,-35.83333333333334,1,0,1
1.0307758994364977,20.0,-3,0,1
1.238631442182763,22.16666666666667,0,0,0
0.8246515040352165,7.333333333333329,0,0,1
1.1013610315186246,10.833333333333329,-2,0,0
0.9397865853658537,3.3333333333333286,1,0,1
0.8819776714513556,-15.166666666666671,-4,0,0
1.1332569683085147,11.333333333333343,-4,0,1
0.9691119691119691,6.5,-6,0,0
1.1760628465804066,-11.5,-4,0,1
1.270117266477962,7.166666666666671,-3,0,1
0.8134513274336284,8.333333333333336,-2,0,1
0.9710144927536232,13.166666666666671,2,0,0
0.896795672076571,-27.33333333333333,0,0,0
0.8683431952662722,-17.0,2,0,0
1.1854945054945054,13.833333333333343,5,0,1
1.1794871794871795,40.83333333333333,-1,0,0
1.1239923224568138,6.333333333333343,5,0,1
1.0992765273311897,13.666666666666671,3,0,1
0.7668308702791461,1.6666666666666572,4,0,0
1.1642857142857144,17.333333333333336,0,0,1
1.0252758988964044,-0.5,-4,0,1
0.9722627737226277,-23.66666666666667,-4,0,1
0.7495897604200853,-44.33333333333333,3,0,0
0.9698838896952104,7.166666666666671,-1,0,1
0.8908145580589255,-6.833333333333329,0,0,0
0.9308108108108109,-20.500000000000007,2,0,0
1.0825892857142858,-10.5,0,0,1
0.8746830858384643,-21.166666666666664,-2,0,0
0.9036697247706422,-3.0,4,0,1
1.021671826625387,1.8333333333333357,3,0,1
1.1445871559633027,10.333333333333329,-2,0,0
0.8575916230366493,-16.166666666666664,3,0,1
1.102803738317757,16.333333333333336,0,0,0
1.0052104208416834,-7.666666666666664,-2,0,0
0.995777621393385,12.0,0,0,0
0.9657434402332361,4.5,0,0,1
0.9734660033167496,-11.5,-3,0,0
0.9315023163467903,0.6666666666666714,0,0,1
0.8899156287665729,-26.33333333333333,-1,0,1
1.3163220413550374,32.49999999999999,0,0,1
1.1512841091492776,2.5,-3,0,0
0.9719507012324692,1.3333333333333286,1,0,0
0.9400749063670412,9.666666666666671,5,0,1
1.2936580882352942,21.999999999999993,4,0,1
1.1224489795918366,1.6666666666666572,-3,0,0
0.9487179487179487,-5.666666666666664,1,0,0
1.084706784208509,-12.0,-8,0,0
0.7259475218658892,-3.8333333333333286,1,0,0
0.69376,-51.666666666666664,-9,0,0
1.0420882233913396,-9.166666666666664,-3,0,1
0.9619389587073609,-12.333333333333329,1,0,0
1.029940119760479,10.499999999999993,-2,0,0
0.7913816689466484,-30.166666666666664,-1,0,0
0.8003514938488576,-21.833333333333336,-5,0,0
0.9991732120711038,-8.0,3,0,0
0.9896749521988528,5.0,-1,0,1
1.0446980504041845,0.1666666666666643,1,0,1
1.0693153000845308,2.5,5,0,0
0.8333979077876792,-4.5,5,0,1
0.8312178387650085,6.833333333333343,2,0,0
0.8533333333333334,-23.833333333333336,1,0,1
0.8076923076923077,-7.833333333333336,-1,0,0
0.88823297914207,-28.333333333333336,-7,0,0
1.0236933797909407,7.666666666666671,11,0,1
1.1331709297604546,2.5,5,0,0
0.8553607552258935,-19.000000000000007,10,0,0
1.2426008968609865,15.0,9,0,1
1.3917808219178083,12.666666666666664,0,0,1
0.8642567318332719,-4.0,-1,0,1
1.362428842504744,44.0,6,0,0
0.9895791583166332,1.3333333333333286,2,0,0
0.8440838939453897,-5.166666666666671,1,0,0
0.9700620664476086,-23.666666666666664,4,0,1
0.8288052373158756,-10.333333333333329,-1,0,1
0.965183752417795,10.0,0,0,1
0.9372050816696915,16.833333333333336,-7,0,1
0.8242894056847545,-29.999999999999993,0,0,0
0.9532,11.166666666666664,-3,0,0
0.8318965517241379,-27.66666666666667,1,0,0
0.9214018373596461,12.499999999999993,5,0,0
0.9810408921933086,-12.833333333333343,1,0,0
1.3861845155308299,-1.3333333333333286,5,0,1
1.0542857142857143,-0.8333333333333357,-3,0,0
1.1729857819905214,11.333333333333336,2,0,1
1.0061162079510704,17.833333333333336,3,0,0
1.3808125305922663,-0.5,5,0,0
0.7647058823529411,-7.666666666666671,-3,0,0
0.7853571428571429,0.8333333333333428,-1,0,0
0.8127022653721683,-18.33333333333333,0,0,0
1.0909090909090908,-4.833333333333329,0,0,0
0.9024064171122995,-34.66666666666667,-5,0,0
0.8466923346167309,-11.166666666666671,-3,0,1
0.8127236580516899,1.6666666666666714,-2,0,0
0.6814345991561181,2.1666666666666714,-3,0,1
0.808876449420232,-12.333333333333336,4,0,0
0.8813913043478261,19.166666666666664,2,0,1
0.7253867791842475,-10.666666666666671,5,0,1
1.0321255136346656,-16.666666666666664,-4,0,1
0.9384669479606188,-3.8333333333333286,-5,0,0
0.8865682391069499,11.833333333333343,-3,0,0
0.9112202493388742,-14.333333333333343,-3,0,1
1.0306451612903227,-10.500000000000007,3,0,0
0.8633451957295374,-8.833333333333343,4,0,0
0.8142305215711526,-9.166666666666671,-4,0,0
1.081487044686444,20.500000000000007,3,0,1
0.9389580093312597,-20.33333333333333,-8,0,0
0.8663161847540368,-27.5,-5,0,0
0.9327242524916943,-2.5,5,0,0
0.7970183486238532,-15.333333333333336,-5,0,0
1.3665943600867678,14.833333333333336,-1,0,0
1.1509037410676755,2.6666666666666643,-1,0,1
0.8970873786407767,1.8333333333333428,3,0,0
1.1845814977973568,12.5,3,0,1
0.8444244604316546,-11.333333333333329,-5,0,0
1.334111059262716,4.166666666666671,2,0,1
0.9695603156708005,-29.83333333333333,-6,0,0
1.174655908875178,29.33333333333333,-2,0,1
1.3664535169699952,0.3333333333333357,1,0,1
0.8705706825811265,3.499999999999993,1,0,1
1.1285594639865997,11.5,1,0,1
0.8857254290171607,-7.333333333333336,5,0,0
0.898360655737705,14.333333333333336,1,0,0
1.0379984951091046,-10.333333333333336,1,0,0
0.8376005852231163,-21.16666666666667,-3,0,0
1.0716417910447762,8.833333333333336,-1,0,1
1.0955465587044535,18.666666666666664,-6,0,0
0.7495320104829651,-8.666666666666671,7,0,0
1.1754166666666668,-9.833333333333329,3,0,0
0.9029126213592233,-11.500000000000007,-5,0,0
1.0172231985940245,-14.333333333333343,1,0,0
1.0995670995670996,8.833333333333329,-4,0,0
1.1993127147766323,-9.666666666666671,3,0,1
1.3269133299543843,16.66666666666667,-5,0,0
0.9913696060037523,-4.833333333333329,0,0,1
0.9027380465876583,2.6666666666666643,4,0,1
1.0508617065994115,-27.666666666666664,-4,0,0
1.1678169269887395,21.5,3,0,1
1.1974965229485397,21.499999999999993,1,0,1
1.0857260049220672,-6.5,7,0,1
0.8301369863013699,-7.333333333333336,-9,0,0
1.1991978609625669,16.333333333333336,-3,0,1
1.6307099614749587,35.49999999999999,1,0,0
1.0613964686998394,-2.333333333333343,0,0,1
1.5410526315789475,26.999999999999993,-2,0,0
0.9557326250553342,13.5,7,0,0
0.931893079458074,21.333333333333336,3,0,1
1.0577830188679245,-8.0,7,0,0
0.9666666666666667,-11.666666666666664,5,0,0
1.0324324324324323,-7.0,3,0,1
1.4538421866941722,24.666666666666664,3,0,1
0.941594317284925,-22.333333333333336,11,0,0
0.8919797687861272,-8.666666666666664,-6,0,0
0.9797008547008547,-15.166666666666664,1,0,1
0.950794265788454,11.833333333333336,0,0,0
1.1406175771971496,19.666666666666664,-4,0,0
1.194679054054054,10.000000000000007,-9,0,1
1.1713717693836978,-6.833333333333329,0,0,1
0.8470244614822928,-4.166666666666657,-3,0,1
0.9905178701677607,-10.5,5,0,1
0.9631517052136417,-30.16666666666667,1,0,1
1.0939679934345508,24.5,5,0,1
0.9260960334029228,-13.5,0,0,0
0.9921016483516484,18.83333333333333,-8,0,0
1.1070030448020878,6.333333333333329,6,0,1
0.708763745418194,-45.66666666666667,-5,0,0
1.1670692431561998,12.166666666666664,6,0,1
1.158173076923077,19.666666666666664,12,0,0
1.0086142322097378,-14.333333333333336,-5,0,0
0.8823529411764706,-15.999999999999993,5,0,0
1.4471153846153846,28.166666666666664,3,0,1
1.2079566003616637,12.0,0,0,1
0.8482047635975827,-19.500000000000007,2,0,0
1.2741573033707865,29.16666666666667,-2,0,1
1.010108573567952,-9.333333333333343,4,0,0
0.8419928825622776,-26.499999999999993,-1,0,0
0.9385126713751558,-15.5,-1,0,1
0.931899641577061,-2.3333333333333286,5,0,1
1.0188753440817933,-9.666666666666671,0,0,1
1.0145522388059702,10.166666666666671,-1,0,0
0.938089845224613,-6.5,-8,0,1
1.0377358490566038,-15.000000000000007,1,0,1
1.0307328605200945,7.833333333333343,-4,0,0
0.9113207547169812,0.6666666666666714,-3,0,1
1.0026425066062665,22.5,-3,0,1
0.8719844357976654,-26.000000000000007,2,0,0
0.9875201288244766,2.3333333333333286,-1,0,0
0.9162977867203219,5.666666666666671,5,0,1
1.0137207425343018,2.8333333333333286,-3,0,0
0.7902173913043479,-40.333333333333336,-2,0,1
0.7407407407407407,-16.833333333333336,2,0,0
0.7880696554279363,-14.833333333333336,-5,0,0
0.9456083803384367,-0.8333333333333428,1,0,1
0.9535885167464114,11.0,-2,0,1
1.2894860914662896,-6.666666666666664,0,0,1
1.142728093947606,10.5,-6,0,0
0.8136449778900822,-9.333333333333329,4,0,1
0.9543057996485061,14.666666666666664,-6,0,1
0.8787756745871929,-6.0,1,0,1
0.8469520103761349,-24.66666666666667,8,0,1
0.9936025589764095,4.166666666666664,-5,0,0
0.8686371100164204,-4.666666666666671,-5,0,0
1.2878455462922334,27.66666666666667,4,0,0
1.0478036175710594,-8.666666666666664,-3,0,1
1.1563941299790357,-9.333333333333336,7,0,1
1.0257847533632287,19.0,1,0,1
1.2403536977491962,15.833333333333336,0,0,1
0.8821292775665399,-8.5,-5,0,1
1.036834427425237,-10.666666666666671,-3,0,0
0.8580060422960725,-26.33333333333333,-4,0,0
1.132973944294699,29.999999999999993,-5,0,1
1.0225208863058481,7.166666666666657,5,0,1
0.883859649122807,12.666666666666671,0,0,0
1.1101105198526402,-5.666666666666671,-1,0,0
1.0401841774801173,9.666666666666671,0,0,1
1.1047475508666165,-6.333333333333343,1,0,1
1.0104942450914014,-2.5,0,0,0
0.8757246376811594,9.0,-5,0,0
0.97890625,12.833333333333336,9,0,1
0.9328413284132842,-12.333333333333336,-1,0,0
1.3266145619086795,24.0,-1,0,1
0.9983916365098512,4.5,-3,0,1
1.1945823927765238,11.499999999999993,-5,0,0
0.9551851851851851,4.333333333333329,-1,0,1
1.1224171539961014,9.166666666666657,-1,0,1
0.9810737736577829,8.833333333333336,-3,0,0
0.9604743083003953,-0.5,1,0,1
1.1144981412639405,18.666666666666664,3,0,1
1.163716814159292,1.0,-12,0,0
1.007806691449814,-9.333333333333343,-5,0,1
1.28372539606337,14.500000000000007,2,0,1
1.2569593147751605,28.0,-3,0,1
1.1877875365955668,17.16666666666667,-5,0,0
1.0450147244425747,17.833333333333336,2,0,0
1.044770206022187,-11.5,-5,0,0
1.1364985163204748,-10.833333333333336,1,0,1
0.833627070849489,-2.1666666666666714,6,0,0
0.7365853658536585,-32.83333333333333,-1,0,0
0.9945119560956488,-8.166666666666671,-3,0,1
0.8425925925925926,0.1666666666666572,2,0,1
1.2454873646209386,9.0,2,0,1
1.0329625051503915,-12.499999999999993,-4,0,0
1.2021660649819494,-6.333333333333329,4,0,1
0.8405698778833107,-10.333333333333329,-4,0,0
1.1743007701661938,5.666666666666671,-3,0,1
1.1614117647058824,10.5,1,0,1
0.9667093469910372,5.0,1,0,1
1.1019458544839256,2.3333333333333286,-5,0,1
0.8204129333852747,13.999999999999993,16,0,1
0.7303125,-11.666666666666657,-4,0,0
0.6332703213610587,-6.333333333333336,-6,0,0
1.0620915032679739,4.0,-5,0,1
1.144100580270793,10.166666666666664,2,0,0
0.9336413271734565,3.1666666666666643,-3,0,1
0.8625490896108533,-11.833333333333329,0,0,1
0.9771573604060914,28.16666666666667,3,0,1
0.9232558139534883,-7.833333333333329,-4,0,0
1.1360218728639782,1.6666666666666714,3,0,0
0.9804347826086957,13.999999999999993,1,0,1
1.0022988505747126,1.6666666666666714,6,0,0
1.02882159795695,18.833333333333336,1,0,0
1.1633416458852868,30.833333333333336,-1,0,0
1.4173739390913629,2.1666666666666714,-5,0,0
1.2741617357001973,32.83333333333333,6,0,1
1.0276479750778815,3.1666666666666643,1,0,0
0.9390444810543658,-2.3333333333333286,9,0,1
1.0398799313893654,20.66666666666667,7,0,0
1.0209606986899564,8.833333333333336,5,0,0
0.9299492385786802,10.0,-3,0,1
1.0889634913973982,9.333333333333343,4,0,0
0.7613559322033898,-20.33333333333333,2,0,0
1.0047694753577106,-1.3333333333333428,2,0,1
0.9978954752718344,-2.6666666666666714,-6,0,0
0.9848242811501597,0.5,-2,0,1
1.34375,25.83333333333333,-4,0,0
0.9827015090172985,-15.666666666666671,-1,0,1
0.9438931297709924,9.833333333333329,7,0,1
0.959332638164755,5.166666666666671,-1,0,1
0.8328445747800587,-4.5,-2,0,0
1.0770410118819471,7.166666666666671,0,0,1
1.0575010808473844,-6.833333333333329,6,0,1
0.9745173745173745,-19.5,-1,0,1
1.1878850102669405,22.16666666666667,-1,0,1
1.0597496972143723,-16.66666666666667,-6,0,0
1.018348623853211,-13.500000000000007,0,0,1
0.753099539496989,-11.333333333333329,4,0,0
0.985544848035582,3.0,-3,0,1
1.1014115898959882,27.5,3,0,1
0.9499793303017776,-14.833333333333336,-7,0,0
1.265546218487395,8.166666666666671,-1,0,1
1.075268817204301,-13.333333333333336,2,0,0
1.0659694288012873,18.0,5,0,0
1.0393258426966292,16.333333333333336,-2,0,0
1.3042168674698795,6.833333333333329,-1,0,1
1.182995951417004,10.666666666666664,-2,0,1
1.1571753986332574,-6.833333333333329,-2,0,1
1.0643923240938167,11.333333333333336,10,0,1
0.9650135869565217,-13.5,-4,0,0
0.7386239534037131,-26.166666666666664,-1,0,0
1.17430441898527,11.833333333333336,-5,0,1
1.0252808988764044,-11.333333333333336,-1,0,0
0.9098389982110913,-9.0,-1,0,0
1.117829457364341,15.5,-2,0,0
0.8773907103825137,9.666666666666671,-3,0,0
0.8380681818181818,-20.166666666666664,3,0,0
0.7175358767938397,-46.666666666666664,6,0,0
0.9970662196144174,-2.8333333333333357,4,0,1
1.28442663995994,-13.666666666666664,-3,0,0
1.1092592592592592,6.5,1,0,1
0.9506802721088435,21.33333333333333,5,0,0
0.8571428571428571,-13.333333333333336,5,0,1
1.392554194156456,28.33333333333333,-1,0,1
0.9500734214390602,-0.8333333333333286,-7,0,0
1.070799706529714,-3.6666666666666714,-4,0,1
1.478471214320271,25.833333333333336,-1,0,1
0.7983612397577485,-3.8333333333333286,-9,0,0
1.2013729977116705,-5.666666666666671,-4,0,1
0.9723113964686998,11.5,-6,0,0
0.8985457063711911,-20.33333333333333,-2,0,0
0.9023055881203595,5.666666666666664,3,0,1
0.9401941747572815,-7.0,-3,0,1
1.1687668766876689,7.666666666666657,-2,0,1
1.058227848101266,11.5,1,0,1
1.0878326996197718,23.33333333333333,7,0,1
0.8674863387978142,-20.16666666666667,2,0,0
1.0513447432762837,-10.166666666666671,3,0,0
0.9301978350130645,-23.16666666666667,-7,0,1
0.8975770925110133,-17.0,-4,0,1
0.9921230307576894,26.33333333333333,7,0,1
0.9558202074529389,9.166666666666664,-11,0,0
1.1921810699588478,19.833333333333336,-8,0,1
1.0851381628080656,-9.500000000000007,0,0,1
0.7571528262386602,-27.33333333333333,-2,0,0
0.7960199004975125,41.333333333333336,5,0,0
0.7806957708049114,-32.00000000000001,0,0,0
0.9070080862533693,3.166666666666657,-2,0,1
0.778775248477076,-10.666666666666657,-4,0,0
1.1042692939244663,-6.999999999999993,3,0,1
1.0611469806304596,8.333333333333336,-6,0,0
1.2072905331882482,-3.3333333333333357,-2,0,1
0.9226060341058154,5.333333333333336,-6,0,0
1.0508550855085508,-5.333333333333336,-2,0,1
1.305668016194332,14.666666666666664,6,0,1
1.1434959349593496,5.333333333333329,2,0,0
1.0341555977229602,-5.833333333333343,-1,0,1
1.1947019867549669,11.833333333333336,4,0,0
0.9542240416821735,-19.666666666666664,-7,0,0
1.2565957446808511,3.8333333333333286,-7,0,1
1.0770421989934185,-0.8333333333333428,-3,0,1
0.8739684921230307,-29.333333333333336,2,0,0
0.9214417744916821,25.833333333333336,5,0,0
1.0760324199150908,1.5,1,0,0
0.8399858707170611,-22.5,2,0,0
0.9848931466470154,-27.166666666666664,3,0,0
0.7607449856733525,-2.3333333333333357,1,0,0
0.8985857192135219,-8.333333333333343,6,0,1
0.9653411163808829,-13.666666666666664,-2,0,0
1.0027758501040944,-21.666666666666664,8,0,1
1.237658366098733,26.000000000000007,4,0,1
0.7828418230563002,-33.666666666666664,-4,0,1
0.9587878787878787,-8.666666666666671,-4,0,0
0.8736407949006374,-35.833333333333336,-2,0,0
0.9975855130784709,-7.666666666666671,-4,0,0
1.1236483309826046,2.3333333333333357,-2,0,1
1.0338983050847457,-0.3333333333333357,0,0,1
0.7856657608695652,-36.50000000000001,5,0,1
1.147653895824365,23.166666666666664,-1,0,1
1.2360097323600974,-5.666666666666664,-5,0,0
1.0139603232916974,-18.33333333333333,0,0,0
1.039201451905626,3.5,7,0,1
1.0929397686477862,8.5,2,0,0
0.9114479457518947,-11.666666666666671,-3,0,0
1.1373483535528597,24.500000000000007,2,0,0
1.3011990407673861,23.833333333333336,-1,0,0
0.8869731800766284,-21.499999999999993,7,0,1
0.965769358590894,3.1666666666666714,-6,0,0
1.0760157273918742,-11.000000000000007,-4,0,0
1.1758193091231177,12.666666666666671,-6,0,0
0.9147457006952068,2.1666666666666714,-4,0,0
1.245766590389016,4.166666666666671,2,0,1
0.8222901800883452,-17.333333333333336,2,0,0
0.8647272727272727,-2.8333333333333286,3,0,0
1.3140428976123026,42.833333333333336,0,0,0
1.1477832512315271,6.166666666666671,8,0,0
0.839719970523213,-12.999999999999993,1,0,0
0.8658536585365854,-16.16666666666667,-2,0,0
1.071701315231226,4.0,-4,0,1
0.8578754578754578,-22.333333333333336,-3,0,0
0.8870716510903427,-1.8333333333333357,2,0,1
0.8920729438034983,2.1666666666666714,-3,0,0
0.8881392045454546,-30.999999999999993,2,0,0
1.1219816819317237,19.666666666666664,1,0,1
1.1057498994772819,-3.5,-3,0,0
0.8695943680858197,13.833333333333329,1,0,0
1.0339445961763558,-10.499999999999993,-2,0,0
0.977076287110109,11.166666666666671,5,0,0
0.9580815709969789,12.333333333333343,1,0,1
0.9768153980752406,-1.6666666666666714,-3,0,0
0.9820761762509336,-13.999999999999993,-2,0,1
1.1851122489168964,15.0,2,0,1
1.0708237105465743,27.500000000000007,2,0,1
1.1280558789289872,8.666666666666671,-1,0,1
0.8332175121612231,-17.833333333333336,2,0,0
1.099433057130397,7.166666666666657,-1,0,1
1.0547801814375437,14.5,2,0,0
1.0333958724202628,14.000000000000007,6,0,1
1.0113636363636365,7.500000000000007,2,0,0
0.922627235213205,-34.16666666666666,0,0,1
1.0432330827067668,-3.666666666666657,1,0,0
0.907070707070707,-9.5,7,0,0
1.0212014134275618,-9.5,6,0,0
0.961566091954023,-11.999999999999993,-1,0,0
1.412124060150376,24.999999999999993,14,0,1
0.9723542116630669,-0.5,0,0,0
1.1058091286307055,-9.166666666666657,0,0,1
1.0085087326466637,17.5,2,0,0
1.0096852300242132,-17.000000000000007,3,0,1
1.3183949973944762,-6.166666666666664,1,0,0
0.8822916666666667,-27.166666666666664,-1,0,1
1.2058696590418645,7.000000000000007,3,0,0
1.000386249517188,14.5,-5,0,1
0.9092728485657104,3.0,-4,0,0
0.9080745341614906,-10.833333333333336,-1,0,0
0.9461507778220981,-6.833333333333329,1,0,0
0.9407918634217217,-22.66666666666667,-4,0,1
1.142732431252728,17.333333333333336,0,0,1
1.0225326723749437,-1.6666666666666714,5,0,1
1.0707737440410707,-1.8333333333333286,-1,0,0
1.1981292517006803,22.166666666666664,-5,0,1
1.0526530612244898,-16.666666666666664,-2,0,1
0.8925430210325048,-0.3333333333333357,-1,0,1
1.1213389121338913,-10.499999999999993,0,0,0
1.1535869041887337,13.166666666666671,-6,0,1
1.301460823373174,33.333333333333336,2,0,1
0.8175438596491228,17.66666666666667,3,0,0
0.8922955974842768,-10.666666666666671,5,0,1
0.8160877513711152,-7.5,2,0,0
0.9158527422990232,10.0,-5,0,0
0.8148007590132827,5.500000000000007,-2,0,1
0.8170692431561997,-11.999999999999993,-6,0,0
1.1634615384615385,-1.5,1,0,0
1.018661971830986,-4.666666666666671,5,0,1
1.2912359550561798,22.000000000000007,-4,0,1
1.3111413043478262,14.666666666666664,-2,0,1
0.7449768160741885,-36.66666666666667,-3,0,0
0.9987244897959183,-10.833333333333329,0,0,0
1.2861579414374444,22.666666666666664,5,0,1
0.9960536700868192,-10.333333333333329,-5,0,0
1.0666385491353858,-1.8333333333333286,9,0,0
0.9879518072289156,5.666666666666664,6,0,0
0.9335968379446641,-20.833333333333336,10,0,1
0.8766726943942134,-11.666666666666671,5,0,0
0.743947175348496,-45.16666666666667,-5,0,0
1.1171915332989157,-8.166666666666664,0,0,1
1.2411847672778562,27.666666666666664,1,0,1
0.7479270315091211,-13.499999999999993,2,0,0
0.9248511904761905,-16.66666666666667,2,0,1
1.2626923076923078,22.333333333333336,-4,0,0
0.7320239680426098,-12.5,0,0,0
0.7733788395904437,-11.833333333333336,1,0,0
0.8026819923371648,-16.333333333333336,-5,0,0
0.8661995328661996,-20.833333333333336,1,0,0
0.994413407821229,-8.5,-8,0,1
0.7449392712550608,-9.833333333333329,-2,0,0
0.9775708844688955,7.500000000000007,3,0,1
0.9163115071677644,3.5,-2,0,0
0.9537620849096259,9.666666666666664,2,0,1
1.040869891263592,-13.166666666666671,0,0,0
1.0718875502008032,6.000000000000007,-2,0,0
0.9400554400554401,-15.166666666666671,-4,0,1
1.2083333333333333,21.333333333333336,-3,0,0
0.9544383346425765,2.3333333333333286,1,0,0
1.2925910422771034,5.666666666666671,-4,0,1
1.0131212723658052,9.166666666666671,1,0,1
0.9921455146754857,-12.0,-7,0,1
1.0738007380073802,16.5,-3,0,1
1.259416195856874,5.666666666666664,-1,0,0
0.8607221812822402,-20.66666666666667,-5,0,0
1.198706099815157,30.0,0,0,1
1.0988920804267541,2.6666666666666643,1,0,1
1.1425215348472983,-6.0,-5,0,0
1.0515423662631784,-1.8333333333333357,10,0,1
0.9154397885994715,-23.666666666666664,-5,0,0
0.9629778672032193,1.1666666666666714,3,0,1
1.128133704735376,15.166666666666664,0,0,0
1.2121212121212122,-7.0,-1,0,1
1.1745549283543204,20.16666666666667,-2,0,0
1.1012355520127541,27.333333333333336,5,0,1
0.9960258320914058,2.6666666666666643,-7,0,0
0.9385796545105566,-7.833333333333336,5,0,0
0.9471890971039182,7.666666666666664,4,0,0
1.0298624754420431,29.666666666666664,3,0,1
0.8879817112998041,19.666666666666657,0,0,1
1.0522328548644337,-4.833333333333343,-3,0,0
1.0114989733059547,9.333333333333329,3,0,1
1.0787878787878789,43.833333333333336,0,0,1
0.7454884878655881,-24.166666666666664,5,0,0
1.0281962147547317,-33.99999999999999,-2,0,0
0.748914858096828,-34.333333333333336,3,0,0
1.0016064257028112,-15.166666666666664,5,0,1
1.1197916666666667,16.833333333333336,-1,0,1
1.2810896170548756,3.3333333333333286,-4,0,1
1.3092682926829269,33.0,3,0,1
0.694017094017094,-20.833333333333336,-8,0,0
0.7881956155143339,-27.666666666666664,-2,0,0
1.0557477893118032,9.333333333333343,1,0,1
0.8936170212765957,-4.5,3,0,1
1.0108832147341984,16.166666666666664,6,0,0
0.8971494607087828,-15.166666666666664,3,0,1
1.0594392523364486,-5.166666666666671,-1,0,0
0.7257794166946028,-17.5,6,0,1
1.2984014209591475,21.666666666666664,0,0,0
1.159447004608295,13.0,2,0,1
1.0076132470498669,-2.0,-1,0,1
0.9753265602322206,-7.666666666666657,-4,0,0
0.9717928902627512,-2.3333333333333286,-15,0,0
1.0209580838323353,-9.166666666666664,1,0,0
1.320923656927427,2.666666666666657,5,0,1
0.8236698499317872,-6.666666666666664,-1,0,1
1.0458135860979463,14.833333333333336,0,0,0
1.1065162907268171,26.5,-2,0,0
0.9654648956356736,4.833333333333336,-3,0,1
1.3095959595959596,31.666666666666664,-7,0,0
0.9297989031078611,-5.0,-4,0,0
1.0073937153419594,17.666666666666664,2,0,0
0.9371088861076345,-24.833333333333343,-5,0,0
1.1266454834316841,3.6666666666666714,7,0,1
1.3683745583038869,35.833333333333336,-1,0,1
0.866146848602989,-16.0,0,0,0
1.2490170380078638,23.83333333333333,-6,0,1
1.2211496270293989,9.333333333333329,-3,0,1
1.0777400169923534,-13.833333333333329,7,0,1
1.1881408827463218,-1.3333333333333357,-4,0,1
1.1724770642201834,12.833333333333343,2,0,1
0.9042671614100185,-6.333333333333336,0,0,1
1.0210605490786009,-3.8333333333333357,-3,0,1
1.3747368421052633,19.000000000000007,-3,0,0
0.9899558055443953,5.5,-3,0,1
1.2229551451187335,-5.5,-3,0,1
0.8926075763148216,24.166666666666664,2,0,0
1.0166281755196305,-9.0,2,0,0
1.031063829787234,-13.666666666666671,0,0,1
0.9376037172253567,-44.666666666666664,-12,0,0
1.2694974003466204,19.999999999999993,-2,0,0
0.9420689655172414,5.666666666666657,-1,0,1
1.0825545171339563,-9.666666666666671,1,0,0
1.5145746579417014,12.333333333333336,-3,0,1
1.0123413258110014,3.5,3,0,0
1.0245231607629428,13.5,1,0,0
1.194661757938334,-5.0,2,0,1
1.0706472196900638,-7.5,1,0,1
0.9534982935153583,-2.1666666666666643,-4,0,0
0.8242884250474384,-10.666666666666664,4,0,1
0.8991531947652041,-23.499999999999993,-1,0,0
1.2533980582524271,-6.166666666666664,-5,0,0
1.1275009807767753,2.5,3,0,0
0.8661311914323963,0.1666666666666714,-4,0,0
0.823961661341853,-2.6666666666666714,0,0,1
1.0433244916003537,-11.666666666666664,4,0,0
0.9346428571428571,29.166666666666664,2,0,1
0.798629615531024,-13.000000000000007,-6,0,1
1.3009615384615385,20.166666666666664,2,0,1
1.1503371677905594,31.166666666666664,5,0,1
0.8617283950617284,-4.0,-3,0,0
1.3827479338842976,46.5,-3,0,1
0.9916909015371832,0.8333333333333286,7,0,1
1.033988533988534,-11.500000000000007,0,0,1
1.0766423357664234,-7.666666666666671,7,0,1
1.0249221183800623,24.999999999999993,2,0,0
1.1598557692307692,-1.3333333333333286,-3,0,0
0.7733286908077994,-10.666666666666664,-3,0,0
1.0128158183815452,11.499999999999993,-1,0,1
0.955810147299509,-2.666666666666657,-1,0,0
1.121035362741524,5.333333333333329,3,0,0
1.0234615384615384,3.0,5,0,0
0.8603196664350243,-17.5,1,0,0
1.0185917721518987,9.833333333333329,4,0,1
1.0101626016260163,9.666666666666671,8,0,1
1.092920353982301,-7.333333333333336,-9,0,0
1.034008097165992,7.833333333333329,-5,0,1
1.055974593092497,-24.666666666666657,-5,0,0
0.7128222075346993,-48.50000000000001,7,0,0
1.2058449809402796,-6.333333333333336,-5,0,1
1.405699481865285,-1.6666666666666714,-1,0,0
1.0910683012259195,14.333333333333336,3,0,1
0.9961089494163424,-4.833333333333329,-2,0,0
0.8798319327731092,-4.666666666666664,1,0,1
1.1890080428954424,-3.5,-6,0,1
0.8158082975679543,-22.166666666666664,-1,0,0
0.8362573099415205,-23.66666666666667,1,0,0
0.9574829931972789,7.333333333333329,0,0,0
1.195413282369804,-7.666666666666664,0,0,1
0.7802755620014503,-11.166666666666657,1,0,1
1.063401670463174,-8.333333333333329,2,0,1
1.2820053715308863,13.833333333333329,-2,0,0
0.774812030075188,-21.333333333333336,3,0,0
0.839719970523213,6.833333333333329,0,0,0
1.1268130957314546,-7.833333333333343,-3,0,0
1.0521069324875396,9.666666666666671,-5,0,0
0.9087803211479331,4.666666666666671,-9,0,0
0.9238310708898945,-14.166666666666671,-6,0,0
1.084186046511628,1.6666666666666714,5,0,1
1.1896551724137931,2.3333333333333357,3,0,0
0.8387314439946019,-8.0,-1,0,0
1.0603788476716653,22.0,-1,0,1
0.922234805587014,9.166666666666671,-3,0,1
0.8958670988654781,-9.166666666666671,-1,0,0
1.2728132387706856,12.666666666666664,2,0,1
0.9279527559055119,6.833333333333336,-8,0,0
0.7630522088353414,-15.000000000000007,9,0,1
1.101317957166392,15.666666666666671,-3,0,0
0.7983374384236454,-11.166666666666671,9,0,0
1.073719483006223,-11.666666666666664,0,0,1
1.1572649572649574,5.0,-3,0,0
0.6680896478121665,-9.166666666666671,2,0,0
0.8971273291925466,4.333333333333329,-4,0,0
0.7731292517006803,-35.00000000000001,4,0,0
1.0819012797074954,-3.8333333333333286,0,0,0
1.1302788844621514,36.333333333333336,1,0,0
0.7955689828801611,-33.00000000000001,-2,0,0
0.7777397260273973,0.6666666666666714,-1,0,1
1.0694444444444444,-2.8333333333333286,-7,0,1
0.9511079845233907,-22.0,-1,0,0
0.9656170828809265,-5.666666666666664,-2,0,1
1.0872540633019674,-5.333333333333343,3,0,1
0.8798554652213189,-17.666666666666664,-8,0,0
0.7361065973350667,-39.99999999999999,2,0,0
0.7909371781668383,8.833333333333336,-1,0,0
1.0370813397129186,33.833333333333336,-1,0,0
0.9278688524590164,8.166666666666671,7,0,1
1.0810810810810811,19.5,2,0,1
0.9088110811850711,-14.166666666666664,-1,0,1
0.8594446348988687,28.833333333333343,0,0,0
1.2157534246575343,0.8333333333333286,3,0,1
0.9591765526866713,-2.6666666666666714,5,0,0
1.1250475104522994,-17.0,3,0,1
0.915702479338843,1.6666666666666572,4,0,1
1.1056014692378329,0.1666666666666643,10,0,1
0.8473419540229885,-5.5,1,0,0
0.938671875,-20.666666666666664,0,0,0
0.8753552578156719,4.5,5,0,1
1.0743801652892562,-0.8333333333333286,6,0,0
1.0536412078152753,11.166666666666657,1,0,0
1.058869395711501,11.333333333333336,2,0,1
0.9587901701323251,-12.500000000000007,-1,0,0
0.9186661244408296,2.3333333333333357,1,0,1
0.7910447761194029,-19.666666666666664,-2,0,0
0.8837370242214533,-30.333333333333336,-5,0,0
1.0327545382794001,-11.833333333333336,2,0,1
1.2541726275631855,-6.0,1,0,1
0.9203508771929825,-8.000000000000007,-2,0,1
0.8848580441640379,6.0,1,0,1
0.9951310861423222,13.833333333333336,1,0,0
1.1672740524781342,12.166666666666657,0,0,0
1.011781506604784,-6.0,8,0,1
0.963957055214724,10.666666666666664,0,0,1
1.179296875,13.833333333333336,2,0,1
0.90817843866171,-19.166666666666664,-5,0,1
0.9717554522702896,5.666666666666664,-7,0,1
1.0806451612903225,-20.83333333333333,2,0,1
0.9225352112676056,-5.5,0,0,0
0.9070480081716037,22.83333333333333,4,0,1
0.9738351254480286,1.6666666666666714,0,0,1
0.9995894909688013,2.1666666666666714,4,0,0
0.9694065610025802,-5.166666666666671,-7,0,0
1.181937172774869,21.166666666666664,6,0,1
1.0039777247414479,-5.666666666666671,2,0,1
1.2554131683605834,7.5,4,0,1
0.9746738296239448,-9.500000000000007,3,0,1
0.9243542435424354,-1.6666666666666572,-2,0,1
0.9195483415666902,-6.833333333333329,11,0,1
0.9714688270517788,-12.333333333333329,-3,0,0
1.0846023688663282,-19.499999999999993,-6,0,0
0.6920127795527157,-12.5,10,0,1
1.0024916943521596,-3.1666666666666714,-6,0,0
1.2225237449118047,18.666666666666664,4,0,1
1.1185819070904646,-20.5,6,0,1
1.1373098478783026,-2.166666666666657,1,0,0
0.7423887587822015,-16.0,8,0,1
1.0956670956670957,1.6666666666666643,-4,0,1
0.9213798636181307,-14.166666666666664,0,0,0
1.183079677708147,-10.499999999999993,1,0,0
1.1737451737451738,1.3333333333333286,-5,0,1
0.9204255319148936,-14.666666666666671,8,0,1
1.2026178010471205,4.166666666666664,1,0,0
1.1071863580998782,4.5,1,0,0
0.9808102345415778,-8.333333333333336,5,0,1
0.9579076420106253,-3.833333333333343,0,0,1
0.9571320182094082,0.1666666666666714,9,0,0
1.1015452538631347,-0.1666666666666572,-6,0,0
1.053191489361702,-6.0,1,0,0
1.3155381944444444,28.500000000000007,2,0,1
1.288659793814433,3.3333333333333286,-5,0,1
1.0686528497409327,6.333333333333329,3,0,0
1.2053758924821503,7.833333333333336,1,0,1
1.1624489795918367,38.00000000000001,6,0,1
0.8549905838041432,-3.3333333333333357,-1,0,1
1.1553524804177546,26.499999999999993,5,0,1
0.9587123862841148,-8.0,5,0,0
0.9082923401264933,-20.166666666666664,-3,0,0
1.0996578272027373,8.166666666666664,-4,0,0
1.194140795802361,3.3333333333333286,-2,0,0
0.8224767358625626,4.166666666666664,0,0,0
0.8646927730022286,7.666666666666671,0,0,0
0.7466898954703832,-20.66666666666667,7,0,0
1.0701376936316696,4.5,6,0,1
1.1645316253002402,26.83333333333333,7,0,1
0.8945441230318565,-1.5,0,0,0
0.8833922261484098,-7.0,0,0,1
1.063412759415834,-3.5,5,0,0
1.2422907488986785,3.999999999999993,-7,0,1
0.9430122116689281,0.0,-4,0,0
0.8654761904761905,15.333333333333329,1,0,1
0.7208538587848933,-4.833333333333329,5,0,0
0.9675810473815462,3.5,-5,0,0
1.3046913580246913,18.666666666666664,0,0,1
0.8872832369942196,-2.6666666666666643,-3,0,1
0.9369175627240144,2.6666666666666643,2,0,0
0.8998927422238112,-3.3333333333333286,5,0,1
0.9961977186311787,2.3333333333333286,1,0,1
1.0546907867059319,-16.16666666666667,1,0,0
0.9902152641878669,15.5,-5,0,1
1.0112585444310414,-3.5,-2,0,0
1.1640935156594618,0.1666666666666714,3,0,1
0.8691322901849218,-21.5,3,0,1
1.3357142857142856,21.66666666666667,3,0,1
0.9664735099337748,7.0,2,0,0
1.2271099744245524,14.666666666666671,0,0,1
0.985553206483439,-7.499999999999993,-2,0,0
0.9763313609467456,0.3333333333333286,0,0,0
1.0621848739495798,2.8333333333333286,-6,0,0
0.971484375,2.0,-5,0,1
1.0280878646020886,-28.166666666666657,5,0,1
1.0886861313868612,0.3333333333333286,-3,0,0
0.9963811821471653,2.0,-2,0,0
1.008,16.000000000000007,8,0,0
0.8975591715976331,-7.999999999999993,-6,0,0
0.9984615384615385,-23.16666666666667,1,0,0
1.0317460317460319,5.333333333333329,-2,0,0
0.9723776223776224,-7.0,-2,0,0
1.0223123732251522,5.833333333333329,1,0,1
1.0441058540497192,5.166666666666671,-1,0,0
1.0635108481262328,-10.0,-4,0,0
0.8162017577378677,-23.0,-1,0,1
0.9023255813953488,7.333333333333329,-1,0,1
0.8919457735247209,-11.833333333333336,2,0,0
1.0007794232268121,9.666666666666664,-2,0,0
1.0341845140032948,16.166666666666664,-11,0,0
1.0722385552288953,-4.833333333333329,-4,0,0
0.965552876334826,-5.0,13,0,1
1.0128617363344052,24.0,8,0,1
0.923235800344234,10.666666666666671,-4,0,1
1.087659574468085,-3.5,0,0,0
0.8605518269947801,8.666666666666664,4,0,0
1.0655737704918034,-8.5,-3,0,1
0.8724961479198767,-12.000000000000007,0,0,0
1.0224765018389865,11.166666666666664,3,0,1
1.1472154963680388,3.5,2,0,1
1.0191585274229902,0.1666666666666643,-5,0,1
1.1672862453531598,15.166666666666664,-6,0,1
0.8589877835951134,-4.333333333333329,-1,0,0
1.0347274085138163,21.666666666666657,10,0,1
1.269905533063428,21.0,-3,0,1
1.066795366795367,6.5,-1,0,1
1.2089072543617998,19.666666666666664,0,0,1
0.8095593726661687,-10.333333333333329,-4,0,1
0.664,-41.833333333333336,6,0,0
1.0027845457709712,-6.166666666666671,-3,0,0
0.8398856325947105,-24.166666666666664,-1,0,0
1.2022660511959715,-0.6666666666666643,4,0,1
1.1911016949152542,23.166666666666664,8,0,0
0.8576779026217228,-1.1666666666666572,-9,0,1
0.9344385832705351,1.6666666666666714,5,0,0
1.0864146240132946,-8.666666666666671,6,0,0
1.1024370095002065,13.333333333333336,2,0,1
0.8616796047988708,-22.66666666666667,-3,0,0
1.0986247544204322,6.833333333333336,3,0,1
1.0314355571079288,26.83333333333333,-6,0,1
0.8347540983606557,7.166666666666664,4,0,0
1.1056751467710373,-3.3333333333333357,-6,0,1
0.77491961414791,-9.5,1,0,0
0.8141592920353983,-10.666666666666664,5,0,0
1.055579307396323,29.16666666666667,5,0,0
0.9351230425055929,-16.0,0,0,0
1.1608643457382952,39.66666666666667,-3,0,1
1.1355547141234381,28.333333333333336,6,0,0
0.9481902058197303,4.833333333333343,-2,0,0
1.1635883905013193,6.666666666666664,-3,0,1
0.9730017761989342,19.999999999999993,-2,0,0
0.7970085470085471,-25.333333333333336,3,0,0
0.8459558823529412,-6.500000000000007,2,0,0
0.9670424978317432,0.6666666666666643,3,0,0
0.9719077568134172,-18.833333333333343,-2,0,0
0.988110964332893,25.33333333333333,-3,0,0
0.8932676518883416,6.166666666666671,-2,0,0
1.0226681531029358,-4.333333333333336,-7,0,1
1.0842673308426733,-2.6666666666666714,-2,0,1
1.0629152012504886,-12.333333333333336,-5,0,0
1.1204668611921633,15.0,-1,0,1
1.0972354623450906,28.499999999999993,-11,0,1
0.9075601374570447,-20.666666666666664,-12,0,0
0.9352387843704776,-1.8333333333333286,1,0,1
0.9899146625290923,-21.16666666666667,-1,0,1
0.8624070317782285,0.0,0,0,1
1.0213882163034704,-7.166666666666671,0,0,1
0.9885613726352838,-11.666666666666664,-3,0,0
1.120331950207469,12.166666666666664,-10,0,1
0.9502958579881656,-5.666666666666664,-2,0,1
1.018189007512851,-24.833333333333336,-4,0,1
1.0204158790170132,6.333333333333336,7,0,0
0.7941860465116279,-19.666666666666664,5,0,0
1.1210076473234367,8.833333333333336,-4,0,0
0.9727456258411844,10.0,-2,0,0
1.1041746457296056,18.5,3,0,1
1.1286231884057971,7.0,-4,0,1
0.8670279283034598,-0.3333333333333357,-6,0,1
1.0882785679254536,-6.166666666666664,5,0,1
1.1649686520376175,5.166666666666657,5,0,1
1.0841723721304872,-9.166666666666671,-2,0,0
1.0524036379385016,5.333333333333336,-1,0,0
0.9034623217922607,13.166666666666671,3,0,1
0.8454949238578681,-28.666666666666664,-1,0,1
1.0148059223689476,-12.666666666666664,-3,0,0
1.0209320695102686,16.83333333333333,5,0,1
1.2828418230563003,5.999999999999993,1,0,1
0.7163526244952894,-9.999999999999993,-5,0,1
0.9097875304771856,-31.333333333333336,-1,0,0
1.0733333333333333,-9.666666666666671,3,0,0
0.7421299397186872,-14.0,-5,0,0
1.0439024390243903,-26.66666666666667,-11,0,0
0.6951456310679611,-9.666666666666664,-6,0,0
0.9514331210191083,0.5,-1,0,0
1.02052091554854,18.666666666666664,2,0,1
0.7792653621695846,-13.5,2,0,1
0.8951965065502183,-13.666666666666664,-3,0,0
0.9465361445783133,-0.6666666666666643,4,0,0
0.9841212558643089,-13.833333333333336,-2,0,1
0.8444515715202052,-16.33333333333333,6,0,0
0.9585571757482733,13.666666666666671,2,0,1
1.1792035398230087,11.166666666666671,4,0,1
0.9148264984227129,7.0,2,0,1
0.9919839679358717,4.5,12,0,1
0.973610555777689,-10.0,-3,0,0
0.8005551149881047,-11.833333333333336,-2,0,0
1.115142539800074,11.166666666666671,2,0,1
1.0473766640563822,-4.166666666666671,5,0,0
0.9374777975133215,-33.333333333333336,1,0,0
1.1975570897503982,17.166666666666664,1,0,0
1.171875,21.666666666666664,1,0,1
0.9374531835205993,-19.16666666666667,4,0,1
0.988835725677831,-3.0,3,0,0
0.9681908548707754,-14.0,-2,0,1
1.151797040169133,-10.333333333333329,-1,0,0
0.9010494752623688,-29.000000000000007,0,0,0
0.9610200364298725,7.333333333333329,2,0,1
0.928388746803069,-21.5,3,0,1
1.3637589928057554,13.333333333333336,-1,0,0
0.9864603481624759,-31.166666666666664,-4,0,0
1.2910344827586206,20.333333333333336,6,0,1
1.0355272999252056,12.833333333333336,-9,0,0
1.0445887445887445,2.8333333333333357,-4,0,0
0.9890732496964791,-10.500000000000007,3,0,0
1.1062012625324917,15.000000000000007,1,0,0
1.074025974025974,8.333333333333343,4,0,0
1.0690495532087734,-17.166666666666664,5,0,1
0.8581485392467441,10.333333333333329,4,0,1
1.1379032258064516,7.833333333333336,4,0,1
0.9406960227272727,-18.166666666666664,-2,0,0
0.9876543209876543,14.500000000000007,-8,0,0
1.4205079962370648,17.999999999999993,-4,0,0
0.948905109489051,-14.000000000000007,4,0,0
1.0929553980825344,17.666666666666664,-7,0,1
1.07863318237958,7.833333333333336,5,0,0
0.9401820546163849,-18.0,5,0,1
1.1111558598469593,-15.333333333333329,-4,0,1
0.9716840536512668,16.83333333333333,-3,0,1
0.9810633648943918,9.5,-6,0,1
1.009858044164038,-8.0,-3,0,0
1.3636363636363635,29.833333333333336,-9,0,1
1.1566731141199227,7.666666666666657,5,0,1
1.0472034906783023,-0.3333333333333286,-4,0,0
1.0250362844702468,-7.666666666666671,7,0,0
0.9273037542662116,-12.166666666666664,0,0,0
0.7587939698492462,-8.166666666666664,-1,0,0
0.9200571020699501,-11.5,-7,0,1
1.0601001669449082,-4.833333333333329,-3,0,1
0.9912944738834216,-21.16666666666667,-5,0,0
0.9766244057052298,15.5,-6,0,0
1.0275032230339494,11.666666666666671,3,0,1
1.1523046092184368,12.333333333333329,-6,0,0
0.8280848329048843,-17.33333333333333,2,0,1
1.1055408970976253,9.500000000000007,-8,0,0
0.9264990328820116,22.166666666666664,3,0,0
1.313521545319465,23.333333333333336,-9,0,1
1.0946002511511093,8.666666666666664,1,0,0
0.9186798230690711,6.833333333333336,-2,0,0
1.120226843100189,-3.8333333333333357,7,0,1
0.7414434523809523,-4.333333333333336,-1,0,0
0.6773675762439807,-16.666666666666664,-6,0,0
1.0041415662650603,-17.0,-1,0,0
0.9128647759967119,12.666666666666664,-1,0,0
0.8620689655172413,-3.1666666666666714,-3,0,1
1.208429828624363,5.166666666666671,5,0,1
1.0105140186915889,-5.0,-2,0,0
1.0395787944807553,-3.1666666666666714,-1,0,1
1.002933626696003,-18.5,-4,0,0
1.0583016476552598,-1.1666666666666714,1,0,0
0.9614636045153756,5.833333333333329,0,0,1
1.474802371541502,29.333333333333336,-7,0,1
0.8223516563523844,-9.666666666666664,-3,0,0
1.045533541883907,-6.5,1,0,0
0.8772550406791652,-5.833333333333329,-2,0,0
0.9022884126407555,8.333333333333329,4,0,1
1.0981761738455569,0.6666666666666714,-8,0,1
0.7928449744463373,-36.00000000000001,12,0,1
1.0159010600706713,-2.166666666666657,2,0,0
1.027072758037225,-13.499999999999993,2,0,0
0.9264036418816388,-17.33333333333333,6,0,0
0.7666002656042497,-52.99999999999999,-7,0,0
1.1283282409428197,-10.0,-4,0,1
0.9390459363957597,1.8333333333333286,-4,0,0
1.074012474012474,0.5,0,0,0
0.8076790038049118,3.5,-4,0,1
0.9868421052631579,-8.166666666666671,0,0,0
1.0465696465696466,11.0,-2,0,0
0.9231337767923133,7.5,-4,0,1
0.8082014853083629,-5.5,7,0,0
0.8293838862559242,-28.33333333333333,-1,0,0
0.9506398537477148,33.33333333333333,-2,0,0
1.2450980392156863,28.66666666666667,2,0,0
1.0146812080536913,-2.0,-10,0,0
1.2444794952681388,5.833333333333329,-8,0,0
0.9883961873186904,4.5,-1,0,0
1.1931765790686952,17.833333333333336,-2,0,1
0.8328894806924101,-13.0,3,0,0
0.7833176544371276,-30.666666666666664,-7,0,0
1.0332950631458093,0.8333333333333286,0,0,1
1.4882583170254402,28.166666666666664,-1,0,1
0.8491686460807601,-15.166666666666664,7,0,1
1.0054461667364893,0.1666666666666714,3,0,1
0.8650602409638555,-5.0,0,0,1
1.0662650602409638,4.166666666666664,3,0,0
0.8287640449438203,-10.5,2,0,1
1.0952797202797202,-1.6666666666666714,-1,0,0
1.0805340223944875,20.500000000000007,2,0,1
1.1639344262295082,4.333333333333329,-6,0,0
1.0641267446246698,-4.5,-7,0,0
0.9949690402476781,4.166666666666664,7,0,0
1.1789056875449964,8.5,5,0,0
0.7608856088560886,-34.666666666666664,0,0,0
1.2417202174987643,31.33333333333333,0,0,1
0.9835051546391752,-8.166666666666671,7,0,1
0.7643979057591623,-20.16666666666667,0,0,0
0.988558352402746,-11.166666666666657,11,0,1
0.9628942486085343,20.33333333333333,-1,0,1
1.2902262057191634,24.66666666666667,-2,0,1
1.094941348973607,23.000000000000007,-3,0,1
0.8642779587404995,-14.000000000000007,5,0,0
0.770304114490161,-34.666666666666664,1,0,0
0.8170585890793145,-4.499999999999993,1,0,0
1.009103977000479,6.5,-2,0,0
1.1640438721983786,-5.833333333333336,-4,0,1
0.8424411647387315,-23.16666666666667,4,0,0
0.6408888888888888,-35.49999999999999,2,0,0
1.036476523088863,-1.3333333333333286,2,0,0
1.2511827956989248,15.999999999999993,0,0,1
0.9266720386784851,-11.166666666666664,-5,0,0
0.8900255754475703,-9.0,3,0,1
0.963802878325338,-25.0,-2,0,0
0.9519665854507483,4.333333333333329,-1,0,1
1.1628,5.0,3,0,1
1.1865975564605702,6.833333333333343,2,0,1
0.8844127672761078,-15.333333333333343,0,0,0
0.9596460176991151,-38.50000000000001,-3,0,1
0.9756767359748921,-6.833333333333329,-6,0,1
0.9689536220774243,5.999999999999993,1,0,1
0.885322530383297,-18.5,0,0,0
1.2386468952734013,31.83333333333333,1,0,1
0.9988700564971752,-11.666666666666657,-1,0,0
1.1436546334201712,19.000000000000007,-2,0,1
0.8743589743589744,-12.166666666666664,-7,0,0
0.832351922410807,-1.1666666666666714,-6,0,0
1.3424317617866004,25.666666666666664,-3,0,1
1.1527009783071034,14.333333333333336,1,0,1
0.9154477345701034,6.833333333333329,0,0,0
0.9445890665674972,-13.333333333333336,-2,0,1
1.0273469387755103,2.0,0,0,0
1.0746569814366425,1.1666666666666643,3,0,0
1.1524752475247524,13.166666666666657,-1,0,0
0.9704161248374512,-4.0,1,0,0
0.731948565776459,-14.833333333333336,4,0,1
1.2765301629238222,16.000000000000007,2,0,1
1.1084198385236448,23.33333333333333,-1,0,0
1.2438720398836727,42.00000000000001,1,0,1
1.0514586709886549,0.0,-5,0,0
0.8167155425219942,-18.166666666666664,-3,0,0
0.7679120879120879,-16.166666666666664,2,0,0
1.1921182266009853,15.000000000000007,4,0,1
1.087942697970553,-1.0,0,0,0
0.89587852494577,5.333333333333329,3,0,0
0.8169848584595129,-5.333333333333329,-7,0,0
0.7661343978709249,-16.166666666666664,10,0,1
0.9113137173642768,-8.666666666666671,6,0,0
1.1533510034078,-2.5,5,0,1
0.975177304964539,30.66666666666667,4,0,0
0.9771807140228193,0.0,3,0,1
1.0627737226277372,-1.3333333333333286,1,0,1
0.8771796815769523,0.0,0,0,1
1.0148637489677952,4.333333333333329,-5,0,0
0.956140350877193,-11.5,5,0,0
1.0775257731958763,18.833333333333336,4,0,1
1.3900308324768755,15.0,-2,0,0
0.9771626297577855,-19.833333333333336,5,0,1
1.1591523895401263,-0.3333333333333357,-3,0,1
1.0450409463148316,-14.000000000000007,7,0,1
1.1318720804886813,-7.666666666666671,-1,0,1
1.0169035728006146,0.1666666666666572,-1,0,1
1.316831683168317,12.333333333333329,-1,0,0
0.9574809466506218,-0.3333333333333428,3,0,1
0.8799256505576208,-9.833333333333329,-1,0,1
1.1923076923076923,4.0,-7,0,1
1.0783807062876831,14.333333333333336,1,0,0
0.9120406567630962,11.833333333333336,4,0,0
0.8736,-18.33333333333333,-4,0,0
0.8899193548387097,16.166666666666664,0,0,1
1.0116539668310174,4.0,0,0,1
1.3921217547000895,42.33333333333333,-4,0,1
0.7762057877813505,-28.5,2,0,1
1.1071578066136458,1.3333333333333286,6,0,1
0.9973574933937335,9.0,0,0,1
1.1137795275590552,23.666666666666664,4,0,1
1.0079165167326376,-1.0,4,0,1
0.8658181818181818,-19.499999999999993,-2,0,0
1.1060547628229849,4.833333333333343,6,0,1
1.0160281469898358,5.666666666666657,-1,0,0
1.187556357078449,1.0,9,0,1
1.377789046653144,2.5,-2,0,0
0.9729837107667858,-24.83333333333333,-2,0,0
0.7523777173913043,-12.500000000000007,9,0,0
0.9216914643696162,-12.000000000000007,-1,0,0
1.2747252747252746,-8.333333333333336,-2,0,1
0.9166099387338326,24.333333333333336,2,0,1
1.3146464646464646,25.833333333333336,4,0,1
1.3298097251585623,13.000000000000007,2,0,0
0.9871445266848461,-22.333333333333336,7,0,0
1.0181749337372208,9.166666666666657,-6,0,0
0.9355509355509356,0.0,0,0,0
1.033278553820871,3.0,-1,0,1
0.9731084776663628,0.3333333333333357,-1,0,0
1.0483516483516484,-8.0,-7,0,0
1.1602760736196318,-8.666666666666671,-2,0,1
0.7838815789473684,3.0,1,0,0
0.9511661807580175,8.0,-3,0,0
1.108295872496935,-19.5,-5,0,1
1.2149666348903718,29.999999999999993,0,0,0
1.0385756676557865,17.5,7,0,0
1.097698653929657,-2.1666666666666714,2,0,0
0.9324706833805095,-6.0,0,0,0
1.0098187311178248,-9.0,-1,0,1
0.9251897361763642,-13.833333333333336,4,0,1
0.9688581314878892,17.166666666666657,4,0,1
0.937268002969562,2.0,3,0,0
0.8148653256051824,-13.499999999999993,2,0,0
0.9262237762237763,-6.666666666666657,1,0,1
1.0043222003929273,-8.666666666666657,-6,0,0
0.9044611133043822,38.666666666666664,5,0,0
1.119637937819756,9.333333333333329,-4,0,1
0.9671848013816926,-1.3333333333333286,-3,0,1
1.0378844711177795,-42.166666666666664,-3,0,1
1.1834442595673877,0.6666666666666714,-2,0,1
1.042989152269988,25.0,-8,0,1
0.7751909785376501,-27.333333333333336,1,0,0
1.0578186596583443,6.833333333333329,3,0,1
0.9616752271829316,-4.500000000000007,-1,0,1
0.8415807560137457,6.166666666666664,10,0,1
0.9408033826638478,2.6666666666666714,-1,0,0
1.0619144602851325,24.83333333333333,-2,0,0
1.136963696369637,12.666666666666664,0,0,0
1.0907335907335907,3.3333333333333286,3,0,1
1.0613397901533494,-2.3333333333333286,-4,0,0
1.0338345864661653,5.166666666666671,-1,0,1
1.596120935539076,6.0,-5,0,1
1.1457687195392114,19.499999999999993,0,0,0
0.8292604501607717,4.666666666666671,4,0,1
1.1323828920570265,15.500000000000007,1,0,1
0.8818505338078292,-18.166666666666657,2,0,1
0.7954397394136807,-12.666666666666671,-4,0,0
1.0983374602051645,5.333333333333329,5,0,0
1.1149212233549584,0.6666666666666714,10,0,0
1.0171755725190839,-5.0,6,0,0
0.8977575066514634,10.166666666666657,11,0,1
1.0816181689141235,19.333333333333343,4,0,1
0.967032967032967,-1.6666666666666643,0,0,1
0.8809349890430972,-21.833333333333336,-4,0,0
1.0797459421312632,15.166666666666671,-2,0,0
1.2304593070104755,-9.166666666666664,2,0,1
0.814881380301941,3.5,1,0,1
0.7562326869806094,-8.833333333333329,10,0,1
0.8475028593213877,2.500000000000007,-1,0,0
0.9705248023005032,7.666666666666664,-5,0,0
0.9763313609467456,-10.5,-1,0,1
0.9724702380952381,-5.0,4,0,1
1.1542268041237114,17.0,-4,0,0
0.7795661301609517,-26.500000000000007,-2,0,0
0.8460508701472557,-27.166666666666657,4,0,0
0.7501828822238479,11.833333333333336,0,0,0
0.7388932190179267,5.166666666666664,2,0,0
1.2509727626459144,34.16666666666667,5,0,1
1.1715210355987056,21.166666666666664,-2,0,1
0.876206322795341,-14.333333333333329,-5,0,1
1.0858585858585859,9.333333333333329,-6,0,0
0.9968241365621279,6.166666666666671,-2,0,1
1.2107892107892109,28.833333333333336,6,0,1
1.1422907488986784,22.5,2,0,1
0.9818181818181818,-8.166666666666671,-8,0,1
1.2834821428571428,22.666666666666657,-2,0,1
0.8537428023032629,2.5,-14,0,0
1.088463106400326,21.666666666666664,-6,0,1
0.8694121788102781,-6.166666666666664,4,0,1
0.9782608695652174,-7.166666666666657,11,0,0
0.9137798306389531,12.333333333333336,4,0,1
0.9274486094316807,7.833333333333329,-5,0,0
0.8213903743315508,-16.5,-8,0,1
1.0897387353275274,6.0,7,0,1
0.8736407949006374,-41.83333333333333,2,0,0
0.9340952380952381,13.666666666666657,8,0,1
0.687793427230047,10.166666666666664,2,0,0
0.9849086576648134,25.33333333333333,-1,0,0
1.1258307487815684,-6.666666666666671,-4,0,1
0.999599679743795,-4.166666666666664,-2,0,0
0.6899783705839942,2.333333333333343,0,0,0
0.8364758313335618,6.166666666666671,1,0,0
1.170319108035371,27.666666666666664,-2,0,1
0.7806646525679758,-26.166666666666657,-2,0,1
1.2979930191972078,30.833333333333336,1,0,1
1.0425117004680187,13.166666666666664,2,0,1
1.181598062953995,42.833333333333336,6,0,1
1.0684931506849316,5.166666666666664,2,0,0
0.8951965065502183,7.666666666666671,-1,0,0
1.075712143928036,8.833333333333329,0,0,1
0.7943287867910983,15.0,2,0,0
0.9792099792099792,5.5,-2,0,0
0.98114689709348,30.66666666666667,3,0,1
0.8851093370357515,-18.0,4,0,0
1.1741214057507987,15.0,-1,0,1
0.963302752293578,5.833333333333329,-1,0,0
0.7569282136894825,-24.5,-7,0,0
0.8723835246455098,-37.666666666666664,-5,0,0
1.0283333333333333,4.5,-2,0,1
0.8986666666666666,-6.000000000000007,11,0,1
0.9692132269099202,-5.5,4,0,1
0.997469269703543,25.33333333333333,2,0,1
1.1933041052212037,-8.5,1,0,0
1.043883495145631,17.333333333333343,8,0,0
1.0619307832422586,13.833333333333329,3,0,1
0.7596358118361153,-21.5,3,0,0
0.9506462984723855,-2.3333333333333286,-6,0,0
1.0296345077378992,-9.5,0,0,0
0.9528735632183908,10.0,-1,0,1
1.1036560867818401,22.833333333333336,-4,0,1
0.8058069381598794,-16.66666666666667,5,0,0
1.0170212765957447,17.66666666666667,1,0,1
0.9495125348189415,-8.0,-2,0,0
1.0509296685529508,-19.5,4,0,0
0.9485734413525889,18.333333333333336,-2,0,0
0.9530567685589519,15.833333333333336,-3,0,1
1.2739093959731544,41.666666666666664,4,0,1
0.9811237928007024,10.0,-7,0,0
1.1544680851063829,8.833333333333329,-2,0,0
0.8680866965620329,-5.333333333333336,-2,0,0
1.072241853160581,0.0,0,0,1
1.035294117647059,10.666666666666671,-5,0,1
1.0426829268292683,3.1666666666666643,9,0,1
0.8149779735682819,-5.333333333333336,-1,0,0
1.1700404858299596,17.33333333333333,-2,0,1
1.0401002506265664,-7.0,2,0,1
1.6776905829596414,15.333333333333336,1,0,1
0.9448946515397083,-12.5,-4,0,0
1.1375530410183876,32.5,7,0,1
0.7406976744186047,-31.166666666666664,3,0,0
0.9818826309570697,8.999999999999993,7,0,0
1.3660130718954249,6.166666666666664,-2,0,1
1.098186119873817,6.0,-3,0,0
1.2673992673992673,21.166666666666664,0,0,0
1.0700280112044818,-5.666666666666671,2,0,0
0.8237145855194123,-2.1666666666666714,-3,0,0
0.8379260333575055,-19.0,-4,0,0
0.8053911900065747,-6.0,1,0,0
1.0828729281767955,-10.166666666666657,2,0,0
0.8972789115646258,-7.999999999999993,-1,0,1
1.3429549902152642,-0.5,6,0,1
0.8666914222057185,-5.5,-1,0,0
1.164299424184261,9.166666666666671,11,0,1
1.1623235613463627,-6.166666666666664,2,0,1
1.0688796680497925,12.166666666666671,-5,0,0
0.9127737226277373,-0.3333333333333286,-2,0,0
1.0556660039761432,-13.166666666666664,-2,0,0
0.7974603174603174,-12.500000000000007,7,0,1
1.1032231742146064,-3.5,5,0,1
0.7495395948434622,-34.16666666666667,-4,0,0
1.1532290413156838,15.0,-6,0,0
1.0403883495145632,28.16666666666667,1,0,0
1.4975280898876404,19.83333333333333,3,0,1
0.9405864197530864,10.666666666666664,5,0,0
0.8766583004661169,-13.166666666666664,-5,0,1
0.8052173913043478,-8.166666666666657,-1,0,0
1.2885840274375306,12.5,-1,0,0
0.8226527570789866,-21.499999999999993,0,0,0
1.0169491525423728,-7.0,7,0,1
0.8552835450883173,17.999999999999993,-2,0,0
0.8085661080074488,-18.0,-4,0,0
0.8902305159165752,-3.000000000000007,-1,0,0
1.1096919609316303,16.0,0,0,1
0.6842105263157895,-25.499999999999993,6,0,0
0.965625,4.5,-2,0,0
0.7577955039883973,-7.333333333333336,-2,0,0
1.117804041174228,19.333333333333336,2,0,0
1.0519534497090606,-0.3333333333333428,-2,0,0
0.9038047379755922,-2.666666666666657,0,0,0
0.9028815368196371,-8.666666666666657,3,0,0
1.0937861829409494,11.333333333333336,3,0,1
1.0947037701974864,-23.666666666666664,0,0,1
1.4483096521313081,17.666666666666664,-9,0,1
1.0935622317596567,8.166666666666664,2,0,1
1.2303206997084548,-6.666666666666664,-1,0,1
1.0171449869549012,30.166666666666664,-4,0,1
0.7897653194263363,-9.333333333333336,10,0,1
1.0506182380216382,0.0,5,0,1
1.0677891005759859,-2.0,2,0,0
0.8360781309842972,-11.5,1,0,1
0.8232394366197183,-21.666666666666664,6,0,1
0.7243156199677939,-29.33333333333333,5,0,0
0.7045699892047499,-9.333333333333336,4,0,0
1.1991988346686089,13.333333333333329,0,0,0
1.1517179830432842,20.333333333333336,0,0,1
1.0086174597227426,-5.166666666666671,-8,0,0
1.025475421600287,4.5,3,0,1
0.6804023361453602,-25.500000000000007,2,0,0
0.8988617886178861,-28.33333333333333,2,0,0
1.08660251665433,6.333333333333336,-2,0,1
1.0552016985138004,20.5,4,0,0
1.0182539682539682,-23.66666666666667,-5,0,0
1.104026845637584,-12.666666666666671,0,0,0
1.3330125120307987,15.666666666666664,4,0,0
0.8392330383480826,0.0,7,0,1
1.145780051150895,22.666666666666664,1,0,1
0.920478837109876,-5.333333333333329,4,0,1
0.828888119154832,-1.5,-5,0,0
0.828719084533038,1.0,4,0,1
1.1195292386906952,19.500000000000007,-5,0,0
1.118864292589028,11.500000000000007,-4,0,0
1.0913570887035633,8.5,2,0,1
1.1351226284127718,19.666666666666664,-5,0,0
0.8988416988416988,38.333333333333336,3,0,0
0.6421792618629174,-34.0,-3,0,0
1.1069131832797428,3.5,-2,0,1
0.8664617486338798,-6.333333333333329,0,0,0
0.9609856262833676,-18.33333333333333,-1,0,0
1.3740685543964233,12.333333333333329,2,0,1
0.7484098939929329,-21.000000000000007,-1,0,0
1.2157693938109368,1.8333333333333286,3,0,1
0.9463529411764706,11.166666666666664,1,0,0
1.2902473168455437,16.16666666666667,-1,0,1
1.0394544568923527,-1.0,8,0,0
0.8297712785901762,-9.000000000000007,-1,0,0
0.8631501291036517,3.0,1,0,0
1.0783196867212532,15.666666666666671,-3,0,0
0.9628114540721457,13.5,1,0,0
0.9070958302852963,-15.666666666666671,-2,0,0
1.1374216651745748,1.1666666666666714,0,0,0
0.8046846846846847,-6.666666666666664,1,0,0
0.5856958762886598,-42.50000000000001,4,0,0
0.8215962441314554,-10.5,2,0,1
1.0220784164446137,-8.166666666666671,-4,0,1
1.2628051699377694,24.166666666666664,-3,0,0
1.1097359735973598,-1.3333333333333286,-3,0,0
0.9245647969052224,-14.666666666666671,-4,0,1
0.9816135084427767,4.166666666666671,0,0,1
0.9700680272108844,-23.83333333333333,11,0,0
0.9674365770541462,-0.3333333333333286,1,0,1
0.9507186858316222,-3.1666666666666714,-2,0,0
0.9234596249521623,-0.5,-8,0,0
0.9113300492610837,-17.16666666666667,-7,0,1
1.0453353315848632,-5.0,0,0,1
1.0609090909090908,0.1666666666666714,-2,0,0
0.9492427343430209,-24.166666666666664,3,0,0
1.0672164948453609,-8.333333333333329,1,0,0
1.0358870967741935,21.000000000000007,-2,0,1
0.9792372881355932,1.6666666666666572,2,0,1
0.8494423791821561,-38.833333333333336,6,0,0
0.7250825082508251,-2.5,2,0,1
1.0112233445566778,27.5,-3,0,0
0.7880943466866343,13.5,-5,0,0
0.9659940209267563,-36.33333333333333,-4,0,0
0.9331318473743861,0.6666666666666643,3,0,0
0.9048442906574394,-8.5,0,0,0
1.087285771223595,-0.5,3,0,0
0.8672385620915033,2.0,-8,0,0
1.0087352829472085,3.0,1,0,1
1.1017369727047146,1.5,0,0,1
0.8777467039552537,-30.166666666666664,-1,0,0
0.8665239114917915,-18.499999999999993,-3,0,0
0.982921511627907,-9.833333333333336,-2,0,1
0.8522491349480968,-7.333333333333329,-5,0,0
1.1078472513638271,12.0,0,0,1
1.0416666666666667,-2.0,0,0,1
1.1182622687047465,-8.833333333333343,2,0,1
1.0715953307392996,4.5,-4,0,1
0.865814696485623,-14.500000000000007,-5,0,0
1.3226076055160887,2.1666666666666643,-5,0,0
0.9070331447049312,-2.5,0,0,0
0.9962962962962963,-9.333333333333329,1,0,0
1.0413361169102295,-0.3333333333333357,4,0,1
1.1802088061734,16.66666666666667,-1,0,1
1.0041407867494825,-7.833333333333329,-7,0,0
0.8569844789356984,-4.0,5,0,1
0.9435918705931149,5.833333333333329,-4,0,1
0.9264599855803893,-0.8333333333333286,6,0,1
1.005807200929152,-4.333333333333329,-4,0,1
0.9151882302033751,10.666666666666664,-9,0,0
1.2694248234106962,7.0,8,0,1
1.1136457901285775,10.5,2,0,0
1.049611734253667,15.500000000000007,3,0,1
1.1994485294117647,-5.499999999999993,-3,0,1
0.8638118638118638,3.3333333333333286,4,0,1
0.9356351236146633,-15.333333333333329,-3,0,1
0.9908735332464146,-7.5,1,0,0
1.0151843817787418,4.500000000000007,-4,0,0
0.9408777656873413,28.0,2,0,0
0.8205435651478817,-31.66666666666667,-6,0,1
0.7155667144906743,-6.833333333333343,-1,0,1
0.798,7.0,9,0,0
0.893624772313297,-21.83333333333333,5,0,0
1.0994363929146538,3.5,-2,0,1
0.9637205712080278,1.5,6,0,0
1.0033684210526317,8.666666666666664,-2,0,1
1.4382284382284383,41.333333333333336,2,0,1
0.9634328358208956,-32.00000000000001,1,0,1
0.8586135895676047,-1.8333333333333286,0,0,0
1.066068515497553,6.5,-6,0,1
1.0712380952380953,30.666666666666664,4,0,0
1.2640692640692641,3.3333333333333286,-5,0,0
0.9139745916515426,-12.0,-2,0,0
1.0846681922196797,13.5,4,0,1
1.162460567823344,28.666666666666664,2,0,1
0.8796651552145099,-38.333333333333336,-8,0,0
0.8219840995506394,-9.500000000000007,3,0,0
1.0116731517509727,-3.3333333333333286,2,0,0
0.8070726915520628,-33.333333333333336,-2,0,0
0.7122658183103571,-29.499999999999993,1,0,0
0.7457391304347826,-1.6666666666666572,1,0,1
1.0902726602800294,7.5,3,0,1
0.8484609313338595,-10.833333333333329,-2,0,1
0.9209019327129563,13.166666666666671,-1,0,1
0.8306508047585724,-28.666666666666664,-4,0,0
1.0819672131147542,11.5,-1,0,1
0.8283849918433932,-14.833333333333343,5,0,0
1.0700538876058507,-2.3333333333333357,11,0,1
0.8659689399054693,-16.0,2,0,0
1.1456657730116175,6.5,-3,0,1
1.088260497000857,5.333333333333329,-1,0,1
1.0073152889539136,-7.333333333333329,1,0,1
1.0047970479704798,-0.3333333333333286,5,0,0
1.0957868203096868,18.0,5,0,1
1.1649016641452345,-12.833333333333336,4,0,0
1.2015057573073515,2.3333333333333286,0,0,1
0.9352773826458037,20.666666666666664,-2,0,1
0.9504761904761905,-16.333333333333336,2,0,0
0.912842267643656,-19.000000000000007,2,0,0
0.9540322580645161,13.333333333333336,3,0,0
1.0410958904109588,-5.5,10,0,1
0.9949409780775716,8.666666666666664,9,0,1
0.7908678982223771,-21.0,-1,0,0
0.6741350906095552,-1.6666666666666714,0,0,0
1.2146216331765711,4.000000000000007,11,0,1
1.011702529256323,-0.5,-8,0,1
1.4194470924690181,36.66666666666667,-1,0,1
1.0126582278481013,9.166666666666664,5,0,1
0.974526678141136,36.99999999999999,7,0,1
0.9683308494783904,-11.166666666666671,0,0,0
1.0748709122203097,-8.000000000000007,-6,0,1
0.9551231135822081,-2.6666666666666643,-4,0,0
1.0235612205484743,-9.333333333333336,-2,0,0
0.7407550077041603,2.0,3,0,0
0.8542029996512034,-15.333333333333329,8,0,1
0.8981585869973694,-17.000000000000007,5,0,1
1.0088235294117647,-9.333333333333336,-1,0,0
0.9041198501872659,-1.8333333333333357,-4,0,0
1.1688311688311688,6.0,4,0,1
0.8238415281216838,-19.833333333333336,-3,0,0
1.051252408477842,-10.666666666666664,4,0,1
1.1409691629955947,17.833333333333336,0,0,0
1.0197979797979797,-18.333333333333336,-1,0,1
0.8982739625413148,-17.83333333333333,-1,0,0
0.6963934426229508,-17.999999999999993,-1,0,0
1.1660635303578608,19.66666666666667,5,0,0
1.030774550484094,-21.0,1,0,0
1.3017031630170317,-18.833333333333336,-3,0,1
0.8698999230177059,-0.3333333333333286,-4,0,0
0.9318971507991661,6.0,7,0,1
0.7694630872483221,-19.666666666666664,7,0,0
0.8945748364755676,4.166666666666664,0,0,0
0.9268498942917548,-4.333333333333329,8,0,0
1.3224637681159421,18.83333333333333,3,0,1
0.9450184501845018,-16.833333333333336,0,0,1
1.1004784688995215,-20.333333333333336,-3,0,0
0.9524456521739131,-24.333333333333336,1,0,1
1.1312089971883785,-0.9999999999999929,-11,0,0
0.9699534490055015,15.5,4,0,1
0.9618351603735282,-40.49999999999999,-3,0,1
1.3222222222222222,19.333333333333336,-1,0,1
1.008130081300813,14.166666666666671,-5,0,1
0.9904761904761905,29.000000000000007,-2,0,1
0.9437019036046983,-26.499999999999993,2,0,1
1.1239275500476644,3.3333333333333286,-2,0,0
0.8769438810006761,-1.3333333333333286,-9,0,0
1.0254969749351772,-7.666666666666664,-7,0,0
1.0257611241217799,-0.5,0,0,0
0.9781818181818182,0.0,0,0,0
1.1001241208109227,-1.3333333333333357,0,0,0
0.961859789320741,-8.5,0,0,0
1.2332631578947368,17.833333333333336,-3,0,0
1.0621809744779582,-1.1666666666666643,10,0,1
0.9902102973168962,-6.5,-1,0,1
1.197979797979798,-0.3333333333333286,1,0,1
0.6895266492732016,-10.666666666666664,-2,0,0
0.9173465768002838,8.833333333333329,-1,0,0
0.9709513435003632,-1.6666666666666572,0,0,0
0.8196656050955414,-9.166666666666671,-3,0,0
1.1371107266435987,-13.0,-4,0,0
0.6779440468445023,-26.333333333333336,3,0,1
0.8948374760994264,-20.16666666666667,2,0,0
0.9924692826000793,20.333333333333343,-4,0,0
1.1922538497433504,6.333333333333336,2,0,1
1.1282283642954236,-0.3333333333333357,-2,0,1
1.0790464240903388,3.1666666666666643,5,0,0
1.2305070302513847,11.5,0,0,0
1.039360393603936,21.33333333333333,-5,0,0
0.8934108527131783,23.0,-3,0,0
0.801962846126884,-8.666666666666671,-7,0,0
0.9288939051918735,24.0,-1,0,1
0.9278752436647173,-2.1666666666666714,0,0,1
0.8440763413755852,-17.166666666666664,0,0,0
1.1452282157676348,14.166666666666657,-4,0,0
1.3278924627940472,15.333333333333336,4,0,1
0.9473856209150326,-22.166666666666657,-1,0,1
0.996186117467582,-0.3333333333333286,0,0,1
0.8289230769230769,-26.0,4,0,0
0.9213868863714384,-4.833333333333329,-3,0,0
1.054364471669219,27.5,2,0,0
0.8294515401953418,-24.500000000000007,4,0,0
1.5016042780748664,11.000000000000007,-2,0,1
0.8514306676449009,2.833333333333343,0,0,0
1.190997055111485,13.833333333333336,0,0,0
0.8236889692585895,-11.666666666666657,-5,0,0
1.2128755364806867,6.666666666666671,-5,0,1
1.0940274414850686,-12.333333333333329,1,0,1
0.8965097402597403,-3.0,3,0,0
1.132486388384755,13.499999999999993,-1,0,1
0.8191056910569106,-4.666666666666671,2,0,1
0.7939453125,-21.166666666666664,2,0,1
0.9953488372093023,-0.8333333333333357,-2,0,1
0.9590361445783132,4.833333333333343,3,0,0
1.093385214007782,25.666666666666664,2,0,1
1.1995876288659795,18.166666666666664,3,0,0
0.8682724877681596,-5.333333333333329,0,0,0
0.8523972602739726,-12.166666666666657,-1,0,0
1.3095936321742774,28.0,-2,0,0
1.166593018117543,6.333333333333336,-2,0,0
1.2317282889079966,4.0,7,0,1
0.8976586102719033,-11.833333333333329,0,0,1
1.0552173913043479,6.0,0,0,0
0.9154437456324249,4.833333333333329,-2,0,0
0.9599264705882353,6.0,5,0,0
1.052364864864865,16.5,-4,0,0
0.7618019129898179,9.833333333333329,0,0,0
1.2728114867994442,16.0,-3,0,0
0.8533284564740308,-22.666666666666664,-3,0,0
1.2142245072836333,41.83333333333333,-2,0,1
1.1312741312741312,-3.8333333333333286,-8,0,0
1.2785527462946817,27.0,14,0,1
1.1148917366327884,-12.999999999999993,2,0,1
1.0026697177726926,19.33333333333333,-6,0,1
1.0302631578947368,27.499999999999993,1,0,1
1.0783085356303836,-5.666666666666671,-3,0,1
1.069213313161876,-10.666666666666657,0,0,0
1.1684602649006623,-4.833333333333343,-6,0,0
0.6789571694599628,-20.000000000000007,0,0,0
1.2165065008479368,21.333333333333336,-1,0,1
0.6844042838018741,-2.0,1,0,0
1.1394849785407726,12.0,7,0,1
1.1481481481481481,15.500000000000007,-4,0,0
1.0261927034611786,2.1666666666666714,-5,0,1
1.13013698630137,19.0,4,0,1
1.0595238095238095,-9.333333333333336,-5,0,0
1.3736263736263736,13.666666666666664,2,0,1
1.0082612116443745,-8.333333333333343,2,0,0
0.9270100037050759,-40.5,2,0,0
0.8745837957824639,-17.333333333333336,-2,0,1
0.9870410367170627,-11.666666666666664,1,0,0
1.6199324324324325,12.333333333333336,-3,0,1
1.0143504531722054,-16.5,6,0,1
1.1925111925111924,13.333333333333336,1,0,0
0.9666026871401152,2.8333333333333286,-1,0,1
0.7532751091703057,-0.6666666666666714,2,0,0
1.2248945147679324,11.333333333333329,1,0,1
0.9327062228654125,-26.0,-5,0,0
1.0150853513298927,-16.833333333333336,3,0,0
0.86947293951185,-31.833333333333336,-4,0,0
1.0546184738955824,-17.83333333333333,-1,0,0
0.9706713780918728,43.49999999999999,-4,0,1
0.9537074969274887,-4.5,9,0,0
0.9698181818181818,25.333333333333336,2,0,0
1.122778675282714,0.3333333333333286,-1,0,0
0.945179584120983,9.666666666666664,1,0,1
1.0090744101633393,3.0,-1,0,0
0.8217324052590874,-16.333333333333336,2,0,1
0.8303668725027243,4.166666666666671,1,0,0
1.124519062609304,10.333333333333329,2,0,1
0.8742447129909365,12.0,3,0,0
1.159118236472946,-11.833333333333329,-1,0,1
1.062753036437247,-7.666666666666664,0,0,0
0.9538461538461539,-33.333333333333336,-1,0,0
1.0125223613595706,15.666666666666657,0,0,0
0.9719626168224299,-24.33333333333333,-7,0,0
0.796440489432703,-30.666666666666664,3,0,0
0.9493670886075949,-10.333333333333329,-1,0,0
1.0241297468354431,-6.333333333333336,1,0,0
0.8235502121640735,-27.0,10,0,1
0.7792517006802722,-13.0,0,0,0
1.2878850102669404,6.666666666666657,-7,0,0
0.9581193204267088,20.16666666666667,0,0,1
0.8744235544519333,-1.1666666666666714,2,0,1
1.111322188449848,13.5,-1,0,1
1.0346124905944318,12.166666666666671,4,0,1
1.1097129374754227,-21.666666666666664,-2,0,1
1.1054379410543793,-1.8333333333333286,4,0,1
1.081374321880651,25.000000000000007,7,0,1
1.0590225563909774,48.16666666666667,6,0,1
1.1641673243883188,6.666666666666657,-4,0,0
1.0508474576271187,5.000000000000007,1,0,0
1.0245243128964059,4.5,4,0,1
0.9035639412997903,-20.83333333333333,1,0,1
1.1066098081023454,-1.8333333333333357,-5,0,1
0.7932142857142858,-10.333333333333329,8,0,1
0.8124021296586282,-7.5,-1,0,0
0.9713083397092579,2.0,0,0,1
1.127538297114357,4.333333333333343,-3,0,1
0.8266666666666667,-29.666666666666657,-6,0,0
0.8271721958925751,-25.5,1,0,0
1.0112604431529242,-9.666666666666671,-3,0,1
0.9346938775510204,-23.66666666666667,-4,0,0
0.9738689547581904,-30.833333333333336,5,0,1
0.9143389199255121,-6.833333333333343,6,0,1
0.6791277258566978,-40.66666666666667,-7,0,1
1.0652006172839505,0.5,2,0,0
0.916407465007776,-25.833333333333336,-7,0,0
0.6358747231888643,-34.666666666666664,0,0,1
1.000427533133818,-4.0,-3,0,1
0.7272727272727273,-55.33333333333333,-7,0,0
1.1850678733031674,-2.8333333333333357,-8,0,1
1.0111464968152866,18.166666666666664,-1,0,1
0.8102508178844057,-24.499999999999993,-5,0,1
1.001997602876548,5.833333333333329,2,0,1
1.0703091910207538,0.0,-2,0,0
1.1901300688599847,-0.8333333333333428,3,0,0
1.1143984220907297,-31.666666666666664,2,0,0
0.9101533966398831,-14.333333333333329,-2,0,1
0.8203230148048453,3.1666666666666714,0,0,1
0.9896013864818024,-0.6666666666666572,-3,0,1
0.9598775926555594,2.8333333333333286,-10,0,0
1.0170055452865066,1.1666666666666714,-9,0,0
1.0971098265895953,7.999999999999993,5,0,1
1.2012670565302144,10.5,-4,0,0
1.2281879194630871,28.16666666666667,-5,0,0
1.435137895812053,34.00000000000001,-3,0,0
0.7451117318435754,-7.499999999999993,3,0,0
0.9140735502121641,1.1666666666666714,-1,0,1
0.9275618374558304,-7.500000000000007,-2,0,1
0.9985052316890882,11.166666666666671,-5,0,0
1.2936170212765958,11.333333333333329,-2,0,1
1.0667765869744434,-3.333333333333343,-3,0,1
0.6567741935483871,-41.833333333333336,-3,0,0
1.1479465611083621,16.833333333333336,-1,0,0
0.9981981981981982,6.666666666666657,-5,0,1
1.0857142857142856,20.83333333333333,7,0,1
0.9177857844742876,17.33333333333333,-1,0,1
1.007311129163282,25.833333333333336,-6,0,1
1.1911005164878825,-4.166666666666671,4,0,1
1.1386986301369864,37.5,0,0,1
0.947565543071161,1.3333333333333286,-4,0,0
0.7523742525501231,-19.5,-10,0,0
1.1506968641114983,7.500000000000007,-2,0,1
1.310289389067524,4.833333333333343,-8,0,1
0.8633776091081594,-19.833333333333336,-4,0,0
0.8740902474526928,0.6666666666666572,4,0,0
0.684488216672529,-34.666666666666664,-2,0,0
0.936,-28.33333333333333,1,0,1
1.2393939393939395,1.1666666666666714,4,0,1
0.9821818181818182,1.6666666666666643,6,0,1
1.0730741540676745,-30.5,2,0,0
1.096258932324506,11.333333333333336,-5,0,1
1.192149703331812,2.0,0,0,1
1.0996978851963746,5.666666666666657,-4,0,0
0.8521825396825397,-3.333333333333343,-6,0,0
0.8331511839708561,-12.833333333333336,-3,0,1
0.906671664167916,-19.833333333333336,-1,0,1
0.8052325581395349,-7.5,1,0,0
0.8577555396711937,-27.833333333333336,8,0,0
0.6286876907426246,-30.333333333333336,-12,0,0
1.0388083104664838,21.5,0,0,1
0.7705859823822291,-13.666666666666664,0,0,0
1.042834267413931,12.5,2,0,0
1.2079628913799767,27.333333333333336,-2,0,1
0.798492117888965,-34.333333333333336,9,0,0
1.0413281525962557,-6.0,-4,0,0
1.2016494845360826,13.166666666666664,2,0,1
1.089025326170376,-0.8333333333333428,-6,0,1
1.009277934651069,15.333333333333336,-4,0,1
1.3189897100093546,28.0,-7,0,1
0.8835059171597633,-30.833333333333336,-1,0,0
1.0424528301886793,-4.333333333333329,0,0,0
0.920711374583179,2.1666666666666643,5,0,0
0.9484346224677717,9.5,1,0,0
0.9264652348016017,-16.5,-5,0,0
0.7246846846846847,13.333333333333336,5,0,1
1.124501550731059,26.66666666666667,1,0,1
1.226246271836387,15.0,-2,0,1
0.8149231894659839,-16.66666666666667,6,0,0
1.0413662239089183,-5.166666666666657,8,0,1
1.2484581497797358,12.5,-3,0,0
0.8609455701231625,5.166666666666664,4,0,0
0.7371794871794872,-23.5,-1,0,0
1.0833953834698435,3.0,7,0,1
1.0144927536231885,-5.833333333333329,3,0,0
0.8020679468242246,-10.333333333333343,-4,0,0
0.90625,0.3333333333333286,-1,0,0
0.9485477178423236,3.3333333333333357,-3,0,0
1.1048069345941687,2.1666666666666714,1,0,0
0.9857410881801125,11.166666666666671,-2,0,0
1.0759209344115004,16.999999999999993,-4,0,0
1.1624472573839661,2.8333333333333357,12,0,1
1.2036885245901638,-8.333333333333329,-1,0,1
0.9642733263961152,12.166666666666657,2,0,1
0.9128856624319419,-18.666666666666664,0,0,0
1.0563650306748467,0.5,4,0,1
0.7194092827004219,-17.5,0,0,0
0.7686038270729979,3.6666666666666714,-1,0,0
0.9854105877448937,-16.333333333333336,-7,0,1
1.286493860845839,18.166666666666664,-3,0,0
1.0212084833933572,7.833333333333329,0,0,0
0.9717728055077453,-8.833333333333329,2,0,1
0.8661560904449307,-4.333333333333329,-2,0,0
0.7625049231981095,-18.166666666666664,0,0,1
0.731306990881459,-10.166666666666671,4,0,0
1.112967032967033,18.33333333333333,-1,0,1
1.4309559939301972,15.500000000000007,-2,0,1
0.7644118627124292,-7.166666666666671,-7,0,0
1.106092884533447,7.0,7,0,1
0.7809323519102699,-8.0,-7,0,0
1.089557650471356,26.333333333333336,-2,0,1
1.0892934547030775,-14.833333333333336,-1,0,1
0.851279967492889,-26.000000000000007,0,0,1
0.8666666666666667,-10.833333333333329,-3,0,0
0.86941472624292,-1.1666666666666572,-4,0,0
0.8755963302752293,4.333333333333336,-2,0,0
0.930928626247122,-10.166666666666664,-3,0,0
0.8808510638297873,3.1666666666666714,-3,0,0
1.1808367071524966,-3.3333333333333286,-2,0,1
1.096734693877551,16.666666666666664,-7,0,1
1.0300809872734285,39.666666666666664,0,0,1
0.8977889027951607,-20.499999999999993,1,0,1
0.8795478629459554,-7.666666666666657,5,0,1
0.6754988550866863,-34.49999999999999,2,0,0
1.2203932327389118,7.166666666666657,-2,0,1
1.0881729546417973,2.6666666666666714,-1,0,1
0.9810003877471888,-18.333333333333336,-5,0,0
0.9113487409451535,18.0,3,0,0
1.0860158311345647,36.00000000000001,1,0,0
1.1429154757043691,25.499999999999993,1,0,1
0.9826760044231478,-9.666666666666671,-8,0,0
1.0798611111111112,-8.666666666666664,11,0,0
0.8671522719389525,-7.666666666666671,1,0,1
1.2198237885462555,2.1666666666666714,2,0,0
0.9555555555555556,-18.833333333333336,3,0,1
0.9477351916376306,8.333333333333336,-4,0,0
0.7651257647858599,-11.0,2,0,0
0.8586171310629515,-43.833333333333336,1,0,1
0.914795008912656,11.166666666666671,2,0,0
0.9151223128243143,-31.83333333333333,-2,0,0
0.7211302211302212,-6.666666666666671,5,0,1
1.1467775467775467,-3.3333333333333286,8,0,1
0.8939597315436242,2.3333333333333357,3,0,1
1.2799819657348963,-0.3333333333333357,1,0,1
0.7664310954063605,-8.666666666666664,3,0,0
0.9734848484848485,0.5,7,0,1
0.8245156482861401,-4.666666666666657,4,0,1
0.9082191780821918,-9.0,-3,0,1
0.9030482641828959,2.6666666666666643,-5,0,0
1.0085543199315654,-11.5,0,0,1
0.9044886938913264,1.8333333333333357,2,0,1
1.0167973124300111,-12.833333333333336,-7,0,0
0.9575534759358288,2.666666666666657,3,0,1
0.961730449251248,-0.3333333333333428,-3,0,1
1.168944099378882,-8.333333333333336,-12,0,0
0.8665441176470589,-18.83333333333333,-3,0,1
1.4111328125,14.5,2,0,0
0.9148217636022514,22.000000000000007,-8,0,0
1.486444212721585,3.0,-2,0,0
0.9690298507462687,2.1666666666666643,10,0,1
0.8147524418996295,7.833333333333329,-5,0,0
0.6545111600125747,-27.499999999999993,-8,0,0
1.0630891950688905,16.0,9,0,1
0.9348452123830093,-15.833333333333329,-3,0,0
1.0424478245489919,-8.5,0,0,0
1.0226548672566371,-18.000000000000007,-4,0,0
0.9910386965376782,26.333333333333336,8,0,1
1.1837425910245554,15.833333333333329,-1,0,1
0.8467234357645317,-2.3333333333333357,3,0,1
1.0073929961089494,-3.6666666666666714,3,0,1
1.094289508632138,-1.6666666666666643,1,0,0
1.1208413001912045,6.5,-3,0,1
0.7395443726623597,-24.833333333333336,-8,0,0
0.9593023255813954,21.499999999999993,-3,0,1
0.9538279400157853,2.6666666666666643,-6,0,1
1.2314928425357874,15.333333333333336,5,0,1
0.9992805755395684,-9.0,-3,0,1
1.1043151969981237,2.166666666666657,-4,0,0
1.2340142095914743,-0.3333333333333357,2,0,1
0.8357819131570355,-7.166666666666671,1,0,0
0.9126079447322971,13.5,2,0,1
0.8255733148019458,-17.0,-1,0,1
0.8707760861492759,-27.166666666666664,-1,0,0
1.5079105291871249,16.83333333333333,7,0,1
0.8355082417582418,12.166666666666664,1,0,0
0.7660187185025198,-8.666666666666671,6,0,1
1.5113882863340564,31.0,1,0,1
0.9001426533523538,16.0,2,0,1
1.1472,32.833333333333336,-4,0,0
1.118421052631579,3.0,-5,0,1
1.151603498542274,24.666666666666664,2,0,1
0.9904086738949124,-4.500000000000007,-1,0,0
0.9499205087440381,-4.0,2,0,0
0.9277486910994764,-25.666666666666657,2,0,0
0.9453846153846154,-8.666666666666671,1,0,0
0.9680889207601291,-16.33333333333333,-6,0,0
0.9941520467836257,-0.3333333333333428,-3,0,1
1.076470588235294,21.333333333333336,-2,0,1
0.9886674482219617,6.999999999999993,3,0,1
0.9995886466474702,-15.833333333333336,9,0,1
1.1555737035524705,3.6666666666666643,-2,0,0
1.1572402727637385,-6.5,1,0,1
1.4689800210304942,24.833333333333336,1,0,1
1.2166666666666666,2.8333333333333286,0,0,0
1.0137037037037038,11.5,-1,0,1
0.8052759458521347,-38.0,5,0,0
0.9565580618212197,27.83333333333333,10,0,0
1.388482186432406,27.333333333333336,3,0,1
0.9797421731123389,7.999999999999993,0,0,0
0.907608695652174,13.166666666666664,-2,0,1
1.2186755597903765,-17.0,-2,0,0
0.9526462395543176,-17.166666666666664,-3,0,1
0.9242878560719641,1.5,5,0,0
1.1061946902654867,31.666666666666664,3,0,1
0.7696218620908802,-23.333333333333336,-20,0,0
0.8605983450031827,-35.66666666666667,-2,0,1
1.0438923395445134,-13.0,2,0,0
1.1026717557251908,16.66666666666667,3,0,0
1.0095238095238095,-14.166666666666664,1,0,1
0.8362641656897225,-29.33333333333333,-1,0,0
0.7941787941787942,-32.00000000000001,-1,0,1
1.2097516099356025,14.0,0,0,1
1.0799701046337817,6.333333333333329,0,0,1
1.058523173605656,-30.833333333333336,-3,0,0
1.1356589147286822,30.83333333333333,1,0,1
0.896414342629482,-23.666666666666664,7,0,1
1.0753952168625862,21.999999999999993,1,0,1
0.6931489224831135,-44.16666666666667,5,0,0
1.1197841726618705,12.833333333333329,0,0,1
1.3542168674698796,20.66666666666667,-4,0,0
0.7594890510948905,-2.1666666666666714,3,0,1
1.0656226696495152,-9.833333333333329,-9,0,1
1.1103253182461104,-20.0,-1,0,0
0.855098389982111,18.333333333333336,-4,0,0
0.9188811188811189,-21.333333333333336,-4,0,0
1.0915872358060505,-16.166666666666664,11,0,0
0.897119341563786,7.500000000000007,-1,0,0
1.029010989010989,17.66666666666667,0,0,1
1.1890075128509292,10.166666666666671,2,0,1
1.1349939734833265,18.166666666666664,-1,0,0
0.8946428571428572,-0.3333333333333286,1,0,0
0.676939811457578,-24.5,0,0,0
1.0083366415244144,-3.5,-4,0,1
1.138655462184874,25.833333333333336,-4,0,0
0.9553030303030303,-1.3333333333333428,-4,0,1
0.9683206106870229,8.499999999999993,1,0,1
1.1508515815085159,7.333333333333336,-3,0,1
0.9044906166219839,-21.666666666666664,2,0,1
0.9142252029650547,0.6666666666666714,1,0,0
0.9954988747186797,-25.166666666666664,-1,0,0
0.8784942228848304,5.0,0,0,0
0.9620168067226891,0.6666666666666572,10,0,1
1.229873417721519,16.666666666666664,-4,0,0
1.0589390962671905,17.83333333333333,-9,0,0
0.9911875786823332,-5.5,0,0,0
0.8375196232339089,-4.333333333333329,-1,0,0
1.0868761552680222,16.333333333333343,-2,0,1
1.3822222222222222,8.166666666666671,-6,0,1
1.007796471070989,12.833333333333329,1,0,1
0.9955676781452438,7.666666666666671,5,0,1
0.7960066555740433,-1.5,-4,0,0
1.0136752136752136,13.666666666666664,0,0,0
0.7860246198406952,-4.333333333333329,3,0,0
0.9413006756756757,-6.333333333333329,-1,0,1
0.7145840584754611,-53.0,10,0,0
0.974850809889173,2.3333333333333357,1,0,1
0.7921770051363097,12.000000000000007,-4,0,0
1.0312087912087913,7.166666666666664,0,0,0
1.0513725490196077,9.666666666666657,-3,0,1
1.3137996219281665,12.666666666666664,-10,0,1
1.1030256606664113,2.8333333333333286,2,0,1
1.1626344086021505,15.0,5,0,1
0.8120805369127517,6.333333333333329,-1,0,0
1.124490552056317,-16.5,1,0,1
1.187338976812661,22.166666666666657,7,0,1
0.8256959314775161,-2.8333333333333357,7,0,0
1.0061326178612495,-3.6666666666666643,4,0,1
0.8836596385542169,-10.666666666666664,-2,0,0
1.1568093385214009,0.3333333333333286,-8,0,1
0.9392935982339956,4.0,0,0,0
0.9516699410609037,-11.000000000000007,0,0,0
1.1265930331350893,-2.8333333333333357,13,0,1
0.9234750462107209,21.83333333333333,4,0,1
1.1371914204775395,21.166666666666664,6,0,0
1.2391982182628063,4.166666666666671,7,0,0
1.0773115773115773,-5.333333333333329,-4,0,1
1.2932537861404314,-11.166666666666664,-1,0,1
0.8917117867555185,13.166666666666671,2,0,0
1.0341038272072756,11.0,8,0,1
0.7342657342657343,-13.666666666666664,6,0,1
0.9607035928143712,21.999999999999993,2,0,0
1.485592820028342,38.99999999999999,-1,0,1
0.9306738962044926,13.0,-1,0,1
0.9514405956620265,-39.49999999999999,2,0,0
0.9202693125442948,-2.8333333333333286,2,0,0
0.9375,-0.5,-3,0,0
0.7463546965072906,-4.333333333333329,0,0,0
1.2207484604452865,2.1666666666666714,-3,0,1
0.9655412460842325,-16.666666666666657,9,0,1
1.0074045206547155,-9.0,-2,0,0
1.396208969024503,11.666666666666664,-1,0,1
0.6901458555674137,-6.5,7,0,1
0.8811160533764658,25.166666666666664,5,0,1
0.8578352180936996,-5.833333333333336,1,0,1
0.8684891023272996,-5.666666666666657,-1,0,0
1.2496378561081602,20.33333333333333,5,0,1
0.8394840558939448,-19.333333333333336,11,0,0
1.4096385542168675,11.0,-4,0,1
1.1560859188544153,5.666666666666664,1,0,0
0.9654100272055965,10.666666666666664,-5,0,1
1.4165548098434004,15.0,1,0,1
1.115819209039548,16.83333333333333,-4,0,0
0.5950704225352113,-54.166666666666664,-5,0,0
0.9857035364936042,9.166666666666671,0,0,0
0.7785858585858586,-10.833333333333336,-1,0,0
1.040371561271883,2.0,2,0,1
1.010928961748634,-8.5,-4,0,0
0.9842490842490842,-12.666666666666671,-2,0,0
1.062015503875969,13.166666666666671,-6,0,0
0.9458635150590926,-21.500000000000007,0,0,1
1.2403416022773486,22.000000000000007,-4,0,1
1.2587412587412588,-6.833333333333336,-2,0,1
0.6880796976983854,-25.833333333333336,5,0,0
0.9225225225225225,-9.666666666666664,0,0,0
0.8548972188633616,-8.166666666666664,-8,0,0
0.8279681550709588,-0.5,-8,0,1
0.8389894419306184,-19.833333333333336,3,0,1
0.7705660377358491,-4.333333333333336,2,0,0
1.0171206225680933,22.33333333333333,2,0,0
1.057563025210084,3.3333333333333357,3,0,1
0.9991546914623838,-4.499999999999993,-8,0,0
0.8780998952148097,4.166666666666664,-4,0,1
0.7688513037350246,-5.833333333333336,3,0,1
1.194508009153318,14.500000000000007,1,0,1
1.0649253731343284,6.833333333333343,2,0,1
0.9632237871674492,14.166666666666671,-4,0,1
0.9610274579273693,11.166666666666671,-5,0,1
1.3243781094527363,20.833333333333336,3,0,1
1.0080583269378358,-4.5,1,0,0
0.8111025443330764,-12.666666666666671,-4,0,1
1.17395029991431,9.166666666666664,11,0,1
0.7903624382207578,-13.333333333333336,-3,0,0
0.5617359413202934,-34.166666666666664,7,0,0
1.1024908125765618,1.1666666666666643,6,0,1
1.053423626787058,-9.0,-10,0,0
0.919732441471572,-21.66666666666667,-6,0,0
0.9114015976761075,-5.166666666666664,3,0,0
1.236091631603553,-0.5,-6,0,0
0.9860627177700348,-6.166666666666671,4,0,0
1.1960862619808306,2.3333333333333286,1,0,1
0.9281437125748503,6.666666666666664,3,0,1
0.9239469578783152,-28.16666666666667,5,0,1
0.980422866092404,-31.0,-5,0,0
0.9926470588235294,6.5,-3,0,0
1.0220346929207689,10.666666666666671,3,0,0
1.0469416785206258,7.833333333333343,3,0,1
1.063400576368876,2.0,0,0,0
1.0521186440677965,19.16666666666667,1,0,1
0.9464210966931771,13.333333333333336,-4,0,1
0.9794685990338164,1.6666666666666572,-1,0,0
1.0263455024463681,-3.0,1,0,1
1.1304182509505702,42.666666666666664,-1,0,0
0.7889876880984952,-28.666666666666664,-7,0,0
1.1980637353771681,-3.5,-2,0,1
0.7719471947194719,-22.166666666666664,2,0,0
0.9819855884707767,9.166666666666664,-7,0,1
0.806929027917928,9.0,1,0,0
0.9701781564678543,7.5,-2,0,0
0.8676579925650557,-31.0,-2,0,0
0.7221843003412969,-17.83333333333333,6,0,1
1.1398176291793314,16.16666666666667,-3,0,1
1.089113924050633,6.833333333333329,1,0,1
0.8250453720508167,-3.5,-2,0,0
1.091881188118812,-8.333333333333336,-3,0,1
0.9614672100778066,-19.166666666666664,-5,0,0
0.8924773532886964,-6.499999999999993,-1,0,0
1.3636363636363635,30.83333333333333,6,0,1
0.9928443649373881,0.5,3,0,0
0.9912280701754386,-1.3333333333333286,4,0,0
0.7996370235934664,-15.166666666666671,0,0,1
0.9107551487414187,17.000000000000007,2,0,1
0.9333091699891265,18.666666666666657,1,0,1
0.9414634146341463,-1.0,6,0,1
1.0773434216057167,14.000000000000007,-1,0,1
1.3101135190918474,-2.8333333333333357,2,0,1
0.8872104733131924,-11.833333333333329,2,0,0
1.126949740034662,12.166666666666671,-2,0,0
1.0572503134141245,26.833333333333336,-2,0,0
1.2592592592592593,8.333333333333343,-3,0,1
0.8745671412081569,4.833333333333329,-4,0,1
1.156735102653981,-19.5,-7,0,0
0.7920604914933838,-6.833333333333329,9,0,1
1.2207527975584944,28.500000000000007,0,0,1
0.978243670886076,5.166666666666671,0,0,0
0.875,-46.166666666666664,0,0,1
0.9908735332464146,7.999999999999993,3,0,0
1.2510499300046665,37.833333333333336,4,0,1
1.0365853658536586,2.999999999999993,1,0,1
1.28075117370892,12.166666666666671,-7,0,0
0.8339992735197966,-2.6666666666666643,0,0,1
1.084823475469968,21.999999999999993,2,0,0
1.3721577726218097,4.5,0,0,0
0.9492656875834445,21.666666666666664,1,0,1
1.1721246006389776,22.833333333333336,-3,0,0
0.940152339499456,0.0,1,0,0
1.1619718309859155,-15.333333333333343,-10,0,0
0.9346549192364171,7.333333333333329,4,0,1
0.7064538514920194,-23.333333333333336,-5,0,1
1.3107551487414189,15.5,-6,0,0
0.9781181619256017,0.3333333333333428,-1,0,1
1.4191404519273372,27.333333333333336,0,0,1
1.2428256070640176,-12.333333333333336,0,0,0
1.0881870385561936,-11.0,-6,0,0
1.0313692242475625,-12.166666666666657,-5,0,0
0.9470633693972179,0.5,6,0,0
1.0065485362095532,26.33333333333333,1,0,0
1.1456903127383677,-20.66666666666667,-2,0,0
0.9728006799830005,8.833333333333336,-7,0,1
0.7039143526262964,-18.66666666666667,-3,0,1
0.9034267912772586,-15.666666666666664,-2,0,0
1.1050803300043421,7.166666666666657,3,0,0
1.1947431302270013,6.333333333333343,0,0,1
1.312290502793296,31.166666666666664,-1,0,1
0.8837209302325582,-6.166666666666664,2,0,1
1.0050539083557952,0.6666666666666714,-2,0,1
1.058278656889232,-16.666666666666664,9,0,0
0.7789572275991258,-35.16666666666667,-2,0,0
1.1175475687103593,-4.500000000000007,1,0,0
1.0325138778747027,-5.666666666666657,-3,0,1
1.0778260869565217,3.6666666666666643,4,0,0
0.8856763044200732,-22.16666666666667,3,0,1
1.1477911646586345,-28.66666666666667,0,0,0
1.0494942196531791,1.0,1,0,1
1.3207797961896321,31.5,-6,0,1
1.0772104607721047,-25.499999999999993,-6,0,1
0.990953947368421,4.666666666666664,3,0,1
1.1491985203452528,2.0,11,0,1
0.6696340257171117,-34.5,-6,0,0
0.885,-25.833333333333336,-1,0,1
0.9830195644149132,-31.333333333333336,2,0,0
1.215301618440412,29.833333333333336,2,0,0
0.875885328836425,-5.0,0,0,1
0.996551724137931,18.33333333333333,4,0,0
0.9924272618573137,3.1666666666666643,5,0,1
1.2597098736546561,14.166666666666671,-1,0,1
1.284275076653526,12.166666666666671,0,0,1
0.9221150410861022,-24.166666666666664,-1,0,1
0.8056239015817224,-2.6666666666666714,-1,0,1
0.8181465684373789,-15.833333333333336,0,0,1
0.9920303605313093,-8.666666666666664,4,0,0
0.9916981132075472,2.833333333333343,1,0,1
0.9370629370629371,0.1666666666666572,-2,0,0
1.0099808061420346,7.5,-1,0,1
1.0719137035557331,-2.1666666666666643,-2,0,1
0.814637734461199,-17.499999999999993,2,0,1
1.072630283135002,21.33333333333333,-6,0,1
0.8852031308237048,-15.666666666666664,-6,0,1
1.2595842956120091,-0.5,0,0,1
1.4164989939637826,17.499999999999993,-1,0,0
0.905039424065821,-22.166666666666664,-2,0,0
1.0261264672472548,-7.833333333333329,-3,0,1
0.9740478597910347,7.833333333333329,-5,0,1
1.043911439114391,-3.166666666666657,1,0,1
1.0359712230215827,13.5,2,0,0
1.0059777967549104,14.833333333333336,-1,0,1
1.0111012433392539,-20.000000000000007,2,0,0
1.1386654046379554,13.666666666666671,4,0,1
0.7418099253973403,-11.333333333333329,2,0,1
1.045418326693227,0.6666666666666714,-2,0,0
1.2094594594594594,1.1666666666666643,6,0,1
1.0427350427350428,-12.0,-2,0,0
0.9958813838550247,-2.0,-1,0,0
1.2028608582574774,18.0,-3,0,1
0.8967874231032126,-27.83333333333333,0,0,0
0.9944881889763779,19.0,-3,0,0
0.8820435762584523,-14.833333333333336,3,0,1
1.004038772213247,5.833333333333329,1,0,1
1.240506329113924,22.5,-5,0,1
0.9475524475524476,5.166666666666657,-1,0,0
1.026487663280116,5.666666666666657,0,0,0
1.0452528837622006,9.666666666666671,0,0,1
0.9075283602612582,-15.499999999999993,4,0,1
0.9372093023255814,5.166666666666664,6,0,1
1.0173841059602649,22.66666666666667,1,0,0
1.256204963971177,15.5,-7,0,0
1.0654362416107384,1.0,-2,0,0
1.22668513388735,22.33333333333333,6,0,1
0.8025810952214859,-23.166666666666664,-7,0,0
0.996608732513777,-15.333333333333329,-1,0,1
0.7278246205733558,-34.166666666666664,4,0,0
0.9712533537753929,-13.166666666666664,3,0,1
1.023391812865497,12.833333333333336,3,0,0
1.0127304653204565,11.5,-2,0,1
1.0491615853658536,14.833333333333329,6,0,1
1.112451529513141,-3.166666666666657,3,0,0
0.8411513859275054,-22.333333333333336,4,0,1
0.9870705578130772,23.666666666666664,6,0,0
0.8248546511627907,-38.833333333333336,-1,0,0
0.7546770208259795,-14.5,2,0,0
1.0843170320404723,19.833333333333343,2,0,0
1.0631125049000392,21.999999999999993,-9,0,0
1.0576247364722418,3.6666666666666643,0,0,1
0.9821782178217822,-2.0,-7,0,0
0.8515653775322284,0.5,-1,0,0
1.0043668122270741,-14.0,4,0,1
1.0165258905618804,7.666666666666657,-2,0,0
1.2283236994219653,15.333333333333336,1,0,0
1.0765072765072765,-9.333333333333343,0,0,1
0.9627581120943953,-13.333333333333329,-1,0,1
0.7278958190541467,-16.999999999999993,2,0,0
1.0915006100040667,-2.6666666666666643,6,0,1
0.8320422535211267,-3.0,-2,0,1
1.1011904761904763,6.5,1,0,0
0.8852758494702229,-23.333333333333336,3,0,0
0.9904104334484082,8.000000000000007,-3,0,1
1.2759803921568627,9.666666666666664,2,0,1
1.2340425531914894,22.0,0,0,1
1.2376395534290272,17.33333333333333,2,0,1
1.1104408352668214,-12.500000000000007,7,0,0
0.8766187050359712,-14.000000000000007,4,0,0
1.0495283018867925,0.0,-7,0,1
1.2211126961483594,-8.333333333333343,0,0,0
1.1201397990388815,40.33333333333333,-2,0,0
0.9743879472693032,-11.833333333333336,7,0,1
0.7825042881646656,-3.6666666666666643,0,0,0
1.126,7.000000000000007,4,0,1
1.1492315319781854,10.333333333333329,-1,0,1
0.9988584474885844,-9.5,-1,0,0
0.9378987664823479,-0.6666666666666714,3,0,0
1.0561883067577829,-1.5,-2,0,1
0.9537509104151493,-5.833333333333329,1,0,1
0.9776064610866373,0.5,3,0,0
0.8767790262172285,-10.166666666666664,3,0,1
1.0960839725474365,17.333333333333336,4,0,1
1.0438709677419356,15.333333333333336,3,0,1
0.9682210708117444,-15.166666666666664,0,0,0
0.7730449251247921,-5.499999999999993,0,0,0
1.2690582959641257,8.166666666666664,7,0,1
0.8549222797927462,-17.16666666666667,4,0,1
0.9147095179233622,-35.83333333333333,0,0,0
0.7334696659850034,18.999999999999993,-5,0,0
1.0680705190989226,2.5,-3,0,0
0.9406130268199234,-18.33333333333333,3,0,1
1.0003298153034301,-4.833333333333343,-5,0,1
1.010507880910683,-0.5,1,0,0
1.1710304054054055,20.666666666666664,14,0,1
1.1347673397717295,1.0,1,0,1
0.8222222222222222,-4.833333333333336,1,0,1
0.8781634128705712,-8.833333333333336,2,0,1
1.24429102496017,8.666666666666664,0,0,1
1.2142857142857142,-11.5,-4,0,1
1.1055740125507567,-13.166666666666664,-1,0,1
1.0557768924302788,-7.666666666666664,-3,0,1
1.1193327630453378,-10.666666666666664,6,0,0
1.0535331905781584,8.333333333333336,5,0,0
1.0800788954635108,-26.5,-2,0,1
1.1606864274570983,30.833333333333336,-1,0,0
0.9717791411042945,-6.333333333333343,5,0,0
1.0258885476086002,-9.333333333333336,4,0,0
1.2690355329949239,12.999999999999993,-1,0,1
1.0368715083798883,-0.5,1,0,0
1.0759984490112446,40.16666666666667,3,0,1
0.9603563474387528,6.666666666666664,0,0,0
0.9076763485477178,19.66666666666667,2,0,0
1.0868605079131395,9.166666666666671,6,0,0
1.0230489284270117,11.166666666666664,-3,0,0
1.2467419635099912,2.166666666666657,5,0,0
0.9926578560939795,3.5,-2,0,1
1.013876454789615,-0.1666666666666714,-1,0,1
1.0477914554670529,-3.5,3,0,1
1.0318033971810625,-10.833333333333329,-1,0,0
0.9908802537668517,-9.333333333333329,-1,0,1
1.0565888405223585,-9.833333333333343,0,0,1
1.1494868362338242,32.666666666666664,-1,0,1
1.0767590618336886,-2.6666666666666643,-3,0,0
0.828665568369028,-8.166666666666657,3,0,0
0.9051012753188297,-20.83333333333333,-4,0,0
1.0880434782608697,23.500000000000007,4,0,1
0.8189003436426117,-25.999999999999993,-2,0,0
0.9649298597194389,-14.0,-1,0,1
1.1820580474934037,20.66666666666667,5,0,1
1.2174075457601794,-20.666666666666657,-4,0,1
1.2323076923076923,26.66666666666667,0,0,1
0.978185595567867,15.5,-1,0,0
0.981839258114374,4.833333333333329,-2,0,0
0.8528343023255814,-32.666666666666664,0,0,0
1.1164021164021165,46.333333333333336,1,0,1
0.8648648648648649,-15.0,-3,0,0
0.9172774869109948,1.1666666666666714,-3,0,0
1.0644894584539066,30.499999999999993,-3,0,1
0.7945160224644863,-16.999999999999993,5,0,1
1.135412026726058,5.333333333333329,1,0,1
1.3044530493707647,2.6666666666666643,2,0,0
1.1573489630297564,15.833333333333336,-3,0,0
0.8198697068403908,-2.8333333333333286,8,0,0
1.03844454264251,5.666666666666671,-2,0,0
1.1462121212121212,18.5,-4,0,0
0.8361891706648389,-14.5,2,0,1
0.8654109589041096,-9.833333333333329,-2,0,0
0.8628735161686452,-2.8333333333333357,2,0,0
1.0089955022488755,19.500000000000007,0,0,1
0.8884120171673819,-19.33333333333333,1,0,0
1.1971261787157612,24.833333333333336,-3,0,1
0.8777506112469438,9.166666666666657,-8,0,0
0.9572429045337265,25.83333333333333,-3,0,0
0.7429906542056075,7.000000000000007,0,0,0
0.9762975071516142,5.666666666666664,-1,0,1
1.1240819482025513,6.333333333333329,-6,0,1
1.1317391304347826,-10.5,2,0,1
0.8455223880597015,-0.6666666666666714,-2,0,0
0.9266117969821673,-7.833333333333336,10,0,0
0.982420278004906,23.33333333333333,-2,0,0
0.8013595166163142,20.666666666666664,0,0,0
0.8118279569892473,7.666666666666671,7,0,1
0.9298245614035088,-13.166666666666664,2,0,0
1.0217821782178218,-8.833333333333336,-3,0,1
1.3266007735281478,26.333333333333336,1,0,1
1.1761881901104176,20.16666666666667,3,0,0
0.8169369369369369,2.0,-1,0,1
1.0247813411078717,-12.333333333333329,13,0,1
0.8256252141144228,-37.166666666666664,2,0,0
1.2036885245901638,5.166666666666657,-11,0,0
0.698468410976388,-27.499999999999993,-1,0,0
0.8884381338742393,6.5,-6,0,1
1.1669972233240777,22.833333333333336,4,0,1
0.9134615384615384,-29.166666666666664,-4,0,1
1.506075334143378,16.166666666666664,-3,0,1
1.016324981017464,-16.5,4,0,0
0.9830076465590484,-13.166666666666664,-11,0,0
1.0494208494208495,10.666666666666657,-8,0,0
1.0364077669902914,7.5,0,0,1
1.4588785046728971,41.33333333333333,-5,0,1
0.9516728624535316,-16.83333333333333,6,0,0
1.0356337392873252,9.0,-6,0,0
1.154040404040404,20.833333333333343,-6,0,1
0.7773422187377499,-7.833333333333329,0,0,1
1.1865671641791045,7.833333333333336,1,0,1
1.2378854625550662,11.666666666666657,-6,0,0
1.0382442416340723,-2.0,0,0,1
1.329581269698334,14.666666666666671,8,0,1
1.093054318788958,-2.5,-7,0,0
1.0969285999202234,-8.666666666666671,0,0,1
0.9823182711198428,-2.666666666666657,2,0,1
1.0949612403100775,31.333333333333336,-3,0,1
0.8608556577369052,-30.166666666666664,5,0,0
0.8359751895244659,-5.166666666666657,-5,0,0
1.0979608156737306,0.5,6,0,1
1.2308943089430895,2.8333333333333357,-2,0,1
1.1078625049387594,14.833333333333336,-1,0,0
0.8671614100185528,0.9999999999999929,4,0,1
1.0507921714818267,18.166666666666664,-11,0,0
1.1387900355871887,9.333333333333329,6,0,1
0.8486238532110092,-21.666666666666664,2,0,0
0.9928656361474435,-11.833333333333336,-1,0,1
0.978544061302682,-7.5,0,0,0
0.921978021978022,19.66666666666667,-1,0,0
1.1725806451612903,19.166666666666664,-2,0,0
1.0602558811390839,-3.3333333333333357,-2,0,1
1.1875278396436526,18.333333333333336,2,0,1
1.2940057088487156,0.0,1,0,0
0.9604250641260536,12.833333333333336,4,0,0
0.9366995975118917,-4.166666666666664,-3,0,0
0.9624908958485069,-12.0,3,0,0
1.009252669039146,18.33333333333333,0,0,0
1.2032106499608457,-2.6666666666666714,-2,0,1
1.09,2.6666666666666643,-6,0,0
0.8947183098591549,-5.833333333333343,7,0,1
1.0256410256410255,-0.1666666666666572,-6,0,0
1.2829820452771272,12.166666666666671,5,0,1
1.2385428907168037,19.833333333333336,-4,0,1
1.0189917127071824,-22.833333333333336,4,0,1
1.1051309651955508,7.833333333333329,3,0,1
1.1277823577906019,-8.5,0,0,0
0.9424854501882917,-10.666666666666671,9,0,1
1.0670647680293983,2.1666666666666643,-1,0,0
0.9887915936952715,5.166666666666657,-16,0,0
1.3375350140056022,11.833333333333329,4,0,1
0.930934205743366,-9.833333333333343,-3,0,0
0.7576847612818836,-15.166666666666664,1,0,1
1.2727272727272727,13.0,1,0,1
0.9846029173419774,27.333333333333336,0,0,1
0.8708487084870848,-37.83333333333333,1,0,0
1.1385357299430074,23.83333333333333,-4,0,1
1.1225176708179063,8.333333333333329,11,0,1
0.8371747211895911,-7.999999999999993,3,0,0
1.0099762470308788,-3.3333333333333286,-4,0,0
1.011444356748224,12.500000000000007,-2,0,0
1.1625263157894736,21.666666666666664,-1,0,1
0.8628158844765343,-8.666666666666657,5,0,0
0.8732813080639168,7.333333333333329,-5,0,0
0.9746146872166818,-5.0,-2,0,0
0.9896825396825397,-3.1666666666666714,5,0,1
1.1944834034595606,0.6666666666666714,0,0,0
0.9085545722713865,5.999999999999993,-7,0,0
1.1914460285132382,23.166666666666664,-5,0,1
0.825768156424581,-0.5,-4,0,0
1.1652820288587669,23.83333333333333,-10,0,0
1.088069414316703,15.833333333333336,-1,0,1
1.0794374762447738,1.3333333333333286,-2,0,0
0.884318766066838,2.0,-5,0,0
0.9726230114687384,-18.333333333333336,-4,0,0
0.9925093632958801,-6.833333333333336,-5,0,0
0.7108061749571184,-10.833333333333336,-6,0,0
0.8139458030403173,-33.49999999999999,-8,0,0
0.9679313459801264,21.0,-7,0,1
1.0385496183206107,2.5,7,0,1
0.796509321697739,-3.0,4,0,0
0.8288431061806656,-31.999999999999993,4,0,0
1.1542986425339365,-0.8333333333333286,0,0,0
1.1139489194499017,24.66666666666667,-7,0,1
1.1592649310872893,1.1666666666666643,4,0,0
0.9044707680550248,2.6666666666666714,0,0,1
0.9148463532025176,-10.0,-4,0,1
1.0911300121506682,26.166666666666664,2,0,1
0.8917764328942684,-29.66666666666667,-3,0,0
0.8907758907758908,7.5,-2,0,0
0.9069850320741268,-17.666666666666664,-1,0,0
0.7832093517534537,-26.66666666666667,1,0,0
1.2905507832238505,-8.5,-1,0,1
0.940754039497307,-8.166666666666671,-4,0,0
1.0846343467543138,-4.666666666666671,4,0,0
0.9235082098518221,1.5,4,0,0
0.8547717842323651,5.166666666666664,-1,0,0
0.9598108747044918,-10.833333333333336,4,0,0
0.7148387096774194,-29.16666666666667,-1,0,1
1.126153846153846,30.999999999999993,4,0,0
1.0243499793644242,-8.5,-3,0,0
1.2948960302457466,17.333333333333336,-2,0,0
0.7906395141121829,-31.333333333333336,-7,0,0
1.0803603603603604,14.333333333333329,5,0,1
0.9819854350325795,-4.333333333333329,-2,0,1
1.0131766381766383,19.5,-5,0,0
0.978401727861771,9.666666666666664,-5,0,0
0.8554216867469879,-16.66666666666667,0,0,0
1.132200580190634,21.666666666666664,-3,0,0
0.8553615960099751,-16.999999999999993,2,0,0
1.1487077534791252,-1.0,-4,0,0
1.2547359935509874,-4.333333333333329,3,0,1
0.9716768587061474,-15.833333333333329,-12,0,0
1.345399698340875,21.666666666666664,-1,0,1
1.08071367884452,-23.000000000000007,4,0,0
1.1514889943892965,1.5,-4,0,1
0.8734761120263591,18.5,-5,0,0
1.154757204895381,-2.8333333333333286,-1,0,1
0.9674831081081081,10.999999999999993,6,0,0
0.7783595113438045,-44.00000000000001,-3,0,0
1.0087886893389377,14.5,5,0,1
0.9010263929618768,-3.8333333333333286,-2,0,0
1.141323792486583,9.833333333333329,-5,0,1
1.2037440139312146,11.166666666666671,-4,0,0
0.8294302691366655,-18.166666666666664,-6,0,0
0.9223727572317832,-21.0,-2,0,0
0.8508245877061469,-3.6666666666666643,0,0,1
1.1100702576112411,8.166666666666664,-1,0,0
1.2127280818869604,20.16666666666667,2,0,0
0.9759704251386322,22.333333333333336,-1,0,1
1.0304609218436873,-0.6666666666666643,-3,0,1
0.9256729610285255,-17.666666666666664,-1,0,1
1.0733306022122082,19.0,-11,0,0
0.8693433140523987,-5.5,2,0,0
0.9776,-2.5,3,0,0
1.0023300970873787,-27.999999999999993,-1,0,1
0.8255208333333334,-24.333333333333336,-5,0,0
1.2262602579132473,0.0,-5,0,1
1.1052246985750822,1.6666666666666714,3,0,0
1.1187648456057007,-13.166666666666671,2,0,1
1.0481113320079523,-10.0,0,0,0
1.0861594867094408,2.0,-4,0,1
1.1596601073345258,8.166666666666671,2,0,0
1.0172143974960877,-14.499999999999993,-1,0,1
1.0796714579055442,-16.5,-2,0,0
0.7055536150890674,0.6666666666666643,1,0,0
0.9522460542290571,-4.0,-8,0,1
1.2696122633002704,12.833333333333336,-11,0,1
0.7177871148459384,-5.333333333333336,1,0,0
0.8795341098169717,4.5,3,0,1
0.6704132231404959,-14.666666666666671,1,0,1
0.9850034083162917,0.1666666666666714,6,0,0
1.598317560462671,22.166666666666664,-6,0,1
0.9272257111193203,-0.5,1,0,0
0.9612141652613828,5.0,0,0,0
0.8950413223140495,10.0,-1,0,0
0.7763300760043431,4.833333333333336,-6,0,1
1.3039073806078147,13.833333333333336,-4,0,1
1.1964363320295524,16.5,3,0,1
1.2434860736747528,20.33333333333333,-3,0,1
0.9439130434782609,10.333333333333336,-4,0,1
0.7919354838709678,-13.833333333333336,0,0,0
0.8285621340273259,-0.6666666666666643,7,0,0
1.0395522388059701,-25.333333333333336,6,0,1
1.015304217991788,-7.333333333333329,0,0,0
0.8294807370184255,-9.0,-2,0,0
0.8690119760479041,-18.000000000000007,-2,0,0
0.8694444444444445,-6.833333333333343,-2,0,0
1.0108233475067645,12.666666666666657,7,0,0
0.994816414686825,22.499999999999993,1,0,0
1.0515463917525774,15.333333333333329,2,0,0
0.7904214559386973,-6.5,-8,0,0
1.075479233226837,10.666666666666671,4,0,1
0.8251273344651953,-6.166666666666671,-4,0,0
0.6562154186646993,-3.3333333333333357,9,0,0
1.319184352892218,-11.166666666666657,1,0,0
0.8600732600732601,1.1666666666666643,6,0,0
0.9916467780429594,12.499999999999993,6,0,0
0.9467242620590353,-27.000000000000007,4,0,0
1.041106719367589,-14.999999999999993,1,0,0
1.0304012971220105,-3.6666666666666714,-1,0,0
1.2026197298403603,7.0,8,0,1
1.1254077564334903,26.999999999999993,4,0,1
1.2851083883129124,19.166666666666664,-8,0,0
0.7919407894736842,-14.833333333333329,1,0,0
0.9083969465648855,-7.166666666666671,-6,0,1
0.6688102893890675,-43.666666666666664,1,0,1
0.9261285909712722,-17.0,-2,0,1
0.8966015907447578,-7.666666666666671,0,0,0
1.2148399612027159,12.833333333333336,2,0,1
1.1332263242375602,-3.6666666666666714,-2,0,1
1.1273062730627306,3.1666666666666643,3,0,1
1.1605633802816901,10.666666666666671,-2,0,1
0.9594083247334021,-7.5,-6,0,0
1.0398796087283673,20.83333333333333,-2,0,0
1.0912200684150513,11.833333333333329,-4,0,1
0.721048798252003,-33.666666666666664,0,0,0
0.9564928595151112,-23.500000000000007,4,0,0
1.0011070110701108,-9.499999999999993,2,0,0
0.8973977695167287,6.833333333333336,7,0,1
0.9307817589576547,0.0,-6,0,0
1.2309859154929577,-9.166666666666664,-4,0,1
0.9191443074691805,8.333333333333329,5,0,1
1.1101694915254237,26.999999999999993,5,0,1
0.9684981684981685,-9.333333333333329,-5,0,0
0.8584041857423153,-43.0,-5,0,0
1.1625596184419713,13.333333333333329,7,0,0
0.8405091725945338,-25.000000000000007,-4,0,0
1.0675046554934824,26.33333333333333,-1,0,1
1.1900557620817844,9.166666666666664,1,0,1
1.0019470404984423,5.166666666666664,-4,0,0
0.8541233541233542,20.5,0,0,1
1.0362473347547974,0.6666666666666714,5,0,0
0.7475398710553105,-33.49999999999999,6,0,0
0.9095890410958904,6.5,2,0,0
0.8727744807121661,7.833333333333329,0,0,1
1.270342374388617,21.166666666666664,-2,0,1
0.9314245316366208,-23.5,0,0,0
1.2659081331647704,9.833333333333336,3,0,1
0.9856670341786108,-22.000000000000007,2,0,0
1.0717504332755632,-6.0,-2,0,0
1.024083769633508,17.333333333333343,-3,0,1
1.0718336483931947,-18.166666666666664,-1,0,0
1.1043478260869566,-5.333333333333336,2,0,1
1.0405936272370144,23.5,-1,0,0
0.8964912280701754,-29.500000000000007,-3,0,1
1.0614646904969485,-3.0,10,0,1
0.9090183559457302,-8.5,-3,0,0
0.7986554621848739,-18.33333333333333,0,0,0
0.7687239944521498,14.333333333333329,-7,0,1
1.2307692307692308,25.66666666666667,-5,0,1
1.0582639714625446,16.666666666666664,0,0,0
0.9139922978177151,-8.5,-1,0,0
1.0368440640119092,35.99999999999999,2,0,0
1.0607513988808952,5.333333333333336,3,0,0
1.0262172284644195,-6.666666666666671,-4,0,0
1.0480192076830732,15.0,2,0,1
0.8704830053667263,-10.5,-4,0,0
0.9195998517969618,-7.999999999999993,0,0,0
0.9451266308518803,-15.833333333333336,9,0,0
0.9419354838709677,-5.333333333333343,-2,0,0
1.191962377084224,5.5,1,0,1
0.9115008156606852,-19.333333333333336,-6,0,0
0.811491935483871,-8.333333333333329,7,0,0
0.9532676159182183,-1.1666666666666714,-2,0,1
1.16478460895023,-2.8333333333333357,5,0,1
1.0342342342342343,-5.833333333333343,0,0,1
0.8859106529209622,4.333333333333329,3,0,0
0.7952286282306164,-25.166666666666664,-3,0,0
1.2579918955425484,-2.3333333333333286,-6,0,1
1.1412765957446809,8.166666666666664,-2,0,1
1.0105263157894737,12.0,0,0,0
0.8379254457050244,-3.6666666666666643,-2,0,1
1.0047776552737964,-1.6666666666666714,3,0,1
0.9840336134453781,2.0,-5,0,0
1.1646623496762256,-9.166666666666664,-3,0,0
1.03862660944206,29.83333333333333,1,0,1
0.9029796511627907,16.166666666666664,7,0,0
1.034013605442177,2.3333333333333286,0,0,1
0.8883174136664217,5.833333333333336,-5,0,1
0.9549053356282272,-8.833333333333329,1,0,0
0.8071402281928598,-6.5,1,0,0
0.7870944221655122,0.3333333333333357,-4,0,0
0.9340909090909091,18.499999999999993,-7,0,0
0.9386401326699834,-7.5,-11,0,0
1.1213798977853493,-8.833333333333329,4,0,1
1.0546558704453441,-6.5,-10,0,0
0.9946133128126202,-7.666666666666671,0,0,0
0.726148409893993,-7.5,1,0,0
0.9283702213279678,-17.499999999999993,4,0,1
1.0822810590631364,-3.666666666666657,7,0,1
0.8641089996414485,5.5,-6,0,1
1.0079854809437387,15.666666666666671,-5,0,0
1.1864850707176533,2.5,-6,0,0
1.1458863443596268,8.166666666666671,1,0,0
0.9894657637321295,-2.6666666666666714,-4,0,1
1.1878736122971818,-6.166666666666671,1,0,1
1.121742671009772,-2.666666666666657,-1,0,0
1.0145596590909092,14.833333333333343,-4,0,0
0.8012422360248447,7.166666666666664,1,0,0
0.7820689655172414,15.166666666666664,8,0,0
0.8324439701173959,3.3333333333333357,0,0,1
1.1842105263157894,4.000000000000007,6,0,1
1.0901228948566226,11.666666666666671,11,0,1
1.0627147766323024,-2.0,-7,0,0
1.2204042348411934,31.666666666666664,-2,0,1
0.9053362573099415,-17.0,-3,0,0
1.0809376382131801,5.0,-7,0,1
1.2460629921259843,-1.3333333333333286,-2,0,1
0.7883475971033574,-30.66666666666667,-2,0,0
1.202037351443124,0.8333333333333428,0,0,1
0.9205347196435202,-3.3333333333333286,-6,0,0
0.8014981273408239,22.666666666666657,-4,0,1
0.7792674950948332,-6.166666666666664,5,0,0
1.1925619834710743,3.8333333333333286,1,0,0
1.105078125,16.166666666666657,-1,0,0
1.0572825707300035,4.833333333333329,-3,0,0
0.6851168511685117,-15.0,2,0,1
1.0500410172272354,-11.666666666666664,0,0,0
0.8002207505518764,-5.833333333333336,-1,0,0
0.9014675052410901,9.166666666666657,-2,0,1
1.0858059342421813,7.666666666666671,-9,0,1
1.010599078341014,-18.166666666666664,0,0,0
0.9090260435247949,-11.833333333333336,5,0,1
1.3073373327180433,-3.0,-5,0,0
0.9669421487603306,11.833333333333336,4,0,1
0.9511194029850746,3.1666666666666714,0,0,1
1.111375346809354,40.666666666666664,-8,0,0
1.1284366023799755,7.666666666666664,0,0,1
0.8776441310659477,11.333333333333336,-3,0,0
0.8770577933450088,-14.166666666666657,-1,0,0
0.951442968392121,4.333333333333329,1,0,0
1.1955202986467568,3.6666666666666643,-4,0,0
0.8275862068965517,-19.999999999999993,1,0,0
0.8436697247706422,-14.166666666666664,-11,0,0
1.1576297443841983,22.0,-1,0,0
0.9288432267884322,7.666666666666664,-3,0,0
1.3221133361738389,27.83333333333333,-1,0,1
1.0733197556008147,-10.5,2,0,0
1.0379275313240772,-10.0,3,0,1
0.8961864406779662,8.333333333333329,-3,0,0
1.1078925272879934,-15.833333333333336,1,0,0
0.8254032258064516,-2.8333333333333286,3,0,1
0.7169618528610354,-12.333333333333336,4,0,0
0.9804489500362057,-9.5,4,0,0
1.263627353815659,13.000000000000007,1,0,1
1.1134453781512605,4.833333333333343,0,0,0
0.9973821989528796,-25.33333333333333,-3,0,0
1.164185110663984,12.5,3,0,1
0.7648261758691206,-38.5,-1,0,0
1.0231035810550635,26.333333333333343,-3,0,0
0.8205042016806723,-3.8333333333333286,-4,0,0
1.008617312965139,0.8333333333333428,3,0,1
0.8174006444683136,-12.999999999999993,5,0,0
1.0,3.0,-4,0,1
0.9213045019496633,-24.5,9,0,0
0.8619791666666666,5.166666666666664,4,0,0
1.005,-4.0,-7,0,0
0.9394773039889959,14.999999999999993,-4,0,1
0.886765746638358,-24.833333333333336,-1,0,1
0.821066404972195,-17.33333333333333,-3,0,1
1.1347740667976425,-7.666666666666671,-2,0,0
0.8935935198821797,-3.5,2,0,0
1.0779816513761469,10.666666666666664,0,0,1
1.1228962818003914,10.0,9,0,1
0.9928656361474435,-1.3333333333333428,4,0,1
0.9812905689194349,-6.0,-2,0,0
1.3871435476075398,15.166666666666671,-8,0,1
0.9882268997502676,-0.5,-6,0,1
0.9435700575815739,9.166666666666664,-7,0,0
1.016087751371115,-24.500000000000007,3,0,1
0.9869524697110904,-3.6666666666666714,-4,0,0
1.2105691056910568,-6.0,5,0,1
1.0913684210526315,23.0,7,0,1
0.8454545454545455,0.1666666666666714,1,0,0
0.9253567508232712,-9.666666666666664,4,0,0
0.9550949913644214,4.166666666666664,-1,0,1
0.8420475319926873,-15.166666666666664,7,0,0
1.1727078891257996,5.833333333333336,-10,0,0
0.9918831168831169,14.166666666666664,-2,0,0
1.0304942166140905,10.166666666666657,0,0,1
0.8886861313868614,-13.666666666666664,-5,0,0
1.0591836734693878,-34.333333333333336,-1,0,0
0.9451724137931035,-4.0,-1,0,1
1.2863698944469941,22.999999999999993,-4,0,0
1.0303030303030303,6.833333333333336,1,0,1
1.2641591007349762,43.666666666666664,-3,0,0
0.9287160793843662,-8.5,-1,0,0
0.8773424190800682,-9.333333333333329,-9,0,1
0.938046068308181,8.999999999999993,5,0,1
1.0753517930095324,7.666666666666671,-1,0,1
0.8948164964055997,-5.666666666666664,0,0,0
0.962890625,4.333333333333329,-2,0,1
0.914543960558751,-20.166666666666664,4,0,0
0.9078398665554629,-3.1666666666666643,-1,0,1
1.163589523400601,22.999999999999993,3,0,1
0.9846614291058735,-28.333333333333336,0,0,0
0.8532626697581981,-30.000000000000007,3,0,0
1.0989537925021795,20.833333333333336,-4,0,1
1.0973127035830619,2.3333333333333357,-9,0,0
0.8453038674033149,-40.166666666666664,2,0,1
0.8082919914953933,-29.83333333333333,-2,0,0
0.9375,-16.83333333333333,3,0,0
0.9269565217391305,-35.83333333333333,0,0,1
0.962020202020202,6.666666666666664,1,0,0
1.0003274394237067,6.666666666666671,-9,0,0
0.8974358974358975,10.999999999999993,-6,0,0
0.8948176583493282,-16.833333333333336,4,0,0
1.0371932515337423,-14.333333333333329,8,0,1
0.8672670321064996,6.0,-5,0,0
0.9695817490494296,1.0,5,0,1
1.0176125244618395,-0.6666666666666714,2,0,1
1.2530592266275085,15.166666666666664,-1,0,1
0.8519230769230769,12.833333333333329,-1,0,0
1.3471824259789875,15.666666666666664,-5,0,1
0.9370771312584574,-10.0,2,0,0
1.3832579185520362,20.66666666666667,2,0,1
0.9939554212315829,22.16666666666667,-2,0,1
1.0785107244030756,-21.33333333333333,-3,0,1
0.7959034381858083,-10.000000000000007,0,0,0
0.8880688806888068,0.8333333333333286,-4,0,0
0.9978245105148659,11.833333333333336,5,0,0
1.08584686774942,10.0,-1,0,1
0.8213716108452951,2.166666666666657,-3,0,1
0.9644636333444039,3.5,4,0,0
0.9277280858676208,4.333333333333343,7,0,1
1.02287166454892,-23.16666666666667,-3,0,0
0.8870728083209509,-9.166666666666664,4,0,0
0.6979362101313321,-29.666666666666664,-2,0,0
1.101897689768977,-13.333333333333343,-2,0,0
1.0655475619504398,10.666666666666657,-2,0,1
0.8691241122759553,13.833333333333329,-2,0,1
1.3405958203646064,39.666666666666664,-3,0,1
0.7955974842767296,-16.16666666666667,-3,0,1
1.2949741662752465,6.000000000000007,6,0,0
0.9509727626459143,15.833333333333336,5,0,1
0.8805803571428571,-23.833333333333336,7,0,0
1.0090016366612111,20.499999999999993,2,0,0
0.8784452296819788,-4.0,3,0,1
1.5062972292191437,24.33333333333333,2,0,0
0.9046382189239333,-13.5,-1,0,0
0.8261661807580175,-7.333333333333329,1,0,0
1.4181469035045606,14.833333333333329,0,0,0
1.0247619047619048,13.0,1,0,1
0.9411527609834744,-2.0,0,0,0
0.7766798418972332,5.000000000000007,4,0,0
0.8987637821583695,-29.5,-16,0,0
1.1182756079587326,40.166666666666664,8,0,1
1.0727346607070296,10.666666666666671,-1,0,0
0.8994995829858216,27.83333333333333,-2,0,0
0.8964285714285715,-5.333333333333336,4,0,1
1.010144927536232,-6.666666666666671,-4,0,0
1.1690140845070423,22.33333333333333,0,0,1
1.0561622464898597,-2.3333333333333286,-4,0,0
0.9171428571428571,-18.333333333333336,1,0,0
1.0877862595419847,10.833333333333336,0,0,1
0.8254217340133385,-0.6666666666666643,0,0,1
0.7851576994434137,4.333333333333329,1,0,1
0.9294621979734996,-4.666666666666664,-5,0,1
1.1694510739856803,-5.666666666666657,-6,0,1
0.9606870229007634,-0.5,-1,0,0
0.9603174603174603,-14.999999999999993,0,0,0
1.2381156316916488,36.833333333333336,2,0,1
0.9571142284569139,-0.8333333333333357,1,0,1
0.9138211382113821,-8.666666666666657,1,0,0
0.9536723163841808,4.166666666666671,-1,0,0
1.09265944645006,-15.666666666666664,-2,0,1
1.1130604288499026,18.666666666666664,-1,0,0
1.1763412489006158,13.333333333333336,-7,0,1
0.7368604246432301,-21.499999999999993,-7,0,0
1.1022768341163716,-15.833333333333329,4,0,0
1.2807118254879448,12.666666666666664,-4,0,0
0.9391634980988594,9.666666666666671,-3,0,1
0.9648760330578512,23.833333333333336,-1,0,1
1.0548837209302326,-13.500000000000007,-2,0,0
0.9083074801792486,-3.8333333333333286,-2,0,0
0.9671603348358017,0.8333333333333286,-1,0,1
1.3845057034220531,-8.0,7,0,1
0.8534178999295279,2.333333333333343,-7,0,0
1.1434977578475336,4.333333333333329,4,0,0
1.7066895368782162,51.66666666666667,0,0,1
0.9395532194480947,-19.666666666666664,6,0,1
1.0188545001778726,-3.0,3,0,1
0.9715070374184689,3.0,4,0,1
0.9153656532456861,-17.83333333333333,-7,0,0
0.9527243589743589,1.1666666666666714,-1,0,1
0.9850693210095983,-2.8333333333333286,2,0,1
1.3364485981308412,29.833333333333336,1,0,1
0.9425531914893617,-13.333333333333343,4,0,1
1.1818540433925049,22.166666666666664,3,0,1
0.7551304347826087,-4.5,0,0,0
1.0933923957179772,-11.5,2,0,1
1.2614616432137993,11.833333333333329,3,0,1
0.9465065502183406,8.0,-3,0,0
1.1426174496644295,21.66666666666667,2,0,0
0.8301003344481606,-16.166666666666657,-8,0,0
0.829885877318117,-3.6666666666666714,3,0,0
0.8304684866868891,-30.500000000000007,-2,0,1
0.8040616773223016,-18.333333333333336,4,0,0
0.9175665946724262,-9.999999999999993,-1,0,1
1.0067594433399603,15.833333333333343,-5,0,1
1.057155322862129,0.6666666666666714,-4,0,0
1.1661413777577667,3.8333333333333286,-5,0,1
0.9944444444444445,-12.166666666666664,8,0,1
0.9969719909159728,-3.0,-3,0,0
1.1860358291226458,-4.166666666666657,2,0,0
0.9095102909865153,-9.666666666666671,0,0,0
0.9616749467707594,7.666666666666671,3,0,0
1.2964623816641754,17.333333333333336,0,0,1
1.0208887200911507,-13.666666666666664,-3,0,0
1.0797935688765383,13.166666666666671,-1,0,0
1.2811244979919678,28.33333333333333,-2,0,1
0.7978993118435349,14.833333333333336,3,0,0
0.9373348433371084,-22.0,2,0,0
0.9638888888888889,10.500000000000007,5,0,1
0.8961084086170952,1.6666666666666714,1,0,1
0.910328262610088,3.6666666666666714,-3,0,1
0.9063968196602818,8.5,1,0,0
1.0834298957126303,13.833333333333329,0,0,1
0.7412513255567338,-38.16666666666666,1,0,1
0.9761904761904762,-1.1666666666666643,3,0,0
1.0086342229199372,2.8333333333333357,-2,0,0
1.1016018306636155,-3.3333333333333357,-3,0,1
0.942299878098334,24.166666666666664,4,0,0
1.1453256535223748,20.83333333333333,4,0,1
0.7334921715452689,-0.8333333333333428,5,0,0
0.9116231086657497,10.666666666666671,2,0,0
1.560377358490566,27.666666666666664,3,0,1
0.9280632411067193,-9.999999999999993,-4,0,0
1.0097854723372224,0.3333333333333286,2,0,0
0.8622078968573731,-24.833333333333336,5,0,0
0.9802658074909384,16.33333333333333,4,0,0
1.1608809257185517,20.33333333333333,-5,0,1
1.1593357271095153,21.83333333333333,-2,0,0
1.4301552106430155,49.5,-2,0,1
1.311050477489768,19.66666666666667,-1,0,1
1.0208638360175695,24.5,2,0,1
0.9668769716088328,4.166666666666671,6,0,1
1.1,0.0,2,0,1
0.8686767169179229,-34.99999999999999,-2,0,0
1.0007654037504783,-7.333333333333329,-9,0,0
1.3012931034482758,5.666666666666671,-4,0,1
1.0721003134796239,14.0,-5,0,0
0.8882413438464175,3.6666666666666714,1,0,0
0.9237037037037037,12.833333333333329,1,0,0
1.4076163610719323,43.00000000000001,2,0,1
0.908834917282647,14.5,1,0,1
0.9855550969872059,2.6666666666666643,-2,0,0
0.9316270566727605,0.8333333333333357,1,0,1
1.044485294117647,1.1666666666666714,-4,0,0
1.1398359948208892,3.666666666666657,4,0,1
1.109531129900077,24.666666666666664,-1,0,1
0.9206649036645259,-27.499999999999993,-1,0,0
0.8550387596899225,-2.1666666666666714,2,0,0
0.9903735078937236,2.3333333333333357,0,0,1
0.9275092936802974,-8.166666666666671,0,0,1
0.9018998272884283,-31.166666666666664,4,0,0
0.8894582723279648,-10.666666666666657,1,0,0
0.8994471319972357,-9.333333333333336,2,0,0
1.020316027088036,4.5,-3,0,1
0.960910815939279,0.0,6,0,0
0.9637383177570094,3.8333333333333286,8,0,0
1.0837289598618904,4.666666666666671,2,0,0
0.9959514170040485,-10.5,0,0,0
0.8720570012391574,-0.3333333333333286,-2,0,0
1.0534782608695652,-10.5,1,0,1
0.7422442244224422,-8.333333333333329,1,0,0
1.0737556561085972,-1.3333333333333286,-4,0,0
1.124081279723303,-6.5,1,0,0
1.0467326732673268,9.666666666666664,3,0,0
0.8641416220666941,-26.33333333333333,0,0,1
0.8408319185059423,-26.0,1,0,0
1.0832642916321458,-2.5,5,0,1
1.0697781885397413,23.166666666666664,-1,0,0
1.1245598591549295,23.66666666666667,-1,0,1
0.8132573057733429,-24.000000000000007,3,0,0
1.2492631578947369,11.0,-1,0,1
0.6555555555555556,-26.83333333333333,4,0,1
1.0232735597100344,4.666666666666671,4,0,1
0.8877025036818851,-3.8333333333333286,0,0,0
0.8613459587419682,-3.8333333333333357,1,0,0
1.0493827160493827,-0.6666666666666714,-1,0,0
0.95822454308094,2.3333333333333286,3,0,1
1.1489156626506025,21.83333333333333,-2,0,1
1.1887668918918919,13.5,8,0,1
0.9621270084162203,-10.833333333333336,-4,0,0
1.12339514978602,-3.6666666666666714,5,0,1
1.1668074324324325,-1.8333333333333286,-5,0,1
0.8735725938009788,0.8333333333333428,-1,0,0
0.7720478325859492,2.3333333333333357,-1,0,0
0.8807893677003624,0.3333333333333428,-8,0,0
0.7091243110838946,-38.833333333333336,1,0,1
1.0521217712177122,-7.0,-5,0,1
1.1160924964605947,13.333333333333336,-1,0,1
1.0367285119273002,23.000000000000007,-6,0,0
1.1336760925449871,25.166666666666657,4,0,1
1.0386309725516774,-0.1666666666666572,-2,0,0
1.263921385119326,14.333333333333329,1,0,1
0.7668586919688242,5.166666666666671,-5,0,0
0.8792372881355932,-17.499999999999993,-5,0,0
1.0743494423791822,5.333333333333329,2,0,1
1.3251231527093597,4.833333333333329,0,0,1
1.2572964669738864,-4.333333333333329,-1,0,1
1.1966059602649006,10.833333333333329,6,0,1
1.0075976845151953,7.5,0,0,1
0.9109394062627084,4.166666666666657,2,0,0
0.9604743083003953,9.833333333333329,-1,0,1
1.0021805494984737,-7.0,-3,0,0
1.0324675324675325,7.333333333333336,3,0,1
1.284346378018318,5.333333333333329,-8,0,1
1.1,-6.0,-9,0,1
1.1520285332144449,-9.833333333333336,0,0,0
0.8704724409448819,-17.33333333333333,-6,0,1
0.9519038076152304,-9.333333333333329,2,0,0
1.1574074074074074,14.500000000000007,1,0,1
0.8714466203411244,-12.666666666666671,-1,0,0
0.9574386503067485,-12.333333333333343,-2,0,0
1.2482435597189696,5.499999999999993,-1,0,1
0.7823213548120611,-13.000000000000007,2,0,0
0.8661272526664214,2.0,0,0,1
1.0385878489326765,-31.666666666666664,-5,0,0
0.8441780821917808,-24.166666666666664,-2,0,0
0.8023005032350827,-8.666666666666671,2,0,1
1.0990502035278156,-5.166666666666664,-7,0,0
0.9851823708206687,-8.833333333333329,0,0,1
0.8959920503477973,-26.16666666666667,1,0,1
0.7780141843971631,-28.16666666666667,0,0,1
1.0943245403677058,41.83333333333333,-2,0,0
0.7702060221870047,0.5,3,0,1
1.023331968890708,-6.5,-1,0,1
1.2382328654004955,-10.5,6,0,1
1.0715816545220747,0.0,1,0,0
0.9019832189168574,16.666666666666664,3,0,0
0.9801572444777237,17.166666666666664,-3,0,0
1.155056179775281,29.000000000000007,-2,0,1
0.883011583011583,14.833333333333329,0,0,0
0.7966213978138457,-30.500000000000007,0,0,0
0.977768629065459,8.333333333333336,-2,0,0
1.0152703260420965,10.0,0,0,1
1.414307004470939,23.5,-4,0,1
1.0798353909465022,27.500000000000007,-5,0,1
1.102534113060429,-6.0,0,0,0
0.9056024558710668,11.166666666666664,0,0,0
0.8811837455830389,13.833333333333336,6,0,1
1.3790432801822323,27.833333333333336,-3,0,1
1.231142479047199,-14.5,-6,0,0
0.8064516129032258,-10.833333333333329,-1,0,0
1.159700835899692,-2.499999999999993,1,0,1
1.0231990231990231,12.333333333333329,-9,0,1
0.8722562072688017,-2.5,3,0,1
0.8336046890263757,3.166666666666657,5,0,1
0.9753659407354516,-7.166666666666657,1,0,1
1.0693512304250559,7.833333333333336,-2,0,0
0.8849557522123894,-10.333333333333329,-2,0,0
0.9431148109608047,-4.5,-6,0,0
1.2742729306487697,-1.8333333333333286,-1,0,1
1.4510575504181014,22.16666666666667,-3,0,1
1.0395894428152492,-17.166666666666664,1,0,1
1.1013274336283185,-0.8333333333333286,-1,0,0
1.0640879787637467,11.499999999999993,-7,0,0
0.8803418803418803,18.83333333333333,-3,0,1
0.8526175391797266,-4.166666666666671,3,0,0
0.9714064914992272,-5.0,0,0,0
1.1709440879926674,22.500000000000007,3,0,1
1.002426202992317,-2.6666666666666643,-5,0,1
0.9955375253549695,9.333333333333336,-3,0,0
0.903770620581304,-3.5,-2,0,0
1.223069590085796,3.1666666666666714,-3,0,1
1.0349146110056926,23.83333333333333,-1,0,0
1.083128583128583,-4.333333333333329,1,0,1
1.316,33.83333333333333,2,0,1
1.0418295543393277,-6.0,1,0,1
0.8859778597785978,7.999999999999993,1,0,1
1.011685552407932,5.666666666666671,4,0,1
0.9060991663010092,-0.5,-4,0,1
1.2969639468690701,18.83333333333333,-3,0,1
0.8953858392999204,-10.166666666666671,2,0,0
0.9204504177261169,5.666666666666657,0,0,0
0.8966346153846154,-11.666666666666664,-2,0,1
0.8565368299267258,-13.333333333333336,-1,0,0
1.0374948496085703,1.5,-1,0,0
0.893235831809872,-1.3333333333333286,-4,0,0
0.7691500524658972,-7.999999999999993,10,0,1
1.056407942238267,2.1666666666666643,1,0,1
1.0021436227224008,13.333333333333343,2,0,1
0.9451664025356576,-45.0,0,0,1
0.7600746268656716,-38.33333333333333,0,0,0
1.0179257362355953,-15.166666666666664,-3,0,0
1.1075104841784216,14.666666666666671,0,0,1
1.115236875800256,7.333333333333329,-5,0,1
0.8648555708390646,-22.666666666666664,-1,0,0
0.9023827824750192,-2.333333333333343,-2,0,0
0.8102981029810298,-3.5,-1,0,0
0.9481927710843373,-20.833333333333336,-5,0,0
0.94,13.833333333333343,0,0,0
1.2669584245076586,18.666666666666664,3,0,0
0.9368952461085401,-23.333333333333336,-3,0,0
1.124625267665953,4.833333333333343,2,0,1
1.3541026766125495,6.666666666666671,2,0,0
0.6612343966712899,-21.166666666666664,9,0,0
1.285526891123743,-14.333333333333336,-1,0,0
0.9991568296795953,10.333333333333343,3,0,1
1.0305891238670695,-5.166666666666671,-4,0,0
0.8966000701016474,-12.5,2,0,1
0.97539975399754,-20.999999999999993,0,0,0
0.8605217391304348,-7.5,-6,0,0
0.9737574552683896,-22.333333333333336,-6,0,0
0.9575051405071967,-24.0,-3,0,0
1.2743472855366764,-2.5,-2,0,1
0.8552950687146321,4.833333333333329,2,0,0
0.9795591182364729,-4.666666666666671,-4,0,0
1.0415478615071283,7.666666666666664,-2,0,0
1.1615550755939525,8.166666666666671,3,0,0
0.9035596026490066,25.833333333333336,2,0,1
0.8868135973104221,-22.666666666666664,10,0,0
0.9730841121495327,-2.999999999999993,-4,0,1
1.0888536295120983,11.666666666666671,-3,0,0
0.9698510715583001,10.5,4,0,0
0.8588850174216028,9.5,2,0,1
1.0163246268656716,-9.833333333333336,-1,0,0
0.9502413665057556,-6.000000000000007,-8,0,0
0.9144042232277526,-11.333333333333329,5,0,1
0.9020129130269654,-9.333333333333336,-1,0,0
1.159569489939167,16.5,1,0,1
0.8743608473338204,-1.6666666666666714,3,0,0
0.8374571754853445,-5.666666666666657,-1,0,0
0.9146341463414634,-4.666666666666657,-7,0,0
1.1204914783987316,10.166666666666671,-2,0,1
0.9363057324840764,0.6666666666666714,10,0,0
1.1341406613879832,15.166666666666664,7,0,1
1.0758273984080435,15.666666666666657,3,0,0
0.9589987052222702,-5.833333333333336,2,0,0
0.9632381697301525,0.5,7,0,0
1.0645952575633688,-28.166666666666664,-5,0,0
1.0866345797852648,23.833333333333336,1,0,1
1.1425567703952901,3.6666666666666643,2,0,0
1.1130475741874706,-7.0,-6,0,0
1.0382031905961377,7.666666666666671,-2,0,1
1.1143822393822393,14.5,4,0,1
0.8462837837837838,4.833333333333329,0,0,0
1.00385423966363,-7.999999999999993,8,0,0
1.0691182986264953,-6.833333333333336,-4,0,1
0.9012875536480687,-11.5,-1,0,0
1.079611650485437,-3.0,0,0,0
1.048368069209595,25.000000000000007,5,0,1
1.246485473289597,11.0,-5,0,0
0.8040472175379426,4.833333333333343,-5,0,1
1.1838529176658672,18.33333333333333,-3,0,0
0.885451197053407,17.0,-2,0,0
0.8959904724096864,14.333333333333329,4,0,1
1.213373083475298,19.0,6,0,1
1.0059642147117296,45.99999999999999,3,0,0
0.8663745892661555,-23.833333333333336,-4,0,1
1.389633601429848,27.5,0,0,1
1.1193347193347194,9.833333333333329,1,0,0
1.2992474546259407,26.66666666666667,5,0,1
1.1190280065897857,11.333333333333343,-1,0,1
1.0283185840707965,-17.333333333333336,-5,0,1
1.1703370786516853,10.833333333333329,-4,0,1
1.4250919117647058,33.66666666666667,-3,0,1
1.1560418648905804,8.666666666666664,0,0,1
1.0787018255578094,-0.6666666666666714,-1,0,0
0.9385113268608414,-13.333333333333329,1,0,1
0.8459647685374846,-17.833333333333336,-6,0,0
0.855327868852459,7.333333333333336,1,0,0
0.9859943977591037,12.333333333333329,-5,0,1
0.9665728360309641,-33.66666666666667,-5,0,0
0.6944253269098417,-11.0,-2,0,1
1.4535768645357687,15.166666666666664,2,0,1
0.898825312618416,1.6666666666666714,-4,0,0
0.8344582593250444,2.5,3,0,0
0.7662337662337663,-22.5,7,0,1
1.080854629241726,-28.333333333333336,-4,0,0
0.8708530805687204,-3.3333333333333357,5,0,0
1.0628227194492255,12.833333333333336,-4,0,1
0.9067109144542773,3.3333333333333357,-3,0,0
1.070036339610175,-8.833333333333329,-1,0,1
0.8520099608680185,6.5,1,0,1
0.9918246005202527,3.1666666666666714,-11,0,0
0.9571267393757051,0.6666666666666714,-4,0,0
1.1008978195810175,20.833333333333336,-1,0,0
0.876399834093737,26.833333333333336,-4,0,0
0.8817718291905673,-3.1666666666666714,1,0,0
0.9707414829659319,-14.999999999999993,4,0,0
0.8268785170473353,-4.333333333333336,0,0,0
1.1117223867964452,0.1666666666666643,2,0,1
1.043591654247392,-0.1666666666666714,-3,0,1
0.9795918367346939,-7.5,5,0,1
1.1402228198232809,9.333333333333343,-9,0,0
0.9351491569390402,10.0,3,0,1
1.0161229846269217,5.5,4,0,1
1.0173745173745175,-10.5,-3,0,0
1.0749574105621806,11.333333333333329,1,0,1
0.9908893709327549,-8.833333333333336,-7,0,0
0.8550968828980623,-11.333333333333329,-1,0,1
0.6790953545232273,-24.500000000000007,0,0,0
0.9515151515151515,-10.0,1,0,1
0.871308946672543,-9.833333333333329,1,0,0
0.8998895841001104,-22.16666666666667,5,0,1
0.9996138996138996,23.000000000000007,-1,0,0
1.0441689267725687,13.166666666666671,10,0,1
1.1440677966101696,5.5,2,0,1
0.8430431802604523,-5.333333333333329,3,0,0
1.039922480620155,18.333333333333336,-2,0,1
1.0185185185185186,-1.6666666666666714,-2,0,1
1.140724946695096,8.999999999999993,6,0,0
1.1987115956392467,16.5,-8,0,1
1.0164624808575804,12.0,-3,0,0
1.0010760401721663,13.5,-7,0,1
1.181090354555852,3.5,1,0,0
0.906301550643352,1.6666666666666714,2,0,1
0.8382749326145552,-25.166666666666664,4,0,1
1.0851153039832284,-12.166666666666671,3,0,0
0.8148148148148148,-22.16666666666667,-5,0,1
0.9192727272727272,-0.8333333333333357,3,0,0
0.7265128719491809,3.1666666666666643,-1,0,0
1.1483375959079285,-11.333333333333336,0,0,1
0.9576210826210826,20.83333333333333,4,0,0
0.9306930693069307,-0.6666666666666643,5,0,0
0.9165134240529607,-17.0,1,0,1
0.9829149232914923,9.0,-5,0,0
0.8131147540983606,-22.666666666666664,3,0,0
1.1654704944178629,31.33333333333333,6,0,1
1.0375221238938053,33.666666666666664,-1,0,1
0.8972125435540069,6.0,10,0,0
0.7763975155279503,-18.500000000000007,-7,0,0
1.004258943781942,4.5,-2,0,0
1.0342052313883299,23.666666666666664,-4,0,0
0.990210843373494,-15.666666666666671,4,0,0
1.1965423111919926,7.5,0,0,1
1.0004426737494467,-8.833333333333329,-2,0,0
0.9464161447459986,8.0,-8,0,0
1.1025065469509914,50.16666666666667,12,0,0
0.9196141479099679,-3.5,3,0,1
1.105263157894737,-9.166666666666671,4,0,0
1.0615929203539822,31.16666666666667,-1,0,1
0.6235714285714286,-12.0,3,0,0
0.8654060066740823,-17.0,-1,0,1
0.7749638205499276,18.66666666666667,-3,0,1
1.0719026548672566,14.333333333333329,-4,0,0
1.1174089068825912,-1.1666666666666714,4,0,1
1.0016659725114536,10.833333333333336,-6,0,1
1.1787285085965613,7.666666666666671,2,0,1
1.3013199817933545,14.333333333333329,-3,0,1
1.1782464846980976,16.499999999999993,-1,0,0
1.1455923414439568,37.50000000000001,5,0,1
0.9929681717246485,-16.0,5,0,0
0.8967244701348748,0.1666666666666643,-1,0,0
1.1213178294573642,11.000000000000007,-1,0,1
0.8093283582089552,12.333333333333336,7,0,1
0.7701612903225806,-15.5,3,0,0
0.9905660377358491,6.166666666666671,-1,0,0
1.1536994660564455,-2.3333333333333286,4,0,1
0.9687098156879554,21.333333333333336,-4,0,1
0.7919614147909968,-11.5,5,0,0
0.6743566992014197,-37.333333333333336,-4,0,0
0.9210963455149501,-6.833333333333336,8,0,1
1.0367768595041322,-13.833333333333329,-5,0,1
0.8159278737791135,0.5,-2,0,1
1.1138743455497382,2.5,-5,0,1
0.824396782841823,-1.5,5,0,1
1.199265006124949,38.00000000000001,1,0,1
1.0688998858012944,7.0,2,0,1
0.9781164517389606,1.0,3,0,1
0.8590795576168391,-4.166666666666671,5,0,0
0.980561555075594,-10.833333333333336,0,0,0
1.3184855233853006,1.0,4,0,1
1.2023668639053255,36.166666666666664,0,0,1
1.0468,-5.499999999999993,0,0,1
0.9023593466424682,18.16666666666667,6,0,1
1.193794964028777,-3.5,-2,0,1
0.9893797790994052,-10.333333333333336,-7,0,0
0.8946826758147512,-34.00000000000001,2,0,1
0.7617021276595745,-6.666666666666671,2,0,0
1.1002533478103511,46.833333333333336,-1,0,0
0.9415929203539823,-7.333333333333329,-1,0,0
0.9288307915758897,-17.166666666666657,-7,0,1
1.0479505027068832,19.5,-1,0,1
1.2295010845986984,10.999999999999993,1,0,1
1.371400198609732,33.66666666666667,-4,0,1
0.9065989847715736,-9.666666666666671,-1,0,1
1.0807766990291263,0.8333333333333428,3,0,1
0.939568345323741,-3.666666666666657,-2,0,0
0.8546195652173914,-27.0,0,0,0
1.1729070256626,5.166666666666664,-3,0,0
1.0762066045723964,18.499999999999993,-2,0,0
1.456824512534819,33.99999999999999,3,0,1
0.8142135642135642,-17.666666666666664,2,0,0
0.8428044280442805,29.0,4,0,0
1.0289308176100629,-10.166666666666657,-6,0,1
1.3887468030690537,25.166666666666664,-7,0,1
1.401630988786952,10.166666666666671,0,0,1
0.900593471810089,2.0,1,0,0
1.0072289156626506,-10.166666666666671,3,0,1
1.234052111410602,2.0,0,0,0
1.0840950639853748,13.333333333333336,0,0,1
0.991812865497076,7.333333333333329,-3,0,1
0.8735150244584207,-24.166666666666664,-5,0,0
1.136890951276102,0.6666666666666714,-4,0,0
0.9972495088408644,-5.166666666666664,-3,0,0
1.0631045601105482,-10.333333333333329,-3,0,1
0.8823316437364229,-27.333333333333336,-7,0,1
1.2428223844282238,18.33333333333333,5,0,1
1.0073700543056634,5.833333333333336,2,0,1
1.026875699888018,-8.833333333333336,-1,0,0
1.1471172962226641,-10.833333333333329,-7,0,1
1.0532591414944357,-1.5,-8,0,0
1.1100987091875474,14.5,-4,0,1
1.5461029037187977,35.83333333333333,-1,0,1
0.9795165915608357,5.833333333333329,4,0,1
0.834023334587881,-6.666666666666664,-4,0,1
0.9870307167235495,18.0,0,0,1
1.0250186706497386,-4.166666666666664,1,0,0
0.9911875786823332,9.0,-1,0,1
0.9901625320786998,5.166666666666671,2,0,1
0.879261933413558,-29.333333333333336,-3,0,1
0.9577358490566038,-3.0,17,0,0
1.1151020408163266,12.5,-4,0,0
0.9960072595281306,6.166666666666671,5,0,1
1.029057700290577,7.0,-3,0,1
0.8571428571428571,-8.166666666666664,5,0,1
0.9724506578947368,0.3333333333333286,-2,0,1
1.0543187889581478,4.333333333333336,-9,0,0
1.1131756756756757,28.83333333333333,7,0,1
1.001609657947686,-18.500000000000007,-2,0,0
0.9501212331139591,-9.0,2,0,1
0.9213197969543148,-18.166666666666664,5,0,0
0.9657428791377983,11.166666666666671,1,0,0
1.4046968869470235,19.833333333333336,-5,0,1
1.137129840546697,30.0,-3,0,0
0.9871886120996441,22.166666666666664,1,0,0
0.9906303236797275,-15.0,1,0,0
0.9590097402597403,-5.333333333333329,-2,0,1
0.9820801124385102,-11.166666666666664,-4,0,0
1.1201064234131508,-3.3333333333333286,-1,0,0
0.7783783783783784,-42.333333333333336,0,0,1
1.0974155069582505,6.166666666666664,4,0,1
0.9729206963249516,-13.500000000000007,0,0,0
0.7269681742043551,-25.0,-6,0,0
1.2742489270386266,52.833333333333336,3,0,0
0.8524319868095631,-16.333333333333336,5,0,1
0.8904214559386974,-19.66666666666667,-4,0,1
1.2494793835901707,13.333333333333336,-4,0,1
0.9340432840948127,-11.333333333333329,-6,0,0
0.9624731951393852,14.5,12,0,0
1.0627062706270627,8.666666666666664,0,0,0
0.8937611408199644,1.3333333333333286,-6,0,1
0.9796522382537921,-5.666666666666657,4,0,1
0.7773279352226721,-28.0,-7,0,0
1.2044806517311608,-6.333333333333329,5,0,1
1.151062867480778,7.166666666666657,-7,0,0
1.0165548098434005,-1.1666666666666714,-3,0,0
1.1031372549019607,-19.833333333333336,-2,0,0
1.1993708218639403,29.66666666666667,0,0,0
0.9925925925925926,2.5,-5,0,0
1.1016949152542372,8.5,-1,0,1
0.6464920204757603,-20.833333333333336,-3,0,0
0.9865871833084948,0.0,5,0,1
0.9376652814506989,-1.000000000000007,-2,0,1
0.957613814756672,4.5,-5,0,0
1.1341222879684418,15.500000000000007,1,0,0
1.1387096774193548,-3.3333333333333286,5,0,1
0.7158544955387783,-18.666666666666664,-1,0,0
0.8759097525473072,-25.166666666666664,3,0,1
1.0251544571932922,31.33333333333333,2,0,1
0.9847328244274809,-10.0,-3,0,1
1.0807407407407408,-6.0,-2,0,0
1.031013916500994,-14.333333333333343,1,0,1
1.0029250457038392,7.5,2,0,0
1.075659316904453,-3.000000000000007,6,0,1
1.019629225736096,0.1666666666666714,5,0,1
0.7260677466863034,-36.666666666666664,-4,0,0
1.0258587417985334,-6.166666666666671,-2,0,1
1.098901098901099,5.833333333333329,-4,0,1
0.7873542917696927,-9.333333333333336,7,0,0
1.1828,9.333333333333336,-4,0,1
0.8268049155145929,-5.833333333333336,-4,0,1
1.0492125984251968,3.0,3,0,0
0.9327731092436975,-26.500000000000007,-3,0,1
1.027899561578318,3.8333333333333286,-8,0,1
1.0944329896907217,-26.833333333333336,5,0,0
1.0588668138337012,-12.499999999999993,1,0,0
0.8038785217709477,-18.666666666666664,0,0,1
0.9891891891891892,17.333333333333336,-6,0,0
0.9729835552075177,-9.0,-1,0,0
1.0266940451745379,8.166666666666671,4,0,1
1.1422800718132855,0.1666666666666643,3,0,1
1.1328854050018664,2.3333333333333286,-1,0,1
0.9500924214417745,-7.666666666666671,2,0,1
0.8361445783132531,-7.833333333333329,-3,0,1
0.9808917197452229,5.166666666666657,6,0,1
1.1772043010752689,-21.000000000000007,-3,0,0
1.0183556405353729,-7.166666666666664,-1,0,0
0.7216051594410605,-11.333333333333329,0,0,1
1.1012898330804248,21.66666666666667,8,0,1
0.9476923076923077,8.999999999999993,-1,0,1
0.9973534971644612,-6.833333333333336,-3,0,1
0.9513289609941319,-26.666666666666657,-1,0,0
1.0571814497973886,17.83333333333333,2,0,0
1.2155662439877568,15.333333333333336,-1,0,1
1.0527279384840718,8.833333333333336,2,0,1
0.9001097694840834,5.5,-5,0,0
1.0401854714064915,15.333333333333329,-3,0,1
1.4445652173913044,40.50000000000001,1,0,1
1.0296992481203007,20.000000000000007,-5,0,0
1.3925233644859814,22.0,4,0,1
1.1394456289978678,20.500000000000007,-2,0,1
1.093062605752961,-1.5,1,0,0
1.0069852941176471,12.166666666666664,-8,0,0
0.9491158426560808,4.166666666666664,-5,0,0
0.951865671641791,27.333333333333336,-7,0,0
0.8724973656480506,18.83333333333333,9,0,1
0.8578096947935369,3.8333333333333286,2,0,1
0.9149696320114327,11.0,3,0,1
0.8534136546184738,-24.333333333333336,3,0,0
1.0424434748115827,2.3333333333333286,-6,0,0
0.9215070643642073,-2.3333333333333357,-5,0,0
0.900234348844995,-13.666666666666671,1,0,1
0.9343096234309624,8.5,5,0,1
0.6696296296296296,-19.33333333333333,2,0,0
0.857095046854083,-18.333333333333336,7,0,1
1.3083482944344704,17.333333333333336,1,0,0
0.9608231104075979,-16.0,2,0,1
1.0608622147083686,-32.833333333333336,5,0,1
1.0018429782528566,14.666666666666671,5,0,1
1.3979754928076717,-6.0,-4,0,0
1.013157894736842,4.333333333333329,8,0,0
1.077439570277529,10.0,1,0,0
1.1081576535288726,10.166666666666664,-3,0,0
0.9834057684709601,-7.0,-5,0,0
0.8614864864864865,-9.666666666666657,4,0,1
1.1987152034261241,3.666666666666657,-6,0,0
0.8575333105568842,2.0,-4,0,1
0.902962962962963,2.999999999999993,-5,0,0
1.2571047957371226,-2.6666666666666714,1,0,1
0.835650623885918,-3.8333333333333286,4,0,1
1.4518828451882846,30.5,5,0,1
0.9796456841311723,-37.333333333333336,0,0,0
0.9360568383658969,-11.500000000000007,-1,0,0
1.0875729774812344,12.833333333333336,0,0,1
1.040987034713509,-14.5,-1,0,1
1.0561201944321696,16.833333333333336,4,0,1
0.9643160577740016,-6.833333333333329,5,0,1
1.188583509513742,26.83333333333333,6,0,1
0.8539325842696629,-1.0,-6,0,0
1.3231552162849873,17.5,-3,0,1
1.3946360153256705,6.5,2,0,0
1.009604728481714,-14.166666666666671,0,0,0
1.3042056074766355,-0.5,2,0,0
0.8816586921850079,1.3333333333333428,3,0,1
0.9778046811945117,2.833333333333343,-2,0,0
1.0307984790874525,-10.333333333333343,-1,0,0
1.3687440982058545,45.50000000000001,4,0,1
1.3121902874132805,13.333333333333329,-1,0,0
1.078011144449207,6.333333333333336,1,0,1
0.9840198863636364,7.666666666666671,-3,0,1
1.1589030803906837,32.833333333333336,2,0,1
1.2344365642237982,6.333333333333343,7,0,1
0.9142739950779327,0.5,5,0,0
0.7541111981205951,-6.333333333333329,0,0,0
0.93881245474294,-1.5,-2,0,1
1.1882998171846435,-14.333333333333336,-6,0,0
0.9011627906976745,11.0,7,0,0
0.9265291349981903,-9.0,-4,0,1
0.9839835728952772,29.16666666666667,2,0,1
0.9655307481394438,-36.50000000000001,6,0,1
1.1209150326797386,-2.5,-3,0,0
0.7278888512368689,-44.50000000000001,5,0,0
0.6845637583892618,-15.833333333333336,6,0,0
1.0609656301145662,10.833333333333336,-6,0,1
1.0522949586155004,26.333333333333336,6,0,1
0.8861330326944757,-6.333333333333336,6,0,0
1.0633955709943552,-2.3333333333333357,3,0,1
0.8845588235294117,-10.0,0,0,0
1.2437145174371451,11.166666666666664,-2,0,1
0.9665991902834008,-8.333333333333329,5,0,1
1.0569860700717602,9.166666666666664,-8,0,0
1.0180846691327579,-8.5,0,0,1
1.0726402783819051,-12.166666666666664,-1,0,1
0.9470611132736473,9.666666666666664,10,0,1
0.7577123050259965,-21.0,2,0,0
0.7882265827471306,1.5,-3,0,1
0.9244122965641953,-6.5,-4,0,0
1.053932584269663,12.5,-1,0,0
1.0826810176125246,-11.0,0,0,1
1.109271523178808,-7.0,4,0,1
0.8973136915077989,-19.83333333333333,9,0,0
0.764343473238352,-14.333333333333329,-1,0,0
0.9850694444444444,4.666666666666671,-2,0,0
1.060007595898215,14.833333333333343,5,0,1
1.2343470483005368,11.999999999999993,0,0,0
0.8449612403100775,-3.666666666666657,-2,0,1
1.0570469798657718,2.8333333333333357,3,0,1
0.8098062475286675,2.5,-3,0,0
0.8817128817128818,-20.0,-4,0,0
1.1935353535353534,1.8333333333333286,-4,0,1
1.210425450364124,-7.333333333333336,0,0,1
0.8619883040935673,-13.0,-2,0,0
0.9911182882519176,-2.1666666666666714,1,0,1
1.033293697978597,6.0,-2,0,0
1.326718966312875,18.500000000000007,1,0,1
0.8439024390243902,-5.666666666666671,-4,0,0
0.8068100358422939,-22.0,-2,0,0
1.070990990990991,-1.3333333333333357,-1,0,1
0.8327633378932968,-0.5,6,0,0
1.0413502109704642,-0.8333333333333286,-2,0,1
1.03176085941149,9.833333333333336,2,0,0
1.0683760683760684,-6.166666666666671,4,0,1
1.089693154996066,-5.833333333333343,1,0,0
0.8516891891891892,13.833333333333336,-5,0,1
1.1439672801635992,14.666666666666664,-3,0,1
1.0186453576864536,21.500000000000007,-2,0,0
0.6978588421887391,-16.833333333333336,-1,0,0
0.9678504672897196,7.666666666666671,-8,0,0
0.9035728006146754,21.333333333333336,-4,0,1
0.687745740498034,-10.999999999999993,2,0,1
1.0167798641630044,-12.666666666666671,-1,0,1
0.8965019834114677,-5.5,-2,0,1
0.8888519134775374,-7.666666666666671,1,0,0
1.0815126050420167,-13.333333333333336,1,0,0
0.8067035470224536,-14.166666666666664,7,0,1
0.7260183968462549,-37.16666666666667,4,0,0
0.9524570515381542,-42.49999999999999,-4,0,0
1.0342052313883299,-2.1666666666666643,0,0,1
0.8470901483453784,-6.999999999999993,-1,0,1
1.145631067961165,24.166666666666664,-4,0,0
0.8670120898100173,12.666666666666664,-5,0,0
1.0835360908353608,-5.833333333333336,0,0,1
1.034779614325069,16.5,-2,0,1
1.063901819720694,6.833333333333336,2,0,0
1.2816166883963493,10.333333333333329,4,0,1
0.954248366013072,-17.333333333333336,8,0,1
0.9697075208913649,-30.166666666666664,8,0,0
0.9462662979059661,19.83333333333333,-5,0,1
0.8596866096866097,-28.999999999999993,1,0,0
0.9949258391881343,9.333333333333329,2,0,1
1.1539763113367174,24.16666666666667,6,0,1
1.0,-0.1666666666666714,1,0,0
1.0108043217286915,5.666666666666657,4,0,1
0.8414725770097671,-4.833333333333336,-1,0,0
1.2905942910622368,18.166666666666664,-8,0,1
0.9544117647058824,11.666666666666671,3,0,1
1.1419299004759844,-12.166666666666671,8,0,1
0.874863188617293,-12.333333333333329,2,0,0
0.9664150943396227,-26.166666666666664,0,0,1
1.1648139197680039,12.666666666666671,4,0,0
1.1180400890868596,-8.833333333333329,-6,0,0
0.8870792616720955,-9.166666666666671,4,0,1
1.06208670095518,29.5,3,0,1
0.8332243296272073,-25.166666666666664,3,0,0
1.0241545893719808,29.33333333333333,-4,0,0
1.181407942238267,4.0,1,0,1
0.9643775247888359,-13.833333333333336,-3,0,0
0.8571428571428571,-5.333333333333336,0,0,1
0.9392142327650111,-25.833333333333336,2,0,0
1.0797356828193834,13.333333333333329,7,0,1
0.9268645908761767,-28.83333333333333,-1,0,0
0.9434869739478958,-10.333333333333336,-7,0,0
0.8765394088669951,-18.0,1,0,0
1.0360531309297913,21.5,-3,0,1
1.1547619047619047,4.333333333333343,-4,0,1
0.8878012048192772,-1.6666666666666714,3,0,0
0.8585402558314522,-4.833333333333329,1,0,0
0.8724294179156501,-4.166666666666671,-2,0,1
0.7490520510168908,-26.0,0,0,0
1.0328185328185329,4.166666666666671,-2,0,1
1.1927657697397442,6.5,0,0,1
0.96,13.833333333333329,8,0,1
0.8611214259190494,-0.1666666666666643,4,0,1
1.1135545781687326,31.16666666666667,2,0,1
0.7649241146711636,6.0,2,0,0
1.073643410852713,-14.833333333333336,6,0,0
0.9276107594936709,-3.0,-3,0,0
1.0590405904059041,20.333333333333343,7,0,1
0.9211403184005924,7.833333333333343,0,0,1
0.9362859362859363,-4.666666666666664,-2,0,1
0.9870617696160268,-2.0,0,0,1
1.0908745247148288,4.333333333333329,6,0,1
1.0710035700119,5.166666666666671,3,0,0
1.0499798468359531,1.1666666666666714,6,0,0
0.999603017070266,-21.33333333333333,-8,0,1
1.0039108330074307,-0.1666666666666714,7,0,1
0.9427388754743015,-6.5,6,0,0
1.299769053117783,24.999999999999993,6,0,1
1.2095115681233932,2.5,-5,0,1
0.8775607432110529,-3.3333333333333286,1,0,0
0.8123402701715955,-30.833333333333336,-1,0,0
0.825731362063542,1.5,-5,0,0
1.1088527551942187,-8.166666666666671,0,0,0
1.2337408312958436,18.500000000000007,-4,0,0
1.2532733224222585,20.666666666666664,0,0,0
1.0138248847926268,-17.33333333333333,0,0,1
1.0749473684210527,26.5,1,0,0
0.8669088507265522,1.0,4,0,1
1.026843100189036,28.999999999999993,4,0,1
1.1996233521657251,0.0,3,0,0
0.9539602028872415,1.6666666666666643,0,0,0
0.6838926174496645,-36.50000000000001,-5,0,0
1.1523419736243747,12.5,-2,0,0
1.0072908672294705,-15.0,-8,0,0
1.1589595375722543,30.499999999999993,-1,0,1
1.300083822296731,-1.5,-3,0,0
0.7736654804270463,-31.500000000000007,-1,0,1
1.4837209302325582,46.666666666666664,8,0,1
0.7036914963744232,-17.666666666666657,1,0,0
1.1909357952161141,5.166666666666664,-6,0,1
0.8631768953068593,-18.166666666666664,-10,0,0
0.9413754227733935,-31.33333333333333,-4,0,0
1.3310344827586207,10.666666666666671,-4,0,1
1.1893715731758752,15.833333333333336,0,0,1
0.9738537324744221,9.499999999999993,1,0,0
0.7748175182481751,-16.83333333333333,3,0,0
1.070721876145108,-0.1666666666666714,2,0,0
0.7800138792505205,-7.5,-3,0,0
0.9251650770359501,-25.5,3,0,0
1.0212201591511936,12.0,-7,0,1
0.8052990766760337,3.1666666666666643,1,0,0
0.7373572593800979,-36.333333333333336,7,0,0
1.0751761942051683,4.666666666666657,7,0,0
0.9417795679238374,32.49999999999999,5,0,1
0.9118236472945892,7.499999999999993,1,0,1
1.2342227869546802,-5.833333333333336,2,0,0
0.7904855001629195,-3.666666666666657,5,0,0
0.8642857142857143,1.8333333333333428,-1,0,0
1.0131004366812226,19.16666666666667,7,0,0
0.9334383615596692,-19.0,-1,0,0
1.0948453608247424,20.333333333333336,2,0,1
0.9701030927835051,-0.8333333333333286,-3,0,0
0.7239507959479016,-1.0,-3,0,0
0.8129399932953403,-35.83333333333333,-5,0,0
0.8736390630155064,-28.666666666666664,2,0,0
1.0491379310344828,0.1666666666666714,3,0,1
1.0363720073664826,-8.0,6,0,1
1.1774461028192371,15.000000000000007,-7,0,0
0.9955966534566271,20.33333333333333,5,0,1
0.8813622754491018,-5.333333333333329,2,0,0
0.7635015884221673,3.3333333333333357,-10,0,1
0.8822489391796322,-18.500000000000007,-9,0,0
0.8860662047729022,-21.833333333333336,-2,0,0
0.9358156028368795,2.0,-5,0,1
1.2248210023866348,26.33333333333333,4,0,0
1.0905077262693157,18.333333333333336,9,0,1
1.1198584697036709,25.666666666666664,-2,0,0
0.8742598397770811,-11.666666666666664,-1,0,1
1.1828547297297298,16.666666666666664,1,0,1
0.8852105073767542,-13.166666666666671,-1,0,1
1.1101460718515594,17.166666666666664,-1,0,1
1.074235807860262,-8.5,7,0,1
1.167578947368421,-7.0,4,0,1
1.13,-4.666666666666664,0,0,0
0.9667802385008518,20.333333333333336,6,0,1
1.266804979253112,22.16666666666667,3,0,1
0.7106382978723405,-0.1666666666666643,-1,0,0
1.043103448275862,5.0,-3,0,0
1.0789676425269645,6.0,0,0,0
1.00199203187251,-19.333333333333336,9,0,1
1.2249512670565301,7.333333333333329,11,0,1
1.0755912162162162,10.833333333333329,2,0,0
1.0083160083160083,-6.999999999999993,0,0,1
1.2078395624430265,-5.666666666666664,4,0,1
1.1453839516824849,13.333333333333336,-2,0,1
0.9199406968124537,-2.6666666666666714,-1,0,0
0.9246456965088143,-19.833333333333336,-1,0,0
1.1912114014251782,21.5,0,0,0
1.0423987776928954,22.666666666666657,4,0,1
0.8678082191780822,-7.666666666666664,-11,0,0
0.9927835051546392,-6.333333333333329,-6,0,1
1.1937026703866083,-3.6666666666666714,5,0,1
0.85171862509992,17.33333333333333,-4,0,1
0.8776387802971071,-14.833333333333336,3,0,0
0.969391564016424,-10.333333333333329,-6,0,1
0.8623188405797102,1.6666666666666643,5,0,1
0.9692997585374267,27.499999999999993,1,0,0
1.0749574105621806,-7.333333333333336,-7,0,1
1.2382234185733514,32.166666666666664,4,0,1
0.9894059780552402,26.5,-8,0,0
0.7818930041152263,-8.666666666666664,-4,0,0
1.0174520069808028,-18.66666666666667,-2,0,0
0.94765625,2.1666666666666643,1,0,0
1.177319587628866,11.833333333333336,1,0,1
1.0060324825986078,14.666666666666664,-3,0,0
1.005090909090909,34.66666666666667,-8,0,1
0.8685530085959885,7.833333333333329,7,0,1
0.8950877192982456,6.166666666666671,-3,0,1
1.163852122318576,-2.3333333333333357,-4,0,0
1.0317220543806647,9.833333333333329,-3,0,0
1.2195661797255424,-2.6666666666666643,1,0,1
0.9121479613282892,1.3333333333333357,3,0,1
1.0,-6.333333333333336,-1,0,0
0.7625792023853895,-37.50000000000001,-2,0,0
0.8646398841838582,-26.999999999999993,-2,0,1
1.1701612903225806,5.0,-3,0,0
0.8863945578231293,-20.83333333333333,-1,0,0
0.9133888048411498,-3.3333333333333286,1,0,0
1.0049893086243764,-10.166666666666657,-10,0,0
1.123404255319149,-7.666666666666671,4,0,1
1.1368,37.49999999999999,-6,0,0
1.1434659090909092,0.6666666666666572,-5,0,0
0.9587194608256108,-36.166666666666664,-4,0,0
0.8609154929577465,-8.166666666666671,8,0,0
1.0451270383010998,-5.833333333333336,0,0,1
1.3941639647985178,15.166666666666671,0,0,1
0.8989751098096632,-1.8333333333333286,-4,0,0
1.0093276331130976,8.333333333333329,0,0,1
1.25577488450231,32.833333333333336,0,0,1
0.9523443504996156,2.3333333333333286,0,0,0
1.0022988505747126,1.3333333333333286,0,0,1
0.9128378378378378,7.5,-6,0,0
0.9951017332328561,-1.1666666666666714,3,0,0
0.8201643489254109,5.833333333333336,-9,0,0
1.0842546702249334,2.5,3,0,1
0.9451510333863276,-26.333333333333336,-10,0,0
1.1323585994613312,2.3333333333333286,-2,0,1
1.174402884182064,-12.499999999999993,4,0,1
0.7738748627881449,-5.0,5,0,1
1.1946532999164579,15.0,6,0,1
1.0097200622083982,29.33333333333333,-1,0,0
0.9738513261113186,21.33333333333333,7,0,1
1.0246075519728468,-13.5,-8,0,1
1.0783300198807158,6.833333333333343,-10,0,1
0.9835007173601148,28.16666666666667,-2,0,0
1.0506227400562476,-7.333333333333336,3,0,1
0.8931888544891641,-4.666666666666671,-4,0,1
0.8648648648648649,8.499999999999993,4,0,1
1.0088393543428131,5.833333333333329,3,0,1
1.0515970515970516,-21.33333333333333,1,0,0
1.332238385734397,8.166666666666671,-11,0,0
1.0751192368839428,-22.16666666666667,-6,0,0
0.9027500996412914,-12.833333333333336,1,0,0
0.7298652460043873,-23.333333333333336,0,0,0
0.7272727272727273,-40.0,-1,0,0
1.0159517901453385,12.0,2,0,1
0.8603703703703703,16.166666666666664,-7,0,0
1.2599571734475374,14.333333333333329,0,0,0
0.8732541899441341,20.0,4,0,0
0.9737859905457671,-7.833333333333336,-4,0,0
1.1639024390243902,31.000000000000007,9,0,1
0.9858019953952417,-10.166666666666671,4,0,1
0.8607357357357357,-7.999999999999993,2,0,1
1.0314055917273075,-6.833333333333336,2,0,1
1.126174981923355,-8.0,2,0,1
1.0525268603263032,-5.5,5,0,1
0.8046576294751477,-16.16666666666667,0,0,1
0.9008944543828264,-7.0,0,0,0
0.9461946902654867,-8.5,-2,0,0
1.141905950894715,10.499999999999993,-10,0,0
0.8958333333333334,-15.5,-1,0,0
0.811891165602956,-28.16666666666667,3,0,0
1.0659062103929025,-5.166666666666671,-5,0,1
1.071013289036545,-5.833333333333336,-3,0,1
0.8962067528136723,-22.166666666666664,-7,0,1
0.7525184687709873,-18.166666666666664,-7,0,0
1.1780619773733398,-2.0,-3,0,1
0.7545682551056969,-14.499999999999993,-2,0,0
0.8543537680593518,-5.833333333333329,-6,0,0
0.7908309455587392,-22.166666666666657,-3,0,0
1.0103130755064458,-2.0,1,0,0
1.4024658740642888,37.16666666666667,1,0,1
1.2044145873320538,7.0,0,0,1
1.1919491525423729,25.83333333333333,5,0,1
1.0637860082304527,19.33333333333333,-1,0,1
0.8700787401574803,-1.3333333333333286,3,0,1
0.9887459807073955,-4.166666666666671,-2,0,0
1.2547958681751106,23.833333333333336,5,0,1
0.9760220125786163,8.666666666666671,15,0,1
1.186502507979936,13.999999999999993,-1,0,0
0.8795366795366796,0.3333333333333357,-1,0,1
1.1472760849492152,11.666666666666664,-1,0,1
0.8294776119402985,-4.5,5,0,0
1.0254901960784313,8.166666666666664,9,0,1
0.9513201320132013,25.0,5,0,1
1.1951313755795983,29.0,1,0,1
0.9526315789473684,-5.666666666666671,-7,0,0
0.9133889551052841,-36.0,0,0,1
0.8183409170458523,4.0,3,0,1
0.7468216491100618,-24.5,-4,0,1
1.1229166666666666,32.16666666666667,1,0,0
0.9708112206216831,5.833333333333343,-5,0,1
0.853585657370518,-15.5,-2,0,0
0.9320160750167448,-14.499999999999993,3,0,0
1.1576440017323517,-7.5,-1,0,1
0.965302782324059,-7.833333333333329,7,0,0
0.8990401706363313,-20.833333333333336,-9,0,1
0.9963636363636363,12.5,13,0,1
0.7992902208201893,-18.66666666666667,-5,0,0
1.0519005847953216,-7.5,-4,0,0
0.9576427255985267,-8.833333333333336,1,0,0
0.8286014721345951,-9.5,4,0,0
0.9263692419296337,-11.333333333333343,-1,0,1
1.0445836403831983,-15.333333333333329,3,0,1
0.9469063545150501,-8.333333333333329,-4,0,0
0.8585892676341546,-6.166666666666664,-1,0,1
0.8074636723910171,-11.666666666666671,-6,0,0
0.9601518026565465,13.666666666666671,2,0,1
0.9081442915582001,-1.1666666666666714,-6,0,0
1.1299322439218813,8.333333333333329,-2,0,0
1.437799043062201,24.833333333333336,6,0,1
0.7599009900990099,-4.0,2,0,0
1.0253384241582784,-2.6666666666666714,-4,0,0
1.2184615384615385,19.833333333333336,4,0,1
1.2361404993652136,16.999999999999993,1,0,0
1.0434472934472934,-24.333333333333336,0,0,1
1.080224628961091,-9.666666666666671,-7,0,1
1.301639344262295,4.0,-7,0,0
1.0102544625902012,-2.1666666666666714,0,0,1
0.9900662251655629,22.33333333333333,-6,0,1
0.9426356589147287,-4.666666666666671,-5,0,0
1.005420054200542,12.5,7,0,1
1.1247706422018349,-15.499999999999993,0,0,0
1.0173285198555957,15.666666666666664,-2,0,0
0.8633561643835617,-17.16666666666667,0,0,0
0.9834133566128328,5.166666666666671,1,0,0
0.9626540971718637,-8.833333333333343,3,0,0
0.7157064471879286,-15.833333333333336,10,0,0
0.924264705882353,5.166666666666671,1,0,0
0.8652100840336134,15.000000000000007,0,0,1
0.8994555353901996,-17.0,0,0,0
1.0308894678079643,7.166666666666657,6,0,1
0.7563451776649747,-7.333333333333336,2,0,0
0.7257443082311734,-23.16666666666667,-1,0,1
0.8176733780760627,-13.333333333333329,0,0,0
0.9396777819408018,-8.999999999999993,1,0,0
0.9204946996466431,-15.166666666666664,5,0,0
1.153061224489796,37.99999999999999,-3,0,0
1.4708761625061184,20.5,3,0,1
1.132462686567164,-8.5,5,0,1
0.9884345311854605,-10.666666666666664,-4,0,1
1.2874527906000839,16.666666666666664,5,0,1
0.848130081300813,-13.666666666666664,-3,0,0
1.0115676106900677,-20.333333333333336,0,0,1
1.1540024380333198,-7.0,-3,0,0
0.9931918301962355,7.499999999999993,4,0,0
0.8888888888888888,-1.1666666666666714,-4,0,1
1.064453125,1.0,-8,0,1
0.802018093249826,-34.99999999999999,1,0,0
1.2242710120068612,41.0,1,0,1
0.9129474149359258,10.5,-1,0,1
1.1108545034642032,11.333333333333336,-4,0,1
1.1206070287539935,20.166666666666664,-4,0,1
1.015092712376024,-11.0,2,0,0
0.9724113221067717,9.0,2,0,0
0.8191275167785235,12.333333333333336,-6,0,0
0.8804540617240156,-14.833333333333336,-5,0,0
0.9942315615986815,-2.5,-1,0,0
0.998158379373849,22.83333333333333,2,0,1
0.8386983904828551,0.8333333333333286,-2,0,0
0.9592511013215859,10.833333333333343,-2,0,0
1.2178510998307952,33.333333333333336,-6,0,0
1.0786604361370717,11.5,2,0,0
0.8473389355742297,-34.0,3,0,0
1.032299192520187,-11.5,-6,0,0
1.114012184508268,7.833333333333329,3,0,1
0.901188455008489,-10.0,1,0,0
1.0206008583690986,-14.0,-8,0,0
0.8276690696876072,-13.166666666666671,-2,0,0
1.0705267740531128,0.5,1,0,0
0.7924594785059902,-9.0,3,0,0
1.0318754633061527,23.16666666666667,2,0,0
1.1729957805907174,27.166666666666664,-2,0,0
1.1257710760795065,12.833333333333343,-2,0,1
0.8574928542262148,-15.833333333333336,-1,0,0
0.9761206535400084,2.000000000000007,-1,0,1
1.204019719378081,-14.166666666666657,2,0,1
1.0330578512396693,21.333333333333336,6,0,1
0.9059120403749099,9.833333333333336,5,0,1
0.832408435072142,2.8333333333333286,2,0,0
0.8432330827067669,-10.666666666666671,6,0,0
1.2112266112266112,-13.166666666666664,4,0,1
0.8803245436105477,0.3333333333333286,-3,0,0
0.9601181683899557,-4.0,3,0,0
0.7824752812819639,-6.000000000000007,0,0,0
1.0027624309392265,-1.3333333333333286,-6,0,0
1.0774410774410774,-25.499999999999993,3,0,1
1.0940366972477065,9.666666666666657,-2,0,1
0.970566037735849,-24.5,0,0,1
0.7391304347826086,5.5,-6,0,1
1.0152246565168956,1.6666666666666643,-4,0,1
1.056715242221347,-5.0,-2,0,0
0.9321192052980133,3.0,-5,0,0
0.8901172529313233,-20.16666666666667,-2,0,1
0.7806528662420382,-22.333333333333336,-1,0,0
1.0911913077221576,3.0,2,0,0
1.088110811850712,-1.3333333333333357,6,0,1
1.0575783234546994,-7.666666666666671,-7,0,0
0.8430802760624773,-3.1666666666666643,1,0,0
1.2607833415964302,12.666666666666664,3,0,1
0.933976833976834,13.666666666666664,-4,0,0
1.212825278810409,-2.0,12,0,1
0.9846422338568935,32.166666666666664,-4,0,0
1.1553748870822043,17.333333333333336,4,0,1
1.0364689843217452,-21.500000000000007,-5,0,0
1.0796812749003983,9.666666666666664,2,0,0
1.0888888888888888,13.666666666666664,-4,0,0
1.193168433451119,9.0,5,0,1
0.8417095370003957,-13.666666666666671,4,0,1
1.0846740050804402,-12.666666666666664,3,0,1
1.4440993788819876,38.833333333333336,4,0,1
1.0434248258910284,11.333333333333336,2,0,0
1.0296515937731654,18.999999999999993,-5,0,1
0.8840057636887608,-2.8333333333333357,-5,0,0
1.0928338762214984,2.8333333333333286,-3,0,1
0.9630996309963099,-9.666666666666671,1,0,1
0.8648298217179903,-12.500000000000007,0,0,0
1.0564547966837743,19.666666666666664,-4,0,0
1.0165475742760437,-0.3333333333333286,-4,0,0
1.202183406113537,0.3333333333333286,-4,0,1
1.2359550561797752,20.5,-3,0,0
0.8644133644133644,-8.999999999999993,0,0,1
0.9931943853679286,20.166666666666664,3,0,0
1.0158013544018059,-8.0,3,0,1
1.0873362445414847,-25.666666666666664,3,0,1
0.7613825191093386,-36.49999999999999,5,0,1
0.9839357429718876,-17.000000000000007,-5,0,0
0.7354200988467875,-21.166666666666664,0,0,0
1.2428290766208252,24.16666666666667,1,0,1
0.9812477461233321,0.3333333333333286,-2,0,1
0.73432944606414,-13.333333333333336,-2,0,0
1.1317183951551855,0.0,-4,0,0
1.019966015293118,-2.1666666666666643,2,0,1
1.0722060957910013,-1.3333333333333428,1,0,0
1.0394629780309195,-8.333333333333329,-2,0,0
0.9429327286470144,22.0,3,0,1
0.8306583688175565,1.8333333333333428,3,0,1
0.7639984968057122,-43.5,8,0,0
0.9316239316239316,2.5,-1,0,0
1.0787658802177857,7.166666666666664,2,0,1
0.9747242647058824,7.833333333333336,-1,0,0
1.0551811288963775,-19.16666666666667,-1,0,1
0.8346531517263225,-19.66666666666667,1,0,1
1.0696028313016124,8.333333333333329,-6,0,0
0.9851116625310173,-24.16666666666667,-1,0,1
1.0193929173693086,3.3333333333333286,-6,0,1
1.4758454106280192,20.666666666666664,6,0,1
1.065743944636678,1.6666666666666643,-5,0,0
1.1933333333333334,22.33333333333333,0,0,0
1.2107317073170731,28.33333333333333,-6,0,1
0.9552845528455285,-10.666666666666671,-15,0,0
1.012415349887133,7.166666666666657,-1,0,1
1.0471588712794744,2.5,-1,0,0
1.0516873131140538,12.833333333333343,-8,0,1
0.8526955201214882,-15.333333333333329,1,0,0
0.6983914209115282,-30.666666666666664,-1,0,1
1.3445535296867694,22.499999999999993,-8,0,1
0.8895326380842024,-17.333333333333336,-1,0,1
0.9533809323813524,-15.5,-5,0,1
0.9505672609400324,-10.833333333333336,2,0,0
1.2749546279491832,19.33333333333333,4,0,0
0.9466424682395644,-6.166666666666671,-13,0,0
1.1772260273972603,40.333333333333336,1,0,1
0.8932155760738659,-15.500000000000007,-3,0,0
0.977184841453983,-6.166666666666671,-2,0,0
1.193840579710145,42.5,1,0,1
1.0039651070578905,-14.166666666666657,-4,0,1
0.9103877103145575,-2.999999999999993,-3,0,0
0.914958238420653,9.5,-3,0,0
0.8271646859083192,-21.000000000000007,5,0,0
0.8257403189066059,18.66666666666667,-10,0,0
1.121766812574612,-12.333333333333343,2,0,0
0.7618248909761824,-17.500000000000007,2,0,0
1.0197424892703864,14.833333333333329,-7,0,0
0.9240456513183786,-3.499999999999993,-1,0,0
1.0413184772516249,9.166666666666671,-2,0,1
1.2232645403377111,22.166666666666664,4,0,1
1.0172,6.5,-3,0,0
1.5028306742151312,-3.1666666666666643,-9,0,1
0.8234179613489958,2.1666666666666714,2,0,0
1.1000427533133819,-4.0,-1,0,1
1.392532312111058,-5.0,-2,0,0
0.8554164868364265,-10.166666666666664,-3,0,1
0.83991683991684,-6.166666666666671,3,0,0
1.0086682427107958,6.666666666666657,0,0,1
0.8535071384233396,-16.833333333333343,0,0,1
0.9959839357429718,9.666666666666657,-2,0,1
0.9011164274322169,-4.0,0,0,0
1.0273117440499415,0.6666666666666714,-3,0,0
0.9089535323007178,-18.666666666666664,0,0,1
0.9927159209157128,-13.166666666666671,0,0,1
0.987991718426501,-8.666666666666664,-1,0,0
1.1927710843373494,11.0,8,0,0
0.9514984227129337,14.166666666666664,-1,0,0
1.0443764345830144,29.0,1,0,1
0.8335115864527629,-24.333333333333336,1,0,0
0.839022498060512,1.5,-2,0,0
0.9488029465930018,-0.8333333333333286,2,0,1
0.9396145610278372,-4.166666666666671,-4,0,1
0.9489347311464322,-11.666666666666671,0,0,0
1.0488611315209404,13.0,5,0,1
0.9640697260761295,-31.333333333333336,0,0,0
0.826601882781658,3.0,2,0,0
0.8486254908961085,-22.66666666666667,0,0,1
1.009444242644388,-38.66666666666667,-1,0,1
1.062308478038815,-4.166666666666657,1,0,0
0.9397370343316289,1.3333333333333428,-3,0,1
1.1466723187791437,26.66666666666667,8,0,1
0.9377358490566038,13.333333333333343,0,0,1
0.853555005305978,-22.0,-5,0,0
0.9715909090909091,5.166666666666671,-6,0,1
1.0495689655172413,-7.666666666666664,5,0,1
0.8828435266084194,-0.8333333333333357,3,0,0
1.018836192398251,-7.166666666666664,-1,0,1
1.1950757575757576,-13.666666666666671,0,0,1
1.3083700440528634,8.0,2,0,1
0.8282753515914137,-5.666666666666664,5,0,0
1.168763557483731,39.333333333333336,2,0,1
0.8278145695364238,-31.499999999999993,-3,0,0
1.1171638564634674,38.833333333333336,-5,0,1
1.0,18.33333333333333,4,0,0
1.4487065120428189,0.8333333333333286,-4,0,0
1.1719298245614036,-13.999999999999993,1,0,1
1.133276740237691,10.666666666666671,1,0,1
0.7594394706111327,-23.333333333333336,-2,0,0
0.8600066822586034,2.6666666666666714,-4,0,1
1.0894819466248038,10.666666666666657,3,0,0
0.9113351877607788,4.666666666666671,-7,0,1
1.2292732855680655,21.499999999999993,2,0,1
1.1488095238095237,2.8333333333333286,0,0,1
0.8071968014215904,11.5,12,0,1
1.2841399137517968,-1.3333333333333357,3,0,1
0.9596563317146058,-2.8333333333333286,1,0,1
1.4029785370127026,12.166666666666671,1,0,1
0.9375557537912578,-1.5,0,0,0
1.3401109057301295,6.166666666666664,-6,0,0
1.076020851433536,21.333333333333336,2,0,0
1.1587167581257916,-1.1666666666666643,-7,0,0
1.3849004168596573,8.666666666666671,-5,0,1
0.7847606642787366,-22.0,-2,0,1
0.9501445086705202,-6.666666666666664,-3,0,0
1.1135303265940901,11.666666666666671,0,0,1
0.9568896051571314,-11.666666666666664,-2,0,0
1.3213935230618252,24.5,5,0,0
1.300956937799043,24.166666666666664,-7,0,0
0.8320907617504052,-2.6666666666666714,7,0,0
1.0204379562043795,22.333333333333336,-1,0,1
0.8312773577397533,6.5,-1,0,0
0.8252911813643927,-5.666666666666664,0,0,0
1.13755929279862,18.83333333333333,0,0,0
1.128515794028559,12.333333333333336,-3,0,1
1.0579044117647058,-4.5,4,0,0
0.9038112522686026,-16.666666666666664,0,0,1
1.4057971014492754,61.333333333333336,0,0,1
1.1822700911350457,9.666666666666671,6,0,1
0.8065405831363278,-22.833333333333336,-7,0,0
0.9632521819016996,1.3333333333333286,1,0,0
0.9288242233582383,-9.833333333333329,2,0,0
0.8704761904761905,-8.166666666666664,-4,0,0
0.9797421731123389,26.833333333333336,3,0,1
0.8610283159463488,0.8333333333333428,3,0,0
0.9218466012359142,20.0,7,0,1
0.837770678026269,-21.000000000000007,-1,0,0
0.8596083637570527,-5.666666666666671,-2,0,1
1.0449136276391555,33.333333333333336,-1,0,0
1.2598039215686274,14.0,-4,0,1
0.8967184801381692,-7.833333333333329,6,0,0
1.0334460729049229,-11.333333333333343,-6,0,1
1.3802631578947369,36.833333333333336,8,0,1
1.0251188051595383,-1.0,2,0,1
1.0943929003630497,19.333333333333343,1,0,1
0.7901184156798693,5.666666666666664,1,0,0
1.0333472280116716,11.166666666666664,5,0,0
0.8359866716031099,-42.833333333333336,0,0,1
1.1563063063063064,19.999999999999993,2,0,1
0.9805045871559633,17.0,4,0,0
0.7383512544802867,-43.5,4,0,0
1.1764705882352942,4.500000000000007,-6,0,0
0.886484568996098,0.0,-2,0,1
1.1711827956989247,12.000000000000007,-6,0,1
1.1165371809101,-6.833333333333336,-2,0,0
0.95,-10.333333333333336,-3,0,0
0.8061389337641357,-14.999999999999993,-1,0,1
1.1004585243851606,37.0,-2,0,1
0.9601990049751243,-10.5,2,0,0
0.9763358778625955,22.333333333333336,1,0,0
0.9332844574780058,2.1666666666666643,3,0,0
1.0305126118795769,-16.66666666666667,2,0,1
0.821524064171123,-33.666666666666664,2,0,0
0.9494482022071912,-2.0,3,0,1
0.8637200736648251,-21.666666666666664,0,0,1
1.1731289449954914,4.666666666666664,-3,0,0
0.9747866563227308,-8.833333333333336,-3,0,1
1.5604203152364273,13.166666666666664,5,0,1
1.048590021691974,7.333333333333336,1,0,1
0.9698771304003171,16.999999999999993,2,0,1
1.0224971878515186,-7.333333333333329,0,0,0
1.1278276481149012,3.5,1,0,0
0.9161904761904762,-13.333333333333343,0,0,1
1.0,-13.666666666666657,0,0,1
0.7152103559870551,-23.66666666666667,-5,0,0
1.0312006319115323,-2.3333333333333286,8,0,0
1.1196996466431095,5.666666666666664,-2,0,0
1.088506711409396,10.833333333333329,5,0,1
0.9081081081081082,-3.5,1,0,0
0.990395697272378,19.166666666666664,-9,0,0
0.8457466918714556,-18.166666666666664,0,0,0
1.0695617209489345,-12.000000000000007,2,0,1
1.0104610616040295,-10.0,-1,0,1
1.0675883256528418,-6.5,-2,0,1
0.9438282647584973,11.5,2,0,0
1.0468431771894093,8.5,9,0,0
1.1925274725274726,12.000000000000007,2,0,1
0.938544961590601,12.833333333333336,-3,0,0
0.9016100178890877,-29.66666666666667,4,0,0
0.9737887212073074,14.5,1,0,1
0.9317538896746818,-5.5,13,0,1
1.0536770921386307,4.166666666666671,3,0,0
1.130078125,-13.0,-7,0,0
0.9097514340344168,10.5,2,0,0
0.9914563106796116,-1.8333333333333286,0,0,0
0.9553752535496958,-15.166666666666671,-1,0,1
0.8473032069970845,-20.83333333333333,-6,0,0
0.8805374001452433,-15.333333333333336,-2,0,0
1.3028446389496717,31.66666666666667,7,0,0
1.0837301587301587,18.0,1,0,1
1.0893328307576329,5.0,3,0,0
0.9719495091164095,5.833333333333329,0,0,1
1.199554565701559,8.333333333333329,0,0,1
1.0381679389312977,8.833333333333336,4,0,0
1.0517038777908343,11.499999999999993,5,0,1
0.75792188651437,-31.33333333333333,4,0,0
1.1823960880195599,0.8333333333333357,-4,0,1
0.7114164904862579,-5.0,1,0,0
0.775503355704698,-31.666666666666664,-8,0,0
1.124716553287982,6.333333333333329,-7,0,0
1.0141193081539004,0.5,3,0,1
1.2293344637558288,19.66666666666667,3,0,0
1.0964426877470357,27.499999999999993,7,0,1
1.1381941500635864,30.16666666666667,7,0,1
0.910056657223796,4.5,-1,0,0
1.0100524475524475,3.1666666666666643,0,0,0
0.7797716150081566,-37.00000000000001,-1,0,0
0.7122944960686205,-24.83333333333333,2,0,0
0.9522961908152368,-3.5,-4,0,1
1.4031578947368422,27.166666666666664,1,0,0
0.9732429539778809,28.5,10,0,1
1.0424778761061948,0.1666666666666572,-3,0,0
0.7601809954751131,-17.33333333333333,-2,0,0
0.9144366197183098,-21.5,-4,0,1
1.073903002309469,1.0,0,0,1
0.9662110858010631,-10.833333333333329,-5,0,0
1.0458244111349035,-12.666666666666671,2,0,1
0.7543071161048689,-31.666666666666664,-10,0,0
1.263681592039801,6.0,-1,0,0
1.25810635538262,-4.333333333333336,10,0,1
0.935243328100471,8.5,-1,0,1
1.0109533468559837,-1.8333333333333286,0,0,0
1.1677715451300357,5.0,-1,0,0
0.8341355053683821,13.166666666666664,0,0,1
1.0088144557073602,-2.666666666666657,-2,0,0
0.8652796725784447,18.33333333333333,0,0,0
1.0380912515696945,-1.6666666666666643,0,0,1
1.2037325038880249,-8.166666666666671,7,0,1
0.7551487414187643,1.3333333333333286,3,0,0
1.004255319148936,-9.999999999999993,0,0,0
0.9046686255305256,5.166666666666671,3,0,0
0.9922543823889115,-11.5,0,0,1
1.1738945578231292,26.666666666666664,5,0,1
0.7276652274991697,-1.0,-5,0,0
1.1229469732519943,-2.3333333333333357,-6,0,1
1.41,24.0,2,0,1
1.015600624024961,26.166666666666664,-4,0,1
0.9242150848069289,-0.6666666666666714,-2,0,1
0.7336024217961655,-15.833333333333329,2,0,0
1.2412891986062717,-1.8333333333333428,-3,0,0
0.8029411764705883,-6.0,3,0,1
1.0056887444128404,-10.833333333333336,4,0,1
0.875,-2.666666666666657,2,0,0
1.1269654088050314,6.5,3,0,1
0.9878811571540266,32.33333333333333,-1,0,1
0.9273866568374494,-0.3333333333333357,-3,0,0
0.9368613138686132,-14.5,1,0,0
0.8832173240525909,-28.333333333333336,1,0,0
0.9078254326561325,-4.5,-2,0,0
1.2734607218683651,19.166666666666664,2,0,0
0.8261578604044357,-13.666666666666671,2,0,0
0.944043321299639,-8.5,-5,0,0
0.9565068493150685,4.0,1,0,1
0.8485515218188485,-9.166666666666671,-4,0,0
1.2462101411395714,37.333333333333336,0,0,1
1.030557677616501,14.666666666666657,5,0,0
0.960427807486631,6.333333333333336,-4,0,0
0.9293929712460064,6.833333333333329,-3,0,1
1.2097714029583146,22.33333333333333,7,0,1
1.1923855812069664,-4.666666666666671,-4,0,1
0.8475671997277986,17.999999999999993,2,0,1
1.2050264550264551,28.5,3,0,0
1.315579227696405,9.166666666666671,0,0,1
1.2162162162162162,23.5,8,0,1
0.9478957915831663,3.6666666666666714,-2,0,1
1.0086490939044481,6.000000000000007,2,0,1
0.9092656670511342,8.333333333333336,-4,0,0
1.1335841956726247,-11.000000000000007,0,0,1
1.2461468721668179,26.166666666666664,0,0,1
1.1155378486055776,4.666666666666657,-1,0,1
0.921591804570528,-5.0,-7,0,0
0.9634464751958225,-14.5,4,0,0
0.8784153005464481,15.5,-7,0,0
0.8221859706362153,-8.499999999999993,0,0,0
0.9953966005665722,-37.00000000000001,1,0,1
0.8614310645724258,-34.5,4,0,0
0.9763337344564781,5.5,-3,0,0
0.9198396793587175,19.16666666666667,4,0,1
1.0603119584055458,9.833333333333329,1,0,1
0.860148032723023,-3.6666666666666714,0,0,0
0.9465769687376335,-5.166666666666671,-3,0,1
1.1701030927835052,-5.5,-4,0,1
1.0476190476190477,14.666666666666671,0,0,0
0.9173754556500607,-29.5,3,0,1
1.4397590361445782,12.333333333333336,1,0,1
0.8707945597709377,-17.66666666666667,-1,0,1
0.8357225881441301,-0.1666666666666643,-8,0,0
1.084859813084112,-12.666666666666671,1,0,1
0.9264469453376206,-13.666666666666664,-5,0,0
1.0044559970293354,-13.166666666666664,-1,0,0
1.0715807413719642,-1.1666666666666714,-9,0,1
1.1000396982929734,37.833333333333336,-2,0,1
1.0467625899280575,1.1666666666666714,0,0,0
1.3060081466395113,3.8333333333333357,-2,0,1
0.9090173877881116,-3.6666666666666643,-3,0,0
0.9773234200743495,-13.5,-2,0,1
1.1914404049700875,14.500000000000007,-2,0,1
1.2579403272377285,22.333333333333336,-7,0,1
0.9899888765294772,5.833333333333329,3,0,1
0.8437622983077528,-8.833333333333336,-1,0,1
1.0048563334682314,1.1666666666666572,1,0,1
1.0342812621737436,6.0,2,0,1
0.9723134678554669,-18.166666666666664,1,0,1
1.109270040304523,15.666666666666671,2,0,1
0.8736301369863013,-31.83333333333333,-4,0,0
0.9716981132075472,15.666666666666664,4,0,0
0.9708480565371025,-0.9999999999999929,-2,0,0
0.9715362076182503,0.6666666666666714,3,0,0
0.8414067684140677,-23.666666666666664,6,0,0
0.7970632530120482,-1.3333333333333286,-1,0,1
1.036105476673428,-3.8333333333333286,-3,0,1
1.1662611516626116,10.5,-2,0,1
1.170871013802951,12.0,4,0,1
1.3914081145584725,22.499999999999993,-1,0,1
0.7133655394524959,-14.833333333333329,2,0,1
0.8698010849909584,-13.166666666666671,-7,0,0
0.9651527016444792,-9.0,0,0,0
1.0494714587737843,8.166666666666664,-1,0,1
1.0051440329218106,-15.0,5,0,0
1.1956034096007178,-14.666666666666664,-3,0,1
0.8481365377917102,5.333333333333329,4,0,0
0.9180952380952381,-8.5,-2,0,1
1.0869047619047618,25.666666666666664,6,0,1
0.9300924065889916,15.333333333333336,2,0,0
0.9035639412997903,-10.0,2,0,0
0.983232251159472,8.0,4,0,0
0.8470244614822928,-1.3333333333333286,2,0,0
0.9292006525285481,-29.16666666666667,-6,0,0
1.027112676056338,14.0,2,0,0
1.438665358194308,27.166666666666664,-1,0,1
0.9470842332613391,-31.166666666666664,3,0,0
1.0165413533834586,12.833333333333329,-4,0,1
0.9948400412796697,-18.83333333333333,0,0,1
0.8689108910891089,18.166666666666657,3,0,1
0.8674242424242424,4.0,5,0,1
1.0134199134199133,-12.5,2,0,1
0.8251104565537555,-11.666666666666664,-3,0,0
0.9316081330868762,26.166666666666657,10,0,0
0.6973544973544974,-25.333333333333336,-5,0,0
1.097612065354001,14.500000000000007,-2,0,1
0.8613382899628252,9.500000000000007,-4,0,0
1.0146305779078273,-13.166666666666664,-1,0,1
1.0993788819875776,-4.833333333333343,-5,0,1
1.1954177897574123,1.6666666666666643,1,0,0
0.8975720789074355,-6.0,0,0,1
0.9634055265123226,1.6666666666666714,6,0,1
0.8175105485232067,-12.0,-1,0,0
0.9501187648456056,5.0,6,0,1
1.039626168224299,1.3333333333333286,-3,0,1
1.16137339055794,7.833333333333329,-2,0,1
0.9564553093964858,6.166666666666657,1,0,0
0.9444444444444444,9.833333333333343,3,0,0
1.2505263157894737,13.0,-8,0,0
1.136542669584245,5.5,-5,0,1
1.017037037037037,5.833333333333329,-1,0,0
0.9526381387619444,40.99999999999999,0,0,1
1.0061863173216885,-16.666666666666664,3,0,0
0.9279475982532751,11.666666666666664,2,0,0
1.3160621761658031,22.0,0,0,1
1.2340627973358707,35.166666666666664,-1,0,1
1.0446096654275092,19.0,1,0,0
1.0548159749412687,-2.6666666666666714,3,0,0
1.2287793047696038,24.166666666666664,-1,0,1
1.0316888728844076,21.0,-6,0,0
1.0817164179104477,-10.666666666666671,-3,0,1
1.4546436285097193,-7.833333333333343,-1,0,1
0.9124773960216999,-39.50000000000001,-2,0,1
1.2259090909090908,6.666666666666664,-4,0,0
0.9851463521188292,12.5,4,0,0
1.1241801486663752,3.3333333333333357,-1,0,1
0.8410641200545702,6.833333333333343,3,0,0
1.0041384499623778,0.6666666666666714,-4,0,1
0.9370735405610311,-37.666666666666664,-2,0,0
0.8498293515358362,-19.33333333333333,1,0,0
1.2476,12.166666666666657,-1,0,0
1.0792970424346335,6.833333333333343,-2,0,1
0.9208529092880375,3.1666666666666643,-4,0,1
1.076440177252585,13.833333333333343,3,0,0
1.118150019432569,11.000000000000007,2,0,0
1.2966346153846153,40.166666666666664,4,0,0
1.0809523809523809,12.833333333333336,4,0,1
0.8089734874235214,-21.000000000000007,4,0,0
0.9693454846727423,-16.833333333333336,3,0,1
0.8933923705722071,-9.500000000000007,5,0,0
1.1273209549071619,26.333333333333336,4,0,1
0.9543795620437956,-2.3333333333333286,-4,0,0
0.8067653276955603,-33.166666666666664,5,0,1
1.2124844977263332,29.0,1,0,1
1.106191061910619,5.666666666666671,1,0,0
0.9558610709117221,0.0,2,0,1
0.9062259800153728,-11.333333333333329,2,0,0
1.2092930897537728,28.333333333333343,2,0,1
0.8718848718848718,-22.833333333333336,1,0,0
0.9895977808599168,-30.0,2,0,0
0.9590192644483363,12.333333333333336,4,0,1
0.8892204401342783,-6.0,-6,0,1
1.049741345005969,5.666666666666671,-4,0,0
1.058115400581154,-16.5,2,0,0
1.232174688057041,11.5,6,0,1
1.0011627906976743,19.33333333333333,2,0,0
1.0755725190839696,-3.3333333333333286,-2,0,1
0.7633802816901408,-13.333333333333336,-6,0,0
1.004950495049505,17.166666666666664,1,0,0
0.8137882018479033,-1.1666666666666714,2,0,0
1.0690537084398977,1.1666666666666643,0,0,0
0.9458892617449665,12.5,-8,0,0
0.8173770491803278,-5.5,6,0,1
0.9393389030148929,28.66666666666667,4,0,0
0.9420909444228527,12.666666666666664,4,0,0
0.8688811188811189,-26.666666666666664,-2,0,1
0.936980306345733,8.166666666666664,-5,0,1
1.1134259259259258,7.833333333333336,3,0,1
0.8920517560073937,-12.166666666666664,-3,0,0
0.8977505112474438,14.166666666666671,-2,0,1
0.9888682745825603,16.833333333333336,2,0,1
0.8275618374558303,15.333333333333336,10,0,0
1.2237911852802739,16.0,1,0,0
0.8792411528639182,-6.0,9,0,1
1.0016960651289009,-26.5,7,0,1
0.9826565143824028,-6.0,1,0,0
0.9402640264026403,-26.499999999999993,4,0,1
0.9325317301269205,-10.5,4,0,1
1.3658413340070743,9.0,-4,0,1
1.2779941577409932,17.666666666666664,4,0,1
0.8331024930747922,-19.333333333333336,-2,0,0
0.830078125,11.166666666666657,1,0,0
0.9081081081081082,-22.333333333333343,-2,0,0
1.2860169491525424,34.50000000000001,5,0,1
1.1239530988274706,-3.3333333333333286,11,0,1
0.9620626151012891,-21.333333333333336,-1,0,1
1.019031141868512,-10.0,-3,0,0
1.2504826254826256,11.5,-2,0,0
1.0309572301425662,14.0,-1,0,1
0.9654538772510106,-6.5,1,0,1
0.8116773540330746,-11.666666666666671,-4,0,1
1.012,7.833333333333343,0,0,0
0.7842387146136189,-40.5,0,0,0
1.0250737463126844,3.0,-1,0,1
1.098178939034046,-5.0,-2,0,1
0.9031262060980316,3.1666666666666714,-7,0,0
0.912781954887218,10.5,-4,0,0
0.9490627546862266,3.0,-5,0,1
0.8403361344537815,-1.1666666666666643,-3,0,0
0.9277821625887924,-9.166666666666671,-4,0,1
0.929769392033543,-4.166666666666657,1,0,0
